file,offset,where,object_value,nearest_name,orig_byte,new_byte
corrupted/print/text/AI_Development_MultiLanguage(print)_stream_zlib.pdf,940806,object syntax,other,,111,58
corrupted/print/text/AI_Development_MultiLanguage(print)_stream_zlib.pdf,948411,object syntax,array,,53,254
corrupted/print/text/AeroChef_Drone_Delivery_Cooking_Service(print)_stream_zlib.pdf,1270862,object syntax,other,,106,86
corrupted/print/text/AeroChef_Drone_Delivery_Cooking_Service(print)_stream_zlib.pdf,1271877,object syntax,dict,/Length,32,46
corrupted/print/text/AeroChef_Drone_Delivery_Cooking_Service(print)_stream_zlib.pdf,1276555,object syntax,other,,98,124
corrupted/print/text/AeroChef_Drone_Delivery_Cooking_Service(print)_stream_zlib.pdf,1287522,object syntax,array,,32,163
corrupted/print/text/AeroChef_Drone_Delivery_Cooking_Service(print)_stream_zlib.pdf,1289924,object syntax,array,,32,147
corrupted/print/text/Aurora_VR_AR_Game_Lineup_Multilingual(print)_stream_zlib.pdf,2073339,object syntax,array,,53,209
corrupted/print/text/Autonomous_Vehicle_Accident_Report(print)_stream_zlib.pdf,1247969,object syntax,array,,54,28
corrupted/print/text/Autonomous_Vehicle_Accident_Report(print)_stream_zlib.pdf,1253043,object syntax,array,,55,144
corrupted/print/text/Autonomous_Vehicle_Accident_Report(print)_stream_zlib.pdf,1256108,object syntax,array,,54,204
corrupted/print/text/BioNext_Data_Leak_Report(print)_stream_zlib.pdf,791654,object syntax,dict,/B,97,29
corrupted/print/text/BioNext_Data_Leak_Report(print)_stream_zlib.pdf,945325,object syntax,array,,54,4
corrupted/print/text/BioNext_Data_Leak_Report(print)_stream_zlib.pdf,946569,object syntax,array,,32,33
corrupted/print/text/BioNext_Data_Leak_Report(print)_stream_zlib.pdf,960372,object syntax,array,,54,250
corrupted/print/text/Digital_Minimalism(print)_stream_zlib.pdf,1375479,object syntax,dict,/CMap,10,234
corrupted/print/text/E-Payment_Service_Outage_Report(print)_stream_zlib.pdf,1312213,object syntax,array,,57,181
corrupted/print/text/E-Payment_Service_Outage_Report(print)_stream_zlib.pdf,1314322,object syntax,array,,57,241
corrupted/print/text/E-Payment_Service_Outage_Report(print)_stream_zlib.pdf,1321833,object syntax,array,,57,30
corrupted/print/text/E-Payment_Service_Outage_Report(print)_stream_zlib.pdf,1324105,object syntax,array,,55,137
corrupted/print/text/E-Payment_Service_Outage_Report(print)_stream_zlib.pdf,1326346,object syntax,array,,49,167
corrupted/print/text/E-Payment_Service_Outage_Report(print)_stream_zlib.pdf,1334269,object syntax,array,,32,200
corrupted/print/text/EcoWave_Sustainable_Fashion_Collection(print)_stream_zlib.pdf,753967,object syntax,array,,52,138
corrupted/print/text/EcoWave_Sustainable_Fashion_Collection(print)_stream_zlib.pdf,757777,object syntax,array,,56,127
corrupted/print/text/EcoWave_Sustainable_Fashion_Collection(print)_stream_zlib.pdf,766321,object syntax,array,,49,239
corrupted/print/text/EcoWave_Sustainable_Fashion_Collection(print)_stream_zlib.pdf,768681,object syntax,array,,48,61
corrupted/print/text/EduBot_AI_Learning_Robot_Series(print)_stream_zlib.pdf,29844,object syntax,dict,/DescendantFonts,60,67
corrupted/print/text/EduBot_AI_Learning_Robot_Series(print)_stream_zlib.pdf,1240436,object syntax,dict,/Le,110,7
corrupted/print/text/EduBot_AI_Learning_Robot_Series(print)_stream_zlib.pdf,1242078,object syntax,dict,/Length,51,159
corrupted/print/text/EduBot_AI_Learning_Robot_Series(print)_stream_zlib.pdf,1251746,object syntax,array,,52,182
corrupted/print/text/EduBot_AI_Learning_Robot_Series(print)_stream_zlib.pdf,1255092,object syntax,array,,53,139
corrupted/print/text/EduBot_AI_Learning_Robot_Series(print)_stream_zlib.pdf,1256399,object syntax,other,,32,226
corrupted/print/text/Evolution_Biodegradable_Plastics(print)_stream_zlib.pdf,1117029,object syntax,array,,57,115
corrupted/print/text/Evolution_Biodegradable_Plastics(print)_stream_zlib.pdf,1135978,object syntax,array,,49,56
corrupted/print/text/Evolution_Biodegradable_Plastics(print)_stream_zlib.pdf,1137125,object syntax,array,,53,132
corrupted/print/text/Evolution_Biodegradable_Plastics(print)_stream_zlib.pdf,1138252,object syntax,array,,32,23
corrupted/print/text/Evolution_Biodegradable_Plastics(print)_stream_zlib.pdf,1143527,object syntax,array,,56,114
corrupted/print/text/Evolution_Biodegradable_Plastics(print)_stream_zlib.pdf,1145850,object syntax,array,,32,231
corrupted/print/text/Evolution_Food_Culture_Alternative_Foods(print)_stream_zlib.pdf,693736,object syntax,dict,/Type0,84,252
corrupted/print/text/Evolution_Food_Culture_Alternative_Foods(print)_stream_zlib.pdf,1317074,object syntax,array,,32,115
corrupted/print/text/Evolution_Food_Culture_Alternative_Foods(print)_stream_zlib.pdf,1318815,object syntax,array,,54,235
corrupted/print/text/Evolution_Food_Culture_Alternative_Foods(print)_stream_zlib.pdf,1342097,object syntax,array,,45,74
corrupted/print/text/Evolution_Food_Culture_Alternative_Foods(print)_stream_zlib.pdf,1344792,object syntax,array,,32,248
corrupted/print/text/International_Logistics_Fire_Report(print)_stream_zlib.pdf,1090795,object syntax,dict,/Supple,109,101
corrupted/print/text/International_Logistics_Fire_Report(print)_stream_zlib.pdf,1197542,object syntax,array,,53,169
corrupted/print/text/International_Logistics_Fire_Report(print)_stream_zlib.pdf,1204335,object syntax,array,,48,50
corrupted/print/text/International_Logistics_Fire_Report(print)_stream_zlib.pdf,1212088,object syntax,array,,32,160
corrupted/print/text/Lumina_Interior_Lighting_Designbook(print)_stream_zlib.pdf,796705,object syntax,array,,49,147
corrupted/print/text/Lumina_Interior_Lighting_Designbook(print)_stream_zlib.pdf,803314,object syntax,array,,32,188
corrupted/print/text/NeoHome_Smart_Appliances_Catalog_v5(print)_stream_zlib.pdf,43960,object syntax,dict,/Supplem,101,154
corrupted/print/text/NeoHome_Smart_Appliances_Catalog_v5(print)_stream_zlib.pdf,1150627,object syntax,dict,/CIDFont,84,182
corrupted/print/text/NeoHome_Smart_Appliances_Catalog_v5(print)_stream_zlib.pdf,1385402,object syntax,array,,50,251
corrupted/print/text/NeoHome_Smart_Appliances_Catalog_v5(print)_stream_zlib.pdf,1386297,object syntax,dict,/Length,10,143
corrupted/print/text/New_Care_Models_Aging_Society(print)_stream_zlib.pdf,1325712,between objects,,,101,168
corrupted/print/text/New_Care_Models_Aging_Society(print)_stream_zlib.pdf,1326832,object syntax,array,,48,220
corrupted/print/text/Next_Decade_Space_Exploration(print)_stream_zlib.pdf,317579,object syntax,dict,/Registry,54,112
corrupted/print/text/Next_Decade_Space_Exploration(print)_stream_zlib.pdf,627777,object syntax,dict,/St,101,49
corrupted/print/text/Next_Decade_Space_Exploration(print)_stream_zlib.pdf,647665,object syntax,array,,32,196
corrupted/print/text/Next_Decade_Space_Exploration(print)_stream_zlib.pdf,650990,object syntax,array,,32,132
corrupted/print/text/Next_Decade_Space_Exploration(print)_stream_zlib.pdf,676035,object syntax,dict,/Length,10,242
corrupted/print/text/OceanQuest_Modular_Water_Leisure_Equipment_Guide(print)_stream_zlib.pdf,1116924,object syntax,dict,/Fon,116,248
corrupted/print/text/OceanQuest_Modular_Water_Leisure_Equipment_Guide(print)_stream_zlib.pdf,1751498,object syntax,dict,/Length,55,247
corrupted/print/text/OceanQuest_Modular_Water_Leisure_Equipment_Guide(print)_stream_zlib.pdf,1770136,object syntax,array,,55,118
corrupted/print/text/OceanQuest_Modular_Water_Leisure_Equipment_Guide(print)_stream_zlib.pdf,1771357,object syntax,array,,55,171
corrupted/print/text/OceanQuest_Modular_Water_Leisure_Equipment_Guide(print)_stream_zlib.pdf,1781360,between objects,,,106,173
corrupted/print/text/PetPal_Smart_PetCare_Products(print)_stream_zlib.pdf,110286,object syntax,other,,48,173
corrupted/print/text/PetPal_Smart_PetCare_Products(print)_stream_zlib.pdf,870942,object syntax,dict,/FlateDecode,47,149
corrupted/print/text/PetPal_Smart_PetCare_Products(print)_stream_zlib.pdf,1638767,object syntax,array,,32,125
corrupted/print/text/PetPal_Smart_PetCare_Products(print)_stream_zlib.pdf,1645445,object syntax,array,,32,248
corrupted/print/text/PetPal_Smart_PetCare_Products(print)_stream_zlib.pdf,1649324,object syntax,array,,50,42
corrupted/print/text/Quantum_Computing_Race(print)_stream_zlib.pdf,1154353,object syntax,dict,/MediaBox,91,205
corrupted/print/text/Quantum_Computing_Race(print)_stream_zlib.pdf,1155363,object syntax,array,,54,5
corrupted/print/text/Quantum_Computing_Race(print)_stream_zlib.pdf,1159666,object syntax,array,,49,160
corrupted/print/text/Quantum_Computing_Race(print)_stream_zlib.pdf,1176071,object syntax,array,,54,78
corrupted/print/text/Quantum_Computing_Race(print)_stream_zlib.pdf,1179967,object syntax,array,,55,134
corrupted/print/text/Quantum_Computing_Race(print)_stream_zlib.pdf,1181316,object syntax,array,,52,112
corrupted/print/text/Quantum_Computing_Race(print)_stream_zlib.pdf,1183373,object syntax,other,,52,111
corrupted/print/text/Quantum_Computing_Race(print)_stream_zlib.pdf,1184320,between objects,,,101,231
corrupted/print/text/Robots_Automation_Future_Work(print)_stream_zlib.pdf,1036169,object syntax,array,,48,232
corrupted/print/text/Robots_Automation_Future_Work(print)_stream_zlib.pdf,1042452,object syntax,array,,54,75
corrupted/print/text/Robots_Automation_Future_Work(print)_stream_zlib.pdf,1045983,object syntax,array,,52,238
corrupted/print/text/Security_Breach_Investigation_Report(print)_stream_zlib.pdf,1468073,object syntax,array,,50,23
corrupted/print/text/Security_Breach_Investigation_Report(print)_stream_zlib.pdf,1476260,between objects,,,111,22
corrupted/print/text/Security_Breach_Investigation_Report(print)_stream_zlib.pdf,1479392,object syntax,array,,32,51
corrupted/print/text/Security_Breach_Investigation_Report(print)_stream_zlib.pdf,1480656,object syntax,array,,54,229
corrupted/print/text/Security_Breach_Investigation_Report(print)_stream_zlib.pdf,1484432,object syntax,array,,54,81
corrupted/print/text/SkyGarden_Indoor_Vertical_Garden_Solutions(print)_stream_zlib.pdf,789461,object syntax,dict,/CapHeight,47,144
corrupted/print/text/SkyGarden_Indoor_Vertical_Garden_Solutions(print)_stream_zlib.pdf,1403793,object syntax,dict,/Fla,116,42
corrupted/print/text/SkyGarden_Indoor_Vertical_Garden_Solutions(print)_stream_zlib.pdf,1487967,object syntax,array,,57,138
corrupted/print/text/SkyGarden_Indoor_Vertical_Garden_Solutions(print)_stream_zlib.pdf,1498269,object syntax,other,,91,178
corrupted/print/text/SkyGarden_Indoor_Vertical_Garden_Solutions(print)_stream_zlib.pdf,1505852,object syntax,array,,49,40
corrupted/print/text/Sustainable_Fashion_Innovation(print)_stream_zlib.pdf,164387,object syntax,dict,/Ty,112,237
corrupted/print/text/Sustainable_Fashion_Innovation(print)_stream_zlib.pdf,1009714,object syntax,array,,48,232
corrupted/print/text/Sustainable_Fashion_Innovation(print)_stream_zlib.pdf,1016450,between objects,,,98,2
corrupted/print/text/Sustainable_Fashion_Innovation(print)_stream_zlib.pdf,1022692,object syntax,array,,48,40
corrupted/print/text/UrbanRide_Electric_Bike_Scooter_Series(print)_stream_zlib.pdf,1366778,object syntax,array,,32,205
corrupted/print/text/UrbanRide_Electric_Bike_Scooter_Series(print)_stream_zlib.pdf,1384421,object syntax,array,,56,96
corrupted/print/text/UrbanRide_Electric_Bike_Scooter_Series(print)_stream_zlib.pdf,1389249,object syntax,array,,51,184
corrupted/print/text/Urban_Fine_Particulate_Matter(print)_stream_zlib.pdf,299723,object syntax,dict,/FontDescriptor,47,189
corrupted/print/text/Urban_Fine_Particulate_Matter(print)_stream_zlib.pdf,652822,object syntax,array,,49,147
corrupted/print/text/Urban_Fine_Particulate_Matter(print)_stream_zlib.pdf,683100,object syntax,other,,48,148
corrupted/print/text/ai_ethics_responsible_use_guidelines_multilang(print)_stream_zlib.pdf,279073,object syntax,dict,/CID,70,225
corrupted/print/text/ai_ethics_responsible_use_guidelines_multilang(print)_stream_zlib.pdf,717981,object syntax,dict,/CropBox,32,137
corrupted/print/text/ai_ethics_responsible_use_guidelines_multilang(print)_stream_zlib.pdf,723201,object syntax,array,,32,95
corrupted/print/text/ai_ethics_responsible_use_guidelines_multilang(print)_stream_zlib.pdf,729819,object syntax,array,,49,86
corrupted/print/text/ai_ethics_responsible_use_guidelines_multilang(print)_stream_zlib.pdf,732659,object syntax,array,,50,147
corrupted/print/text/ai_ethics_responsible_use_guidelines_multilang(print)_stream_zlib.pdf,736322,object syntax,other,,57,119
corrupted/print/text/ai_ethics_responsible_use_guidelines_multilang(print)_stream_zlib.pdf,743073,object syntax,array,,51,194
corrupted/print/text/climate_crisis_preparedness_community_action_guidelines_multilang(print)_stream_zlib.pdf,1705365,object syntax,dict,/Lengt,104,63
corrupted/print/text/climate_crisis_preparedness_community_action_guidelines_multilang(print)_stream_zlib.pdf,1723295,object syntax,array,,51,167
corrupted/print/text/confidential_doc_leak_collusion_investigation(print)_stream_zlib.pdf,282874,object syntax,dict,/Sup,112,154
corrupted/print/text/confidential_doc_leak_collusion_investigation(print)_stream_zlib.pdf,1203116,object syntax,array,,57,123
corrupted/print/text/confidential_doc_leak_collusion_investigation(print)_stream_zlib.pdf,1209352,object syntax,other,,53,108
corrupted/print/text/confidential_doc_leak_collusion_investigation(print)_stream_zlib.pdf,1215703,object syntax,array,,56,57
corrupted/print/text/digital_data_security_guidelines(print)_stream_zlib.pdf,613036,object syntax,dict,/Length,109,113
corrupted/print/text/digital_data_security_guidelines(print)_stream_zlib.pdf,666305,object syntax,dict,/F,111,62
corrupted/print/text/digital_data_security_guidelines(print)_stream_zlib.pdf,780572,between objects,,,101,117
corrupted/print/text/digital_data_security_guidelines(print)_stream_zlib.pdf,791882,object syntax,array,,57,214
corrupted/print/text/digital_data_security_guidelines(print)_stream_zlib.pdf,793469,object syntax,array,,55,42
corrupted/print/text/digital_data_security_guidelines(print)_stream_zlib.pdf,798432,object syntax,array,,55,207
corrupted/print/text/educational_technology_elearning_safety_guidelines_multilang(print)_stream_zlib.pdf,697871,object syntax,array,,48,115
corrupted/print/text/educational_technology_elearning_safety_guidelines_multilang(print)_stream_zlib.pdf,707642,object syntax,array,,32,217
corrupted/print/text/educational_technology_elearning_safety_guidelines_multilang(print)_stream_zlib.pdf,713749,object syntax,dict,/Length,51,217
corrupted/print/text/global_cloud_datacenter_cooling_failure_report(print)_stream_zlib.pdf,41713,object syntax,dict,/Ordering,82,225
corrupted/print/text/global_cloud_datacenter_cooling_failure_report(print)_stream_zlib.pdf,430139,object syntax,dict,/Length,32,34
corrupted/print/text/global_cloud_datacenter_cooling_failure_report(print)_stream_zlib.pdf,1040509,object syntax,dict,/CropBox,48,34
corrupted/print/text/global_cloud_datacenter_cooling_failure_report(print)_stream_zlib.pdf,1046055,object syntax,dict,/L,101,177
corrupted/print/text/global_cloud_datacenter_cooling_failure_report(print)_stream_zlib.pdf,1054804,object syntax,array,,56,25
corrupted/print/text/global_cloud_datacenter_cooling_failure_report(print)_stream_zlib.pdf,1060277,object syntax,array,,32,120
corrupted/print/text/global_cloud_datacenter_cooling_failure_report(print)_stream_zlib.pdf,1061631,object syntax,array,,55,117
corrupted/print/text/green_energy_sustainable_living_guidelines_multilang(print)_stream_zlib.pdf,1395418,object syntax,array,,54,168
corrupted/print/text/green_energy_sustainable_living_guidelines_multilang(print)_stream_zlib.pdf,1401606,object syntax,array,,54,3
corrupted/print/text/health_wellbeing_digital_age_guidelines_multilang(print)_stream_zlib.pdf,222087,object syntax,dict,/Lengt,104,239
corrupted/print/text/health_wellbeing_digital_age_guidelines_multilang(print)_stream_zlib.pdf,439122,object syntax,array,,48,247
corrupted/print/text/health_wellbeing_digital_age_guidelines_multilang(print)_stream_zlib.pdf,443898,object syntax,array,,57,21
corrupted/print/text/health_wellbeing_digital_age_guidelines_multilang(print)_stream_zlib.pdf,446993,object syntax,array,,52,20
corrupted/print/text/illegal_item_trading_money_laundering_in_games(print)_stream_zlib.pdf,1490907,object syntax,array,,52,189
corrupted/print/text/illegal_item_trading_money_laundering_in_games(print)_stream_zlib.pdf,1498679,object syntax,array,,48,102
corrupted/print/text/illegal_item_trading_money_laundering_in_games(print)_stream_zlib.pdf,1516536,object syntax,array,,48,34
corrupted/print/text/open_source_software_contribution_guidelines_multilang(print)_stream_zlib.pdf,1191501,object syntax,array,,48,160
corrupted/print/text/open_source_software_contribution_guidelines_multilang(print)_stream_zlib.pdf,1199986,object syntax,other,,54,123
corrupted/print/text/personal_finance_cyber_fraud_prevention_guidelines_multilang(print)_stream_zlib.pdf,1738792,object syntax,array,,48,96
corrupted/print/text/personal_finance_cyber_fraud_prevention_guidelines_multilang(print)_stream_zlib.pdf,1752455,object syntax,dict,/L,101,85
corrupted/print/text/remote_work_home_office_guidelines(print)_stream_zlib.pdf,1059032,object syntax,array,,32,149
corrupted/print/text/remote_work_home_office_guidelines(print)_stream_zlib.pdf,1062461,object syntax,array,,32,154
corrupted/print/text/remote_work_home_office_guidelines(print)_stream_zlib.pdf,1063954,object syntax,array,,51,22
corrupted/print/text/smart_city_data_privacy_guidelines_multilang(print)_stream_zlib.pdf,987992,object syntax,array,,32,113
corrupted/print/text/smart_city_data_privacy_guidelines_multilang(print)_stream_zlib.pdf,989313,object syntax,array,,32,81
corrupted/print/text/smart_city_data_privacy_guidelines_multilang(print)_stream_zlib.pdf,999408,object syntax,array,,52,204
corrupted/print/text/smart_city_data_privacy_guidelines_multilang(print)_stream_zlib.pdf,1007121,object syntax,array,,50,242
corrupted/print/text/smart_factory_robot_malfunction_analysis(print)_stream_zlib.pdf,70231,object syntax,dict,/CIDFont+F3,68,121
corrupted/print/text/smart_factory_robot_malfunction_analysis(print)_stream_zlib.pdf,1481975,object syntax,array,,51,91
corrupted/print/text/smart_factory_robot_malfunction_analysis(print)_stream_zlib.pdf,1486495,object syntax,array,,54,240
corrupted/print/text+img/global_agriculture_food_security_climate_impact(print)_stream_zlib.pdf,174085,object syntax,dict,/Ro,116,151
corrupted/print/text+img/global_agriculture_food_security_climate_impact(print)_stream_zlib.pdf,663238,object syntax,array,,52,239
corrupted/print/text+img/global_agriculture_food_security_climate_impact(print)_stream_zlib.pdf,671768,object syntax,array,,56,216
corrupted/print/text+img/global_agriculture_food_security_climate_impact(print)_stream_zlib.pdf,674100,object syntax,array,,32,112
corrupted/print/text+img/global_agriculture_food_security_climate_impact(print)_stream_zlib.pdf,676648,object syntax,array,,54,197
corrupted/print/text+img/global_ai_technology_investment_and_industry_adoption(print)_stream_zlib.pdf,724227,object syntax,dict,/XO,98,3
corrupted/print/text+img/global_ai_technology_investment_and_industry_adoption(print)_stream_zlib.pdf,865285,object syntax,array,,48,64
corrupted/print/text+img/global_ai_technology_investment_and_industry_adoption(print)_stream_zlib.pdf,874475,object syntax,array,,52,234
corrupted/print/text+img/global_ai_technology_investment_and_industry_adoption(print)_stream_zlib.pdf,877620,object syntax,array,,51,241
corrupted/print/text+img/global_ai_technology_investment_and_industry_adoption(print)_stream_zlib.pdf,888401,between objects,,,101,234
corrupted/print/text+img/global_climate_change_indicators_and_ghg_emissions(print)_stream_zlib.pdf,1480373,object syntax,other,,98,6
corrupted/print/text+img/global_climate_change_indicators_and_ghg_emissions(print)_stream_zlib.pdf,1571256,object syntax,dict,/F4,10,177
corrupted/print/text+img/global_climate_change_indicators_and_ghg_emissions(print)_stream_zlib.pdf,1572385,object syntax,array,,32,21
corrupted/print/text+img/global_climate_change_indicators_and_ghg_emissions(print)_stream_zlib.pdf,1576643,between objects,,,100,160
corrupted/print/text+img/global_climate_change_indicators_and_ghg_emissions(print)_stream_zlib.pdf,1582789,object syntax,array,,52,230
corrupted/print/text+img/global_climate_change_indicators_and_ghg_emissions(print)_stream_zlib.pdf,1593902,object syntax,array,,32,191
corrupted/print/text+img/global_climate_change_indicators_and_ghg_emissions(print)_stream_zlib.pdf,1598607,object syntax,array,,51,2
corrupted/print/text+img/global_esports_and_gaming_industry_growth(print)_stream_zlib.pdf,776088,object syntax,dict,/StemV,49,88
corrupted/print/text+img/global_esports_and_gaming_industry_growth(print)_stream_zlib.pdf,1395781,object syntax,array,,57,47
corrupted/print/text+img/global_esports_and_gaming_industry_growth(print)_stream_zlib.pdf,1402507,object syntax,array,,54,128
corrupted/print/text+img/global_esports_and_gaming_industry_growth(print)_stream_zlib.pdf,1405555,object syntax,array,,49,200
corrupted/print/text+img/global_esports_and_gaming_industry_growth(print)_stream_zlib.pdf,1409252,object syntax,array,,50,227
corrupted/print/text+img/global_esports_and_gaming_industry_growth(print)_stream_zlib.pdf,1418619,object syntax,array,,53,218
corrupted/print/text+img/global_esports_and_gaming_industry_growth(print)_stream_zlib.pdf,1424976,object syntax,array,,32,243
corrupted/print/text+img/global_ev_market_growth_statistics(print)_stream_zlib.pdf,1228650,object syntax,dict,/F2,82,71
corrupted/print/text+img/global_ev_market_growth_statistics(print)_stream_zlib.pdf,1229884,object syntax,array,,49,158
corrupted/print/text+img/global_ev_market_growth_statistics(print)_stream_zlib.pdf,1237584,object syntax,array,,49,102
corrupted/print/text+img/global_ev_market_growth_statistics(print)_stream_zlib.pdf,1247079,object syntax,array,,32,210
corrupted/print/text+img/global_healthcare_digital_health_patient_data_trends(print)_stream_zlib.pdf,1516607,object syntax,array,,32,220
corrupted/print/text+img/global_healthcare_digital_health_patient_data_trends(print)_stream_zlib.pdf,1528261,object syntax,array,,32,72
corrupted/print/text+img/global_renewable_energy_generation_and_carbon_reduction_analysis(print)_stream_zlib.pdf,596292,object syntax,dict,/C,73,140
corrupted/print/text+img/global_renewable_energy_generation_and_carbon_reduction_analysis(print)_stream_zlib.pdf,1573527,object syntax,array,,52,118
corrupted/print/text+img/global_renewable_energy_generation_and_carbon_reduction_analysis(print)_stream_zlib.pdf,1578051,object syntax,array,,50,166
corrupted/print/text+img/global_renewable_energy_generation_and_carbon_reduction_analysis(print)_stream_zlib.pdf,1582785,object syntax,array,,49,80
corrupted/print/text+img/global_renewable_energy_generation_and_carbon_reduction_analysis(print)_stream_zlib.pdf,1591535,object syntax,array,,32,135
corrupted/print/text+img/global_renewable_energy_generation_and_carbon_reduction_analysis(print)_stream_zlib.pdf,1600486,object syntax,array,,48,155
corrupted/print/text+img/international_tourism_trends_country_spending_patterns_multilang(print)_stream_zlib.pdf,1278023,object syntax,array,,54,154
corrupted/print/text+img/international_tourism_trends_country_spending_patterns_multilang(print)_stream_zlib.pdf,1280154,object syntax,array,,32,156
corrupted/print/text+img/international_tourism_trends_country_spending_patterns_multilang(print)_stream_zlib.pdf,1302367,object syntax,array,,10,102
corrupted/print/text+img/international_tourism_trends_country_spending_patterns_multilang(print)_stream_zlib.pdf,1306295,object syntax,array,,48,100
corrupted/print/text+img/mobile_payment_and_fintech_service_expansion(print)_stream_zlib.pdf,1133034,object syntax,dict,/Parent,82,213
corrupted/print/text+img/mobile_payment_and_fintech_service_expansion(print)_stream_zlib.pdf,1133829,object syntax,array,,32,45
corrupted/print/text+img/mobile_payment_and_fintech_service_expansion(print)_stream_zlib.pdf,1147581,object syntax,array,,52,89
corrupted/print/text+img/mobile_payment_and_fintech_service_expansion(print)_stream_zlib.pdf,1157714,object syntax,array,,57,190
corrupted/print/text+img/mobile_payment_and_fintech_service_expansion(print)_stream_zlib.pdf,1162825,object syntax,array,,50,158
corrupted/print/text+img/online_education_elearning_market_growth_analysis(print)_stream_zlib.pdf,2021995,object syntax,dict,/CIDFon,116,246
corrupted/saveas/text/AI_Development_MultiLanguage(saveas)_stream_zlib.pdf,6937,object syntax,dict,/Tran,115,50
corrupted/saveas/text/AI_Development_MultiLanguage(saveas)_stream_zlib.pdf,33259,object syntax,dict,/BCEJE,69,19
corrupted/saveas/text/AI_Development_MultiLanguage(saveas)_stream_zlib.pdf,43545,between objects,,,13,149
corrupted/saveas/text/AI_Development_MultiLanguage(saveas)_stream_zlib.pdf,110179,object syntax,array,,50,228
corrupted/saveas/text/AI_Development_MultiLanguage(saveas)_stream_zlib.pdf,169998,object syntax,array,,48,19
corrupted/saveas/text/AI_Development_MultiLanguage(saveas)_stream_zlib.pdf,250205,object syntax,dict,,47,120
corrupted/saveas/text/AI_Development_MultiLanguage(saveas)_stream_zlib.pdf,316891,object syntax,array,,32,137
corrupted/saveas/text/AeroChef_Drone_Delivery_Cooking_Service(saveas)_stream_zlib.pdf,9845,object syntax,dict,/Widths,13,192
corrupted/saveas/text/AeroChef_Drone_Delivery_Cooking_Service(saveas)_stream_zlib.pdf,27986,object syntax,dict,/BCE,74,213
corrupted/saveas/text/AeroChef_Drone_Delivery_Cooking_Service(saveas)_stream_zlib.pdf,57344,object syntax,dict,/Filte,114,172
corrupted/saveas/text/AeroChef_Drone_Delivery_Cooking_Service(saveas)_stream_zlib.pdf,62788,object syntax,array,,48,211
corrupted/saveas/text/AeroChef_Drone_Delivery_Cooking_Service(saveas)_stream_zlib.pdf,272323,object syntax,array,,48,149
corrupted/saveas/text/Aurora_VR_AR_Game_Lineup_Multilingual(saveas)_stream_zlib.pdf,290717,object syntax,other,,53,250
corrupted/saveas/text/Autonomous_Vehicle_Accident_Report(saveas)_stream_zlib.pdf,214227,object syntax,dict,/Filter,70,166
corrupted/saveas/text/Autonomous_Vehicle_Accident_Report(saveas)_stream_zlib.pdf,224312,object syntax,dict,/Le,110,55
corrupted/saveas/text/Autonomous_Vehicle_Accident_Report(saveas)_stream_zlib.pdf,248953,object syntax,array,,57,48
corrupted/saveas/text/Autonomous_Vehicle_Accident_Report(saveas)_stream_zlib.pdf,319656,object syntax,array,,48,32
corrupted/saveas/text/Autonomous_Vehicle_Accident_Report(saveas)_stream_zlib.pdf,336141,object syntax,array,,53,241
corrupted/saveas/text/BioNext_Data_Leak_Report(saveas)_stream_zlib.pdf,12771,object syntax,dict,/Typ,101,76
corrupted/saveas/text/BioNext_Data_Leak_Report(saveas)_stream_zlib.pdf,27953,object syntax,dict,/X,72,238
corrupted/saveas/text/BioNext_Data_Leak_Report(saveas)_stream_zlib.pdf,215101,object syntax,array,,48,91
corrupted/saveas/text/BioNext_Data_Leak_Report(saveas)_stream_zlib.pdf,328814,object syntax,array,,48,209
corrupted/saveas/text/Digital_Minimalism(saveas)_stream_zlib.pdf,9247,object syntax,dict,/FontN,97,193
corrupted/saveas/text/Digital_Minimalism(saveas)_stream_zlib.pdf,28769,object syntax,dict,/WinAnsiEncoding,70,244
corrupted/saveas/text/Digital_Minimalism(saveas)_stream_zlib.pdf,306554,object syntax,array,,32,86
corrupted/saveas/text/Digital_Minimalism(saveas)_stream_zlib.pdf,312563,object syntax,array,,32,3
corrupted/saveas/text/Digital_Minimalism(saveas)_stream_zlib.pdf,331775,object syntax,array,,49,37
corrupted/saveas/text/E-Payment_Service_Outage_Report(saveas)_stream_zlib.pdf,245797,object syntax,array,,52,39
corrupted/saveas/text/E-Payment_Service_Outage_Report(saveas)_stream_zlib.pdf,267391,object syntax,array,,32,23
corrupted/saveas/text/EcoWave_Sustainable_Fashion_Collection(saveas)_stream_zlib.pdf,104031,object syntax,dict,/Filt,101,8
corrupted/saveas/text/EcoWave_Sustainable_Fashion_Collection(saveas)_stream_zlib.pdf,334859,object syntax,array,,55,79
corrupted/saveas/text/EcoWave_Sustainable_Fashion_Collection(saveas)_stream_zlib.pdf,373673,object syntax,array,,32,241
corrupted/saveas/text/EduBot_AI_Learning_Robot_Series(saveas)_stream_zlib.pdf,12291,object syntax,dict,/Font,47,90
corrupted/saveas/text/EduBot_AI_Learning_Robot_Series(saveas)_stream_zlib.pdf,28596,object syntax,dict,/StemV,53,192
corrupted/saveas/text/EduBot_AI_Learning_Robot_Series(saveas)_stream_zlib.pdf,187163,object syntax,array,,56,74
corrupted/saveas/text/EduBot_AI_Learning_Robot_Series(saveas)_stream_zlib.pdf,205572,object syntax,array,,32,253
corrupted/saveas/text/EduBot_AI_Learning_Robot_Series(saveas)_stream_zlib.pdf,281875,object syntax,array,,52,176
corrupted/saveas/text/EduBot_AI_Learning_Robot_Series(saveas)_stream_zlib.pdf,316737,object syntax,other,,49,98
corrupted/saveas/text/EduBot_AI_Learning_Robot_Series(saveas)_stream_zlib.pdf,327843,object syntax,array,,32,193
corrupted/saveas/text/EduBot_AI_Learning_Robot_Series(saveas)_stream_zlib.pdf,328503,object syntax,dict,/F,105,234
corrupted/saveas/text/Evolution_Biodegradable_Plastics(saveas)_stream_zlib.pdf,34643,object syntax,dict,/Encodi,110,197
corrupted/saveas/text/Evolution_Biodegradable_Plastics(saveas)_stream_zlib.pdf,45367,object syntax,dict,/BCEOEE+Marhey-Lig,104,223
corrupted/saveas/text/Evolution_Biodegradable_Plastics(saveas)_stream_zlib.pdf,155144,object syntax,array,,55,26
corrupted/saveas/text/Evolution_Biodegradable_Plastics(saveas)_stream_zlib.pdf,250760,object syntax,array,,54,79
corrupted/saveas/text/Evolution_Biodegradable_Plastics(saveas)_stream_zlib.pdf,258923,object syntax,array,,56,236
corrupted/saveas/text/Evolution_Biodegradable_Plastics(saveas)_stream_zlib.pdf,351572,object syntax,array,,53,191
corrupted/saveas/text/Evolution_Food_Culture_Alternative_Foods(saveas)_stream_zlib.pdf,4796,object syntax,dict,/CapHeight,32,201
corrupted/saveas/text/Evolution_Food_Culture_Alternative_Foods(saveas)_stream_zlib.pdf,21870,object syntax,dict,/Descent,67,12
corrupted/saveas/text/Evolution_Food_Culture_Alternative_Foods(saveas)_stream_zlib.pdf,62281,object syntax,array,,51,91
corrupted/saveas/text/Evolution_Food_Culture_Alternative_Foods(saveas)_stream_zlib.pdf,320729,object syntax,array,,51,5
corrupted/saveas/text/Evolution_Food_Culture_Alternative_Foods(saveas)_stream_zlib.pdf,326592,object syntax,array,,32,240
corrupted/saveas/text/Evolution_Food_Culture_Alternative_Foods(saveas)_stream_zlib.pdf,337725,object syntax,array,,32,105
corrupted/saveas/text/International_Logistics_Fire_Report(saveas)_stream_zlib.pdf,160758,object syntax,array,,49,132
corrupted/saveas/text/International_Logistics_Fire_Report(saveas)_stream_zlib.pdf,210261,object syntax,array,,55,38
corrupted/saveas/text/International_Logistics_Fire_Report(saveas)_stream_zlib.pdf,221510,object syntax,array,,32,197
corrupted/saveas/text/International_Logistics_Fire_Report(saveas)_stream_zlib.pdf,289222,object syntax,array,,91,248
corrupted/saveas/text/Lumina_Interior_Lighting_Designbook(saveas)_stream_zlib.pdf,24606,object syntax,dict,/Fo,110,119
corrupted/saveas/text/Lumina_Interior_Lighting_Designbook(saveas)_stream_zlib.pdf,105872,object syntax,dict,/Fi,108,100
corrupted/saveas/text/Lumina_Interior_Lighting_Designbook(saveas)_stream_zlib.pdf,333113,object syntax,array,,48,18
corrupted/saveas/text/Lumina_Interior_Lighting_Designbook(saveas)_stream_zlib.pdf,377974,object syntax,array,,91,214
corrupted/saveas/text/Lumina_Interior_Lighting_Designbook(saveas)_stream_zlib.pdf,393051,object syntax,array,,50,253
corrupted/saveas/text/Lumina_Interior_Lighting_Designbook(saveas)_stream_zlib.pdf,410381,object syntax,array,,56,64
corrupted/saveas/text/NeoHome_Smart_Appliances_Catalog_v5(saveas)_stream_zlib.pdf,33339,object syntax,dict,/Encoding,47,51
corrupted/saveas/text/NeoHome_Smart_Appliances_Catalog_v5(saveas)_stream_zlib.pdf,294034,object syntax,array,,32,155
corrupted/saveas/text/New_Care_Models_Aging_Society(saveas)_stream_zlib.pdf,25207,object syntax,other,,98,110
corrupted/saveas/text/New_Care_Models_Aging_Society(saveas)_stream_zlib.pdf,265869,object syntax,array,,48,102
corrupted/saveas/text/New_Care_Models_Aging_Society(saveas)_stream_zlib.pdf,275997,object syntax,array,,32,48
corrupted/saveas/text/Next_Decade_Space_Exploration(saveas)_stream_zlib.pdf,9861,object syntax,dict,/XHeight,47,169
corrupted/saveas/text/Next_Decade_Space_Exploration(saveas)_stream_zlib.pdf,21606,object syntax,dict,/FontBBox,32,67
corrupted/saveas/text/Next_Decade_Space_Exploration(saveas)_stream_zlib.pdf,42576,object syntax,dict,/Encod,105,20
corrupted/saveas/text/Next_Decade_Space_Exploration(saveas)_stream_zlib.pdf,99997,object syntax,array,,49,40
corrupted/saveas/text/Next_Decade_Space_Exploration(saveas)_stream_zlib.pdf,281190,object syntax,other,,50,14
corrupted/saveas/text/Next_Decade_Space_Exploration(saveas)_stream_zlib.pdf,362991,object syntax,array,,57,9
corrupted/saveas/text/OceanQuest_Modular_Water_Leisure_Equipment_Guide(saveas)_stream_zlib.pdf,3702,object syntax,dict,/Encodi,110,169
corrupted/saveas/text/OceanQuest_Modular_Water_Leisure_Equipment_Guide(saveas)_stream_zlib.pdf,23900,object syntax,dict,/Filte,114,14
corrupted/saveas/text/OceanQuest_Modular_Water_Leisure_Equipment_Guide(saveas)_stream_zlib.pdf,103527,object syntax,dict,/Length,97,136
corrupted/saveas/text/OceanQuest_Modular_Water_Leisure_Equipment_Guide(saveas)_stream_zlib.pdf,173384,object syntax,array,,32,123
corrupted/saveas/text/OceanQuest_Modular_Water_Leisure_Equipment_Guide(saveas)_stream_zlib.pdf,187860,object syntax,array,,32,125
corrupted/saveas/text/PetPal_Smart_PetCare_Products(saveas)_stream_zlib.pdf,28683,object syntax,dict,/WinAnsiEnco,100,133
corrupted/saveas/text/PetPal_Smart_PetCare_Products(saveas)_stream_zlib.pdf,44919,object syntax,dict,/XHeight,50,16
corrupted/saveas/text/PetPal_Smart_PetCare_Products(saveas)_stream_zlib.pdf,293798,object syntax,array,,93,33
corrupted/saveas/text/PetPal_Smart_PetCare_Products(saveas)_stream_zlib.pdf,342525,object syntax,array,,48,23
corrupted/saveas/text/PetPal_Smart_PetCare_Products(saveas)_stream_zlib.pdf,392785,object syntax,array,,57,68
corrupted/saveas/text/Quantum_Computing_Race(saveas)_stream_zlib.pdf,220002,object syntax,array,,93,42
corrupted/saveas/text/Quantum_Computing_Race(saveas)_stream_zlib.pdf,306496,object syntax,array,,93,121
corrupted/saveas/text/Robots_Automation_Future_Work(saveas)_stream_zlib.pdf,31553,object syntax,dict,/FontBBox,93,136
corrupted/saveas/text/Robots_Automation_Future_Work(saveas)_stream_zlib.pdf,266278,between objects,,,98,7
corrupted/saveas/text/Robots_Automation_Future_Work(saveas)_stream_zlib.pdf,301664,object syntax,array,,57,0
corrupted/saveas/text/Robots_Automation_Future_Work(saveas)_stream_zlib.pdf,344913,object syntax,dict,/Fla,116,28
corrupted/saveas/text/Robots_Automation_Future_Work(saveas)_stream_zlib.pdf,358654,between objects,,,13,208
corrupted/saveas/text/Robots_Automation_Future_Work(saveas)_stream_zlib.pdf,369217,object syntax,array,,93,235
corrupted/saveas/text/Security_Breach_Investigation_Report(saveas)_stream_zlib.pdf,5187,object syntax,dict,/I,100,76
corrupted/saveas/text/Security_Breach_Investigation_Report(saveas)_stream_zlib.pdf,13377,object syntax,dict,/W,32,204
corrupted/saveas/text/Security_Breach_Investigation_Report(saveas)_stream_zlib.pdf,134337,object syntax,array,,57,88
corrupted/saveas/text/Security_Breach_Investigation_Report(saveas)_stream_zlib.pdf,188183,object syntax,array,,48,143
corrupted/saveas/text/Security_Breach_Investigation_Report(saveas)_stream_zlib.pdf,356571,object syntax,array,,48,37
corrupted/saveas/text/SkyGarden_Indoor_Vertical_Garden_Solutions(saveas)_stream_zlib.pdf,12539,object syntax,dict,/FontDescript,111,152
corrupted/saveas/text/SkyGarden_Indoor_Vertical_Garden_Solutions(saveas)_stream_zlib.pdf,359965,object syntax,array,,50,175
corrupted/saveas/text/SkyGarden_Indoor_Vertical_Garden_Solutions(saveas)_stream_zlib.pdf,382012,object syntax,array,,48,161
corrupted/saveas/text/Sustainable_Fashion_Innovation(saveas)_stream_zlib.pdf,12296,object syntax,dict,/FontBBo,120,153
corrupted/saveas/text/Sustainable_Fashion_Innovation(saveas)_stream_zlib.pdf,24367,object syntax,dict,/Flags,32,40
corrupted/saveas/text/Sustainable_Fashion_Innovation(saveas)_stream_zlib.pdf,178579,object syntax,dict,/Length,114,255
corrupted/saveas/text/Sustainable_Fashion_Innovation(saveas)_stream_zlib.pdf,231339,object syntax,array,,56,10
corrupted/saveas/text/Sustainable_Fashion_Innovation(saveas)_stream_zlib.pdf,248262,between objects,,,13,156
corrupted/saveas/text/Sustainable_Fashion_Innovation(saveas)_stream_zlib.pdf,322234,object syntax,array,,93,5
corrupted/saveas/text/UrbanRide_Electric_Bike_Scooter_Series(saveas)_stream_zlib.pdf,14836,object syntax,dict,/CI,68,150
corrupted/saveas/text/UrbanRide_Electric_Bike_Scooter_Series(saveas)_stream_zlib.pdf,150176,object syntax,array,,55,20
corrupted/saveas/text/UrbanRide_Electric_Bike_Scooter_Series(saveas)_stream_zlib.pdf,180046,object syntax,array,,32,23
corrupted/saveas/text/UrbanRide_Electric_Bike_Scooter_Series(saveas)_stream_zlib.pdf,230688,object syntax,array,,56,85
corrupted/saveas/text/UrbanRide_Electric_Bike_Scooter_Series(saveas)_stream_zlib.pdf,313299,object syntax,other,,111,38
corrupted/saveas/text/UrbanRide_Electric_Bike_Scooter_Series(saveas)_stream_zlib.pdf,345473,object syntax,array,,51,56
corrupted/saveas/text/UrbanRide_Electric_Bike_Scooter_Series(saveas)_stream_zlib.pdf,387878,object syntax,array,,51,44
corrupted/saveas/text/Urban_Fine_Particulate_Matter(saveas)_stream_zlib.pdf,11457,object syntax,dict,/FontFil,101,45
corrupted/saveas/text/Urban_Fine_Particulate_Matter(saveas)_stream_zlib.pdf,225938,object syntax,dict,/FlateDecod,101,158
corrupted/saveas/text/Urban_Fine_Particulate_Matter(saveas)_stream_zlib.pdf,265047,object syntax,array,,91,115
corrupted/saveas/text/Urban_Fine_Particulate_Matter(saveas)_stream_zlib.pdf,364741,object syntax,array,,32,168
corrupted/saveas/text/Urban_Fine_Particulate_Matter(saveas)_stream_zlib.pdf,378615,object syntax,array,,48,249
corrupted/saveas/text/Urban_Fine_Particulate_Matter(saveas)_stream_zlib.pdf,393043,object syntax,array,,55,91
corrupted/saveas/text/ai_ethics_responsible_use_guidelines_multilang(saveas)_stream_zlib.pdf,11934,between objects,,,101,48
corrupted/saveas/text/ai_ethics_responsible_use_guidelines_multilang(saveas)_stream_zlib.pdf,243510,object syntax,array,,32,154
corrupted/saveas/text/ai_ethics_responsible_use_guidelines_multilang(saveas)_stream_zlib.pdf,312348,object syntax,array,,52,57
corrupted/saveas/text/ai_ethics_responsible_use_guidelines_multilang(saveas)_stream_zlib.pdf,318418,object syntax,array,,32,114
corrupted/saveas/text/climate_crisis_preparedness_community_action_guidelines_multilang(saveas)_stream_zlib.pdf,4558,object syntax,dict,/Cap,72,177
corrupted/saveas/text/climate_crisis_preparedness_community_action_guidelines_multilang(saveas)_stream_zlib.pdf,221787,object syntax,array,,48,226
corrupted/saveas/text/climate_crisis_preparedness_community_action_guidelines_multilang(saveas)_stream_zlib.pdf,231245,object syntax,array,,32,103
corrupted/saveas/text/climate_crisis_preparedness_community_action_guidelines_multilang(saveas)_stream_zlib.pdf,283062,object syntax,array,,48,30
corrupted/saveas/text/climate_crisis_preparedness_community_action_guidelines_multilang(saveas)_stream_zlib.pdf,296841,object syntax,array,,56,46
corrupted/saveas/text/confidential_doc_leak_collusion_investigation(saveas)_stream_zlib.pdf,18689,object syntax,dict,/Ital,105,62
corrupted/saveas/text/confidential_doc_leak_collusion_investigation(saveas)_stream_zlib.pdf,77066,object syntax,dict,/Length,62,254
corrupted/saveas/text/confidential_doc_leak_collusion_investigation(saveas)_stream_zlib.pdf,165685,object syntax,array,,52,237
corrupted/saveas/text/confidential_doc_leak_collusion_investigation(saveas)_stream_zlib.pdf,221556,object syntax,array,,52,111
corrupted/saveas/text/confidential_doc_leak_collusion_investigation(saveas)_stream_zlib.pdf,230943,object syntax,array,,48,216
corrupted/saveas/text/digital_data_security_guidelines(saveas)_stream_zlib.pdf,42281,object syntax,dict,/Fo,110,230
corrupted/saveas/text/digital_data_security_guidelines(saveas)_stream_zlib.pdf,261096,object syntax,array,,32,187
corrupted/saveas/text/digital_data_security_guidelines(saveas)_stream_zlib.pdf,330124,object syntax,array,,32,237
corrupted/saveas/text/digital_data_security_guidelines(saveas)_stream_zlib.pdf,338744,object syntax,array,,93,147
corrupted/saveas/text/educational_technology_elearning_safety_guidelines_multilang(saveas)_stream_zlib.pdf,10574,object syntax,dict,/WinAnsiEnco,100,41
corrupted/saveas/text/educational_technology_elearning_safety_guidelines_multilang(saveas)_stream_zlib.pdf,282996,object syntax,dict,/FlateDeco,100,130
corrupted/saveas/text/educational_technology_elearning_safety_guidelines_multilang(saveas)_stream_zlib.pdf,342884,object syntax,array,,32,218
corrupted/saveas/text/educational_technology_elearning_safety_guidelines_multilang(saveas)_stream_zlib.pdf,399626,object syntax,array,,55,165
corrupted/saveas/text/global_cloud_datacenter_cooling_failure_report(saveas)_stream_zlib.pdf,253740,object syntax,array,,52,41
corrupted/saveas/text/global_cloud_datacenter_cooling_failure_report(saveas)_stream_zlib.pdf,281058,object syntax,dict,/Length,101,28
corrupted/saveas/text/global_cloud_datacenter_cooling_failure_report(saveas)_stream_zlib.pdf,306167,object syntax,array,,32,243
corrupted/saveas/text/global_cloud_datacenter_cooling_failure_report(saveas)_stream_zlib.pdf,313127,object syntax,array,,54,199
corrupted/saveas/text/global_cloud_datacenter_cooling_failure_report(saveas)_stream_zlib.pdf,346115,object syntax,array,,32,179
corrupted/saveas/text/green_energy_sustainable_living_guidelines_multilang(saveas)_stream_zlib.pdf,161917,object syntax,other,,32,55
corrupted/saveas/text/green_energy_sustainable_living_guidelines_multilang(saveas)_stream_zlib.pdf,205222,object syntax,array,,48,152
corrupted/saveas/text/green_energy_sustainable_living_guidelines_multilang(saveas)_stream_zlib.pdf,213261,object syntax,dict,/F,105,202
corrupted/saveas/text/green_energy_sustainable_living_guidelines_multilang(saveas)_stream_zlib.pdf,258784,object syntax,array,,48,81
corrupted/saveas/text/green_energy_sustainable_living_guidelines_multilang(saveas)_stream_zlib.pdf,281855,object syntax,array,,50,159
corrupted/saveas/text/green_energy_sustainable_living_guidelines_multilang(saveas)_stream_zlib.pdf,323287,object syntax,array,,32,158
corrupted/saveas/text/health_wellbeing_digital_age_guidelines_multilang(saveas)_stream_zlib.pdf,28462,object syntax,dict,/Ste,109,68
corrupted/saveas/text/health_wellbeing_digital_age_guidelines_multilang(saveas)_stream_zlib.pdf,166204,object syntax,array,,48,43
corrupted/saveas/text/illegal_item_trading_money_laundering_in_games(saveas)_stream_zlib.pdf,24928,object syntax,dict,/Descendan,116,212
corrupted/saveas/text/illegal_item_trading_money_laundering_in_games(saveas)_stream_zlib.pdf,40292,object syntax,dict,/Av,103,160
corrupted/saveas/text/illegal_item_trading_money_laundering_in_games(saveas)_stream_zlib.pdf,93581,object syntax,other,,111,67
corrupted/saveas/text/illegal_item_trading_money_laundering_in_games(saveas)_stream_zlib.pdf,149046,between objects,,,10,107
corrupted/saveas/text/illegal_item_trading_money_laundering_in_games(saveas)_stream_zlib.pdf,213581,object syntax,other,,13,122
corrupted/saveas/text/illegal_item_trading_money_laundering_in_games(saveas)_stream_zlib.pdf,247574,object syntax,other,,111,196
corrupted/saveas/text/illegal_item_trading_money_laundering_in_games(saveas)_stream_zlib.pdf,290239,object syntax,array,,48,111
corrupted/saveas/text/illegal_item_trading_money_laundering_in_games(saveas)_stream_zlib.pdf,313798,object syntax,other,,98,96
corrupted/saveas/text/illegal_item_trading_money_laundering_in_games(saveas)_stream_zlib.pdf,327789,object syntax,array,,48,163
corrupted/saveas/text/illegal_item_trading_money_laundering_in_games(saveas)_stream_zlib.pdf,391590,object syntax,array,,48,40
corrupted/saveas/text/messenger_app_data_misuse_investigation(saveas)_stream_zlib.pdf,32135,object syntax,dict,/ItalicAngl,101,1
corrupted/saveas/text/messenger_app_data_misuse_investigation(saveas)_stream_zlib.pdf,204128,object syntax,array,,48,16
corrupted/saveas/text/messenger_app_data_misuse_investigation(saveas)_stream_zlib.pdf,238903,object syntax,array,,91,10
corrupted/saveas/text/messenger_app_data_misuse_investigation(saveas)_stream_zlib.pdf,255777,object syntax,array,,32,4
corrupted/saveas/text/open_source_software_contribution_guidelines_multilang(saveas)_stream_zlib.pdf,28623,object syntax,dict,/First,67,126
corrupted/saveas/text/open_source_software_contribution_guidelines_multilang(saveas)_stream_zlib.pdf,119886,object syntax,array,,32,114
corrupted/saveas/text/open_source_software_contribution_guidelines_multilang(saveas)_stream_zlib.pdf,223085,object syntax,dict,/F,108,74
corrupted/saveas/text/open_source_software_contribution_guidelines_multilang(saveas)_stream_zlib.pdf,229805,object syntax,array,,53,69
corrupted/saveas/text/open_source_software_contribution_guidelines_multilang(saveas)_stream_zlib.pdf,291599,object syntax,array,,49,21
corrupted/saveas/text/personal_finance_cyber_fraud_prevention_guidelines_multilang(saveas)_stream_zlib.pdf,337139,object syntax,array,,32,35
corrupted/saveas/text/remote_work_home_office_guidelines(saveas)_stream_zlib.pdf,5140,object syntax,dict,/Ita,108,197
corrupted/saveas/text/remote_work_home_office_guidelines(saveas)_stream_zlib.pdf,332244,between objects,,,13,222
corrupted/saveas/text/smart_city_data_privacy_guidelines_multilang(saveas)_stream_zlib.pdf,41826,object syntax,dict,/Supplem,101,198
corrupted/saveas/text/smart_city_data_privacy_guidelines_multilang(saveas)_stream_zlib.pdf,272000,object syntax,array,,50,232
corrupted/saveas/text/smart_city_data_privacy_guidelines_multilang(saveas)_stream_zlib.pdf,352233,object syntax,dict,/ID,50,247
corrupted/saveas/text/smart_factory_robot_malfunction_analysis(saveas)_stream_zlib.pdf,34106,object syntax,dict,/Fo,110,27
corrupted/saveas/text/smart_factory_robot_malfunction_analysis(saveas)_stream_zlib.pdf,83228,object syntax,dict,/Length,50,205
corrupted/saveas/text/smart_factory_robot_malfunction_analysis(saveas)_stream_zlib.pdf,188936,object syntax,array,,49,37
corrupted/saveas/text/smart_factory_robot_malfunction_analysis(saveas)_stream_zlib.pdf,210492,object syntax,dict,/Fi,108,55
corrupted/saveas/text+img/global_agriculture_food_security_climate_impact(saveas)_stream_zlib.pdf,5008,object syntax,other,,13,204
corrupted/saveas/text+img/global_agriculture_food_security_climate_impact(saveas)_stream_zlib.pdf,56171,object syntax,dict,/FontBBox,32,154
corrupted/saveas/text+img/global_agriculture_food_security_climate_impact(saveas)_stream_zlib.pdf,79783,between objects,,,101,43
corrupted/saveas/text+img/global_agriculture_food_security_climate_impact(saveas)_stream_zlib.pdf,121018,object syntax,array,,32,93
corrupted/saveas/text+img/global_ai_technology_investment_and_industry_adoption(saveas)_stream_zlib.pdf,138419,between objects,,,98,57
corrupted/saveas/text+img/global_ai_technology_investment_and_industry_adoption(saveas)_stream_zlib.pdf,322105,object syntax,dict,/FlateDecode,76,28
corrupted/saveas/text+img/global_ai_technology_investment_and_industry_adoption(saveas)_stream_zlib.pdf,396302,object syntax,dict,/Length,10,167
corrupted/saveas/text+img/global_ai_technology_investment_and_industry_adoption(saveas)_stream_zlib.pdf,400765,object syntax,array,,32,127
corrupted/saveas/text+img/global_ai_technology_investment_and_industry_adoption(saveas)_stream_zlib.pdf,409302,object syntax,array,,32,240
corrupted/saveas/text+img/global_climate_change_indicators_and_ghg_emissions(saveas)_stream_zlib.pdf,36379,object syntax,other,,98,217
corrupted/saveas/text+img/global_climate_change_indicators_and_ghg_emissions(saveas)_stream_zlib.pdf,140110,object syntax,other,,53,125
corrupted/saveas/text+img/global_climate_change_indicators_and_ghg_emissions(saveas)_stream_zlib.pdf,152942,object syntax,array,,56,82
corrupted/saveas/text+img/global_climate_change_indicators_and_ghg_emissions(saveas)_stream_zlib.pdf,166531,object syntax,array,,53,127
corrupted/saveas/text+img/global_climate_change_indicators_and_ghg_emissions(saveas)_stream_zlib.pdf,321318,object syntax,array,,32,146
corrupted/saveas/text+img/global_climate_change_indicators_and_ghg_emissions(saveas)_stream_zlib.pdf,412831,object syntax,array,,32,194
corrupted/saveas/text+img/global_climate_change_indicators_and_ghg_emissions(saveas)_stream_zlib.pdf,432197,object syntax,array,,55,29
corrupted/saveas/text+img/global_esports_and_gaming_industry_growth(saveas)_stream_zlib.pdf,5489,object syntax,array,,32,183
corrupted/saveas/text+img/global_esports_and_gaming_industry_growth(saveas)_stream_zlib.pdf,523067,object syntax,dict,/In,102,230
corrupted/saveas/text+img/global_ev_market_growth_statistics(saveas)_stream_zlib.pdf,43458,object syntax,dict,/S,84,220
corrupted/saveas/text+img/global_ev_market_growth_statistics(saveas)_stream_zlib.pdf,274307,object syntax,array,,48,100
corrupted/saveas/text+img/global_ev_market_growth_statistics(saveas)_stream_zlib.pdf,379938,object syntax,array,,55,20
corrupted/saveas/text+img/global_healthcare_digital_health_patient_data_trends(saveas)_stream_zlib.pdf,2978863,object syntax,other,,48,200
corrupted/saveas/text+img/global_healthcare_digital_health_patient_data_trends(saveas)_stream_zlib.pdf,3025815,object syntax,array,,52,68
corrupted/saveas/text+img/global_renewable_energy_generation_and_carbon_reduction_analysis(saveas)_stream_zlib.pdf,3571,object syntax,dict,/TrueType,47,144
corrupted/saveas/text+img/global_renewable_energy_generation_and_carbon_reduction_analysis(saveas)_stream_zlib.pdf,204040,object syntax,dict,/Length,32,17
corrupted/saveas/text+img/international_tourism_trends_country_spending_patterns_multilang(saveas)_stream_zlib.pdf,86014,object syntax,dict,/B,97,143
corrupted/saveas/text+img/international_tourism_trends_country_spending_patterns_multilang(saveas)_stream_zlib.pdf,223157,object syntax,array,,56,157
corrupted/saveas/text+img/international_tourism_trends_country_spending_patterns_multilang(saveas)_stream_zlib.pdf,258767,object syntax,array,,91,156
corrupted/saveas/text+img/international_tourism_trends_country_spending_patterns_multilang(saveas)_stream_zlib.pdf,296121,object syntax,array,,32,182
corrupted/saveas/text+img/mobile_payment_and_fintech_service_expansion(saveas)_stream_zlib.pdf,89360,object syntax,dict,/Producer,0,215
corrupted/saveas/text+img/online_education_elearning_market_growth_analysis(saveas)_stream_zlib.pdf,93987,object syntax,other,,32,136
corrupted/saveas/text+img/online_education_elearning_market_growth_analysis(saveas)_stream_zlib.pdf,146036,object syntax,array,,93,39
corrupted/saveas/text+img/online_education_elearning_market_growth_analysis(saveas)_stream_zlib.pdf,362682,object syntax,dict,/FlateDecode,47,242
corrupted/saveas/text+img/online_education_elearning_market_growth_analysis(saveas)_stream_zlib.pdf,384394,object syntax,array,,91,185
