capture_len,capture_sha256,capture_starts_pdf,cc_truncated,fetched_length,file_name,first_mismatch,http_content_encoding,http_content_length,http_transfer_encoding,prefix_match,refetch_longer,refetch_prefix_sha256,status,url_id,warc_truncated,zip_file_size
1048576,99723a2ac9e7a6afa4cd8a73b14aade31db7bf499745094572e296e7eeeabdb5,True,length,6234641,0000155.pdf,,,1048576,,True,True,99723a2ac9e7a6afa4cd8a73b14aade31db7bf499745094572e296e7eeeabdb5,ok,35225,length,6234641
1048576,481a2cf02872c177488ff611c1721982694b0beac81c6b4341683a9846fd3ea3,True,length,3368713,0000520.pdf,,,1048576,,True,True,481a2cf02872c177488ff611c1721982694b0beac81c6b4341683a9846fd3ea3,ok,148424,length,3368713
1048576,118a641f36675714e827a0335c22e7b13e6dbf5ef01bc3d60acb1eb1186955c0,True,length,58291,0000819.pdf,0,,1048576,,False,False,0006803dcace36380bd9b1881fc5ca5298269a8064d9e049a453b18a2e56629a,ok,231762,length,58291
1048576,49e518d892dc336e3bcff6e1b3e6d98f7c3047bcd1aad74621bd444c9935c55e,True,length,3644782,0000440.pdf,,,1048576,,True,True,49e518d892dc336e3bcff6e1b3e6d98f7c3047bcd1aad74621bd444c9935c55e,ok,233875,length,3644782
1048576,f3401370220e9c26cebf9036c6a8ec990d0d71d2473df3c3afa96d347e831162,True,length,1752567,0000622.pdf,,,1048576,,True,True,f3401370220e9c26cebf9036c6a8ec990d0d71d2473df3c3afa96d347e831162,ok,302547,length,1752567
1048576,68bc27f8d7e24175b2115f7f5b6b1c3384f681e03f6f1eb79735ed059be0b7d6,True,length,3203235,0000023.pdf,,,1048576,,True,True,68bc27f8d7e24175b2115f7f5b6b1c3384f681e03f6f1eb79735ed059be0b7d6,ok,324831,length,3203235
1048576,259cd83564524a9c58ce88ed010d9ea7fe29a1a27fe703c86212bcab46dfb722,True,length,1504759,0000147.pdf,,,1048576,,True,True,259cd83564524a9c58ce88ed010d9ea7fe29a1a27fe703c86212bcab46dfb722,ok,392314,length,1504759
1048576,bc1b499b3a86fee573991ec49d086cf364e25fd893a06175a2dfb166d2276e30,True,length,1441137,0000384.pdf,,,1048576,,True,True,bc1b499b3a86fee573991ec49d086cf364e25fd893a06175a2dfb166d2276e30,ok,399596,length,1441137
1048576,cfa7e4f05a5d927301d856cfb96574cf3e1d475622ee0f2fb8b180af45b547ad,True,length,1831588,0000912.pdf,,,1048576,,True,True,cfa7e4f05a5d927301d856cfb96574cf3e1d475622ee0f2fb8b180af45b547ad,ok,399734,length,1831588
1048576,f899e40bbc3825a307f0cd60451527d3e0cc7a6b9497888d5e04cc4bc8075b7b,True,length,1362156,0000833.pdf,,,1048576,,True,True,f899e40bbc3825a307f0cd60451527d3e0cc7a6b9497888d5e04cc4bc8075b7b,ok,474059,length,1362156
,,,length,13013713,0000707.pdf,,,,,,,,error: HTTPError: HTTP Error 403: Forbidden,498983,,
1048576,f8be158aa58e4df3a3f69b700c3e886bb7aaacf81e5fee1644839d7230d5b148,True,length,6145651,0000107.pdf,,,1048576,,True,True,f8be158aa58e4df3a3f69b700c3e886bb7aaacf81e5fee1644839d7230d5b148,ok,504883,length,6145651
1048576,7dbca641825bebade8f0d13b58f8b589a4672af96ea1af74ce97b6fef9b71a7a,True,length,1371122,0000967.pdf,,,1048576,,True,True,7dbca641825bebade8f0d13b58f8b589a4672af96ea1af74ce97b6fef9b71a7a,ok,584770,length,1371122
1048576,ea71bb7b4add78c2191f6e6b64b625e5b435397282ddfe888e4fd5bd9059c230,True,length,5176026,0000471.pdf,,,1048576,,True,True,ea71bb7b4add78c2191f6e6b64b625e5b435397282ddfe888e4fd5bd9059c230,ok,586866,length,5176026
1048576,79f042df2e4cd923312f01be16f2d85491f22cca5ff62488b2d4ee245db73a64,True,length,1360113,0000996.pdf,,,1048576,,True,True,79f042df2e4cd923312f01be16f2d85491f22cca5ff62488b2d4ee245db73a64,ok,624905,length,1360113
1048576,6a0c465288a55eb89c2be5dac51bb5a00bbffa217a629e26b2ae433df8e70923,True,length,1750363,0000579.pdf,,,1048576,,True,True,6a0c465288a55eb89c2be5dac51bb5a00bbffa217a629e26b2ae433df8e70923,ok,671277,length,1750363
1048576,11000729f6bc3a1d6498a23a71d1f4d1bbef737568103d110eff26778e3d3df3,True,length,1546553,0000768.pdf,,,1048576,,True,True,11000729f6bc3a1d6498a23a71d1f4d1bbef737568103d110eff26778e3d3df3,ok,711088,length,1546553
1048576,7b6b25e91d1c28aa3a86fe93925301eb7417f6c0103fdab0f424ae5d352307d4,True,length,22799023,0000646.pdf,,,1048576,,True,True,7b6b25e91d1c28aa3a86fe93925301eb7417f6c0103fdab0f424ae5d352307d4,ok,751507,length,22799023
,,,length,2068357,0000386.pdf,,,,,,,,error: HTTPError: HTTP Error 403: Forbidden,751820,,
1048576,0dd64d6bd00a6cca0d886e8eee1e88faf521bc2389c586a7f8cf152855d65ce2,True,length,1397553,0000605.pdf,,,1048576,,True,True,0dd64d6bd00a6cca0d886e8eee1e88faf521bc2389c586a7f8cf152855d65ce2,ok,754203,length,1397553
1048576,4cbb2f39b5c4c6fad2bd17257a01b01b60b3aa36d7a415650bd812990e258b07,True,length,4753685,0000721.pdf,,,1048576,,True,True,4cbb2f39b5c4c6fad2bd17257a01b01b60b3aa36d7a415650bd812990e258b07,ok,769792,length,4753685
1048576,8a0a3bc349a625ecf64e7f8af417ba01d71c550f07f1c62ab86dd17adbf325a6,True,length,1298805,0000517.pdf,,,1048576,,True,True,8a0a3bc349a625ecf64e7f8af417ba01d71c550f07f1c62ab86dd17adbf325a6,ok,773886,length,1298805
,,,length,2274566,0000188.pdf,,,,,,,,error: HTTPError: HTTP Error 403: Forbidden,813472,,
1048576,1e746cf87770dfadcdcfdcad3c4adac9023e22c84419432cfb90b36dfd43467e,True,length,130650770,0000333.pdf,,,1048576,,True,True,1e746cf87770dfadcdcfdcad3c4adac9023e22c84419432cfb90b36dfd43467e,ok,814208,length,130650770
,,,length,1802952,0000375.pdf,,,,,,,,error: HTTPError: HTTP Error 403: Forbidden,817062,,
1048576,b56fd72ee0f8fca1ba1cca409d4b7d7960ccf9c350ac8a45a4a14bb3d35a20bb,True,length,2274566,0000188.pdf,,,1048576,,True,True,b56fd72ee0f8fca1ba1cca409d4b7d7960ccf9c350ac8a45a4a14bb3d35a20bb,ok,835794,length,2274566
1048576,b56fd72ee0f8fca1ba1cca409d4b7d7960ccf9c350ac8a45a4a14bb3d35a20bb,True,length,2274566,0000188.pdf,,,1048576,,True,True,b56fd72ee0f8fca1ba1cca409d4b7d7960ccf9c350ac8a45a4a14bb3d35a20bb,ok,845199,length,2274566
1048576,d2d80a9b073638959f3b5047fa1ab14873636052d9d9fa576d3fb9454b3815a8,True,length,2056111,0000842.pdf,,,1048576,,True,True,d2d80a9b073638959f3b5047fa1ab14873636052d9d9fa576d3fb9454b3815a8,ok,865151,length,2056111
1048576,a5c5d2518aed90ecfe631ebc4b959ae5a08a074d047398ad62856b70dfca7636,True,length,1959003,0000854.pdf,,,1048576,,True,True,a5c5d2518aed90ecfe631ebc4b959ae5a08a074d047398ad62856b70dfca7636,ok,919069,length,1959003
1048576,f8d6b2daa76502fd0dcdb6938a64ede06e60d91b035267b4866c93e1bc72a22b,True,length,25733166,0000373.pdf,,,1048576,,True,True,f8d6b2daa76502fd0dcdb6938a64ede06e60d91b035267b4866c93e1bc72a22b,ok,947874,length,25733166
1048576,0ad836a9b1fe45ef4399bd3f81983dd403edc4dc7f334a67729cc1ab387f3400,True,length,5234237,0000486.pdf,,,1048576,,True,True,0ad836a9b1fe45ef4399bd3f81983dd403edc4dc7f334a67729cc1ab387f3400,ok,961983,length,5234237
1048576,82dfa3a270dfe2b6b1d51f81a73c5cf3c82a1f2ae54ffd8c22aeec8a3fcb367b,True,length,3417058,0000700.pdf,,,1048576,,True,True,82dfa3a270dfe2b6b1d51f81a73c5cf3c82a1f2ae54ffd8c22aeec8a3fcb367b,ok,1033829,length,3417058
1048576,3311343ef036f72a35e5c78280b3be5a1cef5ebd7e59ac181d316a034e04cd02,True,length,1701446,0000225.pdf,,,1048576,,True,True,3311343ef036f72a35e5c78280b3be5a1cef5ebd7e59ac181d316a034e04cd02,ok,1091367,length,1701446
1048576,15cdb35afba27ab2dca1ac52ecbe5f4adc1bb0404af1e1869b55c0d22d4aeb1c,True,length,1461564,0000356.pdf,,,1048576,,True,True,15cdb35afba27ab2dca1ac52ecbe5f4adc1bb0404af1e1869b55c0d22d4aeb1c,ok,1092462,length,1461564
1048576,ff538fd1d20db5e7abfb4a73204df41ff8dab1bd1997329a0a8ab05f2fb8b7a6,True,length,26517925,0000462.pdf,,,1048576,,True,True,ff538fd1d20db5e7abfb4a73204df41ff8dab1bd1997329a0a8ab05f2fb8b7a6,ok,1129510,length,26517925
1048576,711fada636504a48888faecc25cbc805f0befde8bd227b8d5b4913a4fe1bcd22,True,length,7840012,0000540.pdf,,,1048576,,True,True,711fada636504a48888faecc25cbc805f0befde8bd227b8d5b4913a4fe1bcd22,ok,1179798,length,7840012
1048576,43bee0d2dd87b09452b717054c01c83897e546e76c4f4c0256a2430521fe46f0,True,length,4437976,0000741.pdf,,,1048576,,True,True,43bee0d2dd87b09452b717054c01c83897e546e76c4f4c0256a2430521fe46f0,ok,1181477,length,4437976
,,,length,1771569,0000360.pdf,,,,,,,,error: HTTPError: HTTP Error 403: Forbidden,1200185,,
1048576,cbe1ddf4e132432eee5fbba03c9ea1879f6078c5d6f8c42ad08d409d20f250f6,True,length,1075884,0000613.pdf,,,1048576,,True,True,cbe1ddf4e132432eee5fbba03c9ea1879f6078c5d6f8c42ad08d409d20f250f6,ok,1357469,length,1075884
1048576,ef5acdf95dec991c95ff3dabe417a2bc1f949f2272f792631db84fbc3686bbab,True,length,13726319,0000355.pdf,,,1048576,,True,True,ef5acdf95dec991c95ff3dabe417a2bc1f949f2272f792631db84fbc3686bbab,ok,1393750,length,13726319
