class,doc,cpr_status,cpr_seconds,cpr_chars,ref_chars,null_chars,cpr_cer_rapidfuzz,cpr_cer_jiwer,cpr_word_recall,cpr_word_recall_glyphnames,null_cer_rapidfuzz,null_cer_jiwer,null_word_recall
C1,print/text/global_cloud_datacenter_cooling_failure_report(print),text,23.7,5068,3072,3072,0.7848,0.7848,0.747,0.747,0.0,0.0,1.0
C1,saveas/text/Lumina_Interior_Lighting_Designbook(saveas),text,3.0,5998,6030,6030,0.1083,0.1083,0.818,0.8169,0.0,0.0,1.0
C2,print/text+img/global_agriculture_food_security_climate_impact(print),text,7.2,26070,11388,11388,1.418,1.418,0.7096,0.7096,0.0,0.0,1.0
C2,print/text/Next_Decade_Space_Exploration(print),text,5.2,14271,8903,8903,0.7225,0.7225,0.7383,0.7352,0.0,0.0,1.0
C3,print/text/Evolution_Biodegradable_Plastics(print),text,8.2,23205,10095,10095,1.4311,1.4311,0.7086,0.7086,0.0,0.0,1.0
C3,saveas/text/NeoHome_Smart_Appliances_Catalog_v5(saveas),text,2.4,7799,7847,7847,0.1143,0.1143,0.8215,0.8198,0.0,0.0,1.0
C4,saveas/text/AeroChef_Drone_Delivery_Cooking_Service(saveas),text,2.2,5753,5794,0,0.106,0.106,0.806,0.8048,1.0,1.0,0.0
C4,print/text+img/global_renewable_energy_generation_and_carbon_reduction_analysis(print),text,31.0,18210,7626,0,1.5298,1.5298,0.6946,0.6946,1.0,1.0,0.0
C5,saveas/text/remote_work_home_office_guidelines(saveas),text,2.9,6886,6980,0,0.113,0.113,0.7888,0.787,1.0,1.0,0.0
C5,print/text/NeoHome_Smart_Appliances_Catalog_v5(print),text,67.8,17962,7178,7178,1.6344,1.6344,0.7559,0.7542,0.0,0.0,1.0
C6,print/text/smart_factory_robot_malfunction_analysis(print),text,33.4,7930,4135,7847,1.0585,1.0585,0.7355,0.7355,1.7524,1.7524,0.0
C6,print/text/Evolution_Biodegradable_Plastics(print),text,5.3,18801,10095,17953,1.0129,1.0129,0.6861,0.6861,1.6732,1.6732,0.0014
C7,print/text/UrbanRide_Electric_Bike_Scooter_Series(print),text,16.0,10624,5754,5746,0.9821,0.9821,0.7322,0.7322,0.0017,0.0017,0.9911
C7,saveas/text/open_source_software_contribution_guidelines_multilang(saveas),text,1.1,8514,8629,8629,0.1084,0.1084,0.8119,0.8111,0.0,0.0,1.0
C8,saveas/text/Evolution_Biodegradable_Plastics(saveas),text,1.2,56371,10478,10261,4.7499,4.7499,0.5187,0.5187,0.3725,0.3725,0.554
C8,print/text/remote_work_home_office_guidelines(print),text,7.0,52826,6589,6847,7.5864,7.5864,0.0,0.0,0.3431,0.3431,0.5261
C9,print/text/health_wellbeing_digital_age_guidelines_multilang(print),text,2.4,2771,7241,3539,0.9205,0.9205,0.1195,0.1195,0.5405,0.5405,0.4996
C9,print/text/AI_Development_MultiLanguage(print),text,21.9,13071,8080,6025,1.1298,1.1298,0.5406,0.5398,0.2543,0.2543,0.7924
C10,print/text/PetPal_Smart_PetCare_Products(print),text,33.9,6399,5778,0,0.901,0.901,0.0,0.514,1.0,1.0,0.0
C10,print/text+img/global_ev_market_growth_statistics(print),text,30.0,3036,6886,0,0.8485,0.8485,0.0,0.1857,1.0,1.0,0.0
