key,orig_key,doc,producer,obj,raw_len,len_equal,changed_offsets,n_changed,inflate,inflate_error_at,first_wrong_plain_byte,plain_len_damaged,plain_len_original,replay_config,replay_first_mismatch,replay_minus_flip,pf_ok,pf_corrections,pf_roundtrip,pf_info,pf_corrections_original
d_0,o_275,print/text/health_wellbeing_digital_age_guidelines_multilang(print),print,8,25792,True,21019,1,Error -3 while decompressing data: incorrect data check,25791,54247,63290,63296,,,,True,719,True,"24ms TokenPredictorParameters { matches_to_start_detected: true, very_far_matches_detected: true, window_bits: 15, strategy: Default, nice_length: 258, add_policy: AddAll, max_token_count: 32767, zlib_compatible: false, max_dist_3_matches: 5237, matching_type: Lazy { good_length: 32, max_lazy: 258 }",66
d_1,o_277,print/text/health_wellbeing_digital_age_guidelines_multilang(print),print,24,96384,True,59721,1,Error -3 while decompressing data: incorrect data check,96383,152165,230278,230284,,,,True,2958,True,"77ms TokenPredictorParameters { matches_to_start_detected: true, very_far_matches_detected: true, window_bits: 15, strategy: Default, nice_length: 258, add_policy: AddAll, max_token_count: 32767, zlib_compatible: false, max_dist_3_matches: 4094, matching_type: Lazy { good_length: 32, max_lazy: 258 }",125
d_2,o_278,print/text/health_wellbeing_digital_age_guidelines_multilang(print),print,28,29563,True,19865,1,Error -3 while decompressing data: incorrect data check,29562,65829,109967,109960,,,,True,3186,True,"19ms TokenPredictorParameters { matches_to_start_detected: true, very_far_matches_detected: true, window_bits: 15, strategy: Default, nice_length: 258, add_policy: AddFirst(193), max_token_count: 16383, zlib_compatible: false, max_dist_3_matches: 4095, matching_type: Greedy, max_chain: 353, min_len:",1825
d_3,o_280,print/text/health_wellbeing_digital_age_guidelines_multilang(print),print,43,37592,True,22539,1,Error -3 while decompressing data: incorrect data check,37591,60137,97332,97304,,,,True,440,True,"12ms TokenPredictorParameters { matches_to_start_detected: true, very_far_matches_detected: true, window_bits: 15, strategy: Default, nice_length: 128, add_policy: AddAll, max_token_count: 32767, zlib_compatible: false, max_dist_3_matches: 4070, matching_type: Lazy { good_length: 8, max_lazy: 32 }, ",103
d_4,o_281,print/text/health_wellbeing_digital_age_guidelines_multilang(print),print,47,1531,True,108,1,Error -3 while decompressing data: invalid distance too far back,111,115,118,8480,,,,False,0,False,InvalidDeflate Invalid distance in reference,102
d_5,o_285,print/text/health_wellbeing_digital_age_guidelines_multilang(print),print,73,11272,True,8566,1,Error -3 while decompressing data: incorrect data check,11271,23880,30502,30240,,,,False,0,False,NoCompressionCandidates no candidate found with reasonable chain length,61
d_6,o_287,print/text/health_wellbeing_digital_age_guidelines_multilang(print),print,85,2865,True,1359,1,Error -3 while decompressing data: incorrect data check,2864,7773,20250,20264,,,,True,373,True,"5ms TokenPredictorParameters { matches_to_start_detected: true, very_far_matches_detected: false, window_bits: 15, strategy: Default, nice_length: 258, add_policy: AddFirst(128), max_token_count: 2047, zlib_compatible: false, max_dist_3_matches: 4010, matching_type: Greedy, max_chain: 3423, min_len:",189
d_7,o_288,print/text/health_wellbeing_digital_age_guidelines_multilang(print),print,92,7643,True,5159,1,Error -3 while decompressing data: incorrect data check,7642,10082,15631,15648,,,,True,243,True,"3ms TokenPredictorParameters { matches_to_start_detected: true, very_far_matches_detected: false, window_bits: 14, strategy: Default, nice_length: 258, add_policy: AddFirst(238), max_token_count: 8191, zlib_compatible: false, max_dist_3_matches: 4044, matching_type: Greedy, max_chain: 558, min_len: ",139
d_8,o_289,print/text/health_wellbeing_digital_age_guidelines_multilang(print),print,100,30484,True,4519,1,Error -3 while decompressing data: incorrect data check,30483,7919,57853,57844,,,,True,1232,True,"12ms TokenPredictorParameters { matches_to_start_detected: true, very_far_matches_detected: false, window_bits: 15, strategy: Default, nice_length: 258, add_policy: AddFirst(147), max_token_count: 16383, zlib_compatible: false, max_dist_3_matches: 4082, matching_type: Greedy, max_chain: 3119, min_le",785
d_9,o_290,print/text/health_wellbeing_digital_age_guidelines_multilang(print),print,104,2984,True,2189,1,Error -3 while decompressing data: incorrect data check,2983,14008,20712,20754,,,,True,366,True,"4ms TokenPredictorParameters { matches_to_start_detected: true, very_far_matches_detected: false, window_bits: 15, strategy: Default, nice_length: 258, add_policy: AddFirst(113), max_token_count: 2047, zlib_compatible: false, max_dist_3_matches: 3999, matching_type: Greedy, max_chain: 2563, min_len:",189
d_10,o_291,print/text/health_wellbeing_digital_age_guidelines_multilang(print),print,111,35272,True,8684,1,Error -3 while decompressing data: incorrect data check,35271,26513,82232,82232,,,,True,73,True,"8ms TokenPredictorParameters { matches_to_start_detected: true, very_far_matches_detected: false, window_bits: 15, strategy: Default, nice_length: 128, add_policy: AddAll, max_token_count: 32767, zlib_compatible: false, max_dist_3_matches: 4082, matching_type: Lazy { good_length: 8, max_lazy: 16 }, ",73
d_11,o_292,print/text/health_wellbeing_digital_age_guidelines_multilang(print),print,119,11684,True,5859,1,Error -3 while decompressing data: incorrect data check,11683,13303,24904,24904,,,,True,45,True,"3ms TokenPredictorParameters { matches_to_start_detected: true, very_far_matches_detected: false, window_bits: 15, strategy: Default, nice_length: 128, add_policy: AddAll, max_token_count: 16383, zlib_compatible: false, max_dist_3_matches: 4088, matching_type: Lazy { good_length: 8, max_lazy: 16 }, ",45
d_12,o_293,print/text/health_wellbeing_digital_age_guidelines_multilang(print),print,123,5160,True,2434,1,Error -3 while decompressing data: incorrect data check,5159,23235,54116,54115,,,,True,516,True,"4ms TokenPredictorParameters { matches_to_start_detected: true, very_far_matches_detected: false, window_bits: 15, strategy: Default, nice_length: 258, add_policy: AddFirst(130), max_token_count: 4095, zlib_compatible: false, max_dist_3_matches: 3947, matching_type: Greedy, max_chain: 1262, min_len:",261
d_13,o_80,print/text/AI_Development_MultiLanguage(print),print,8,10295,True,4227,1,Error -3 while decompressing data: incorrect data check,10294,9398,21084,21080,,,,True,149,True,"5ms TokenPredictorParameters { matches_to_start_detected: true, very_far_matches_detected: false, window_bits: 14, strategy: Default, nice_length: 258, add_policy: AddAll, max_token_count: 16383, zlib_compatible: false, max_dist_3_matches: 3992, matching_type: Lazy { good_length: 32, max_lazy: 258 }",43
d_14,o_82,print/text/AI_Development_MultiLanguage(print),print,24,29660,True,20295,1,Error -3 while decompressing data: incorrect data check,29659,58081,75738,75740,,,,False,0,False,NoCompressionCandidates no candidate found with reasonable chain length,68
d_15,o_83,print/text/AI_Development_MultiLanguage(print),print,32,15997,True,4757,1,Error -3 while decompressing data: invalid distance too far back,4767,11772,11784,38328,,,,False,0,False,InvalidDeflate Invalid distance in reference,58
d_16,o_84,print/text/AI_Development_MultiLanguage(print),print,36,3522,True,679,1,Error -3 while decompressing data: invalid distance too far back,682,2409,2410,21953,,,,False,0,False,InvalidDeflate Invalid distance in reference,207
d_17,o_89,print/text/AI_Development_MultiLanguage(print),print,50,76358,True,18857,1,Error -3 while decompressing data: incorrect data check,76357,46585,200708,200708,,,,True,5804,True,"24ms TokenPredictorParameters { matches_to_start_detected: false, very_far_matches_detected: true, window_bits: 15, strategy: Default, nice_length: 258, add_policy: AddFirst(34), max_token_count: 32767, zlib_compatible: false, max_dist_3_matches: 4089, matching_type: Greedy, max_chain: 100, min_len:",5718
d_18,o_90,print/text/AI_Development_MultiLanguage(print),print,55,48373,True,24467,1,Error -3 while decompressing data: incorrect data check,48372,68749,131591,131580,,,,True,902,True,"15ms TokenPredictorParameters { matches_to_start_detected: true, very_far_matches_detected: true, window_bits: 15, strategy: Default, nice_length: 258, add_policy: AddAll, max_token_count: 32767, zlib_compatible: false, max_dist_3_matches: 4082, matching_type: Lazy { good_length: 32, max_lazy: 128 }",145
d_19,o_91,print/text/AI_Development_MultiLanguage(print),print,59,48026,True,43392,1,Error -3 while decompressing data: incorrect data check,48025,114760,128206,128217,,,,True,4577,True,"19ms TokenPredictorParameters { matches_to_start_detected: true, very_far_matches_detected: true, window_bits: 15, strategy: Default, nice_length: 258, add_policy: AddFirst(104), max_token_count: 32767, zlib_compatible: false, max_dist_3_matches: 15798, matching_type: Greedy, max_chain: 428, min_len",3537
d_20,o_93,print/text/AI_Development_MultiLanguage(print),print,74,26270,True,18272,1,Error -3 while decompressing data: incorrect data check,26269,41015,56912,56904,,,,True,228,True,"7ms TokenPredictorParameters { matches_to_start_detected: true, very_far_matches_detected: true, window_bits: 15, strategy: Default, nice_length: 128, add_policy: AddAll, max_token_count: 16383, zlib_compatible: false, max_dist_3_matches: 4092, matching_type: Lazy { good_length: 8, max_lazy: 32 }, m",55
d_21,o_97,print/text/AI_Development_MultiLanguage(print),print,101,17631,True,11621,1,Error -3 while decompressing data: incorrect data check,17630,25551,42092,42092,,,,True,77,True,"5ms TokenPredictorParameters { matches_to_start_detected: true, very_far_matches_detected: true, window_bits: 15, strategy: Default, nice_length: 128, add_policy: AddAll, max_token_count: 16383, zlib_compatible: false, max_dist_3_matches: 4088, matching_type: Lazy { good_length: 8, max_lazy: 16 }, m",77
d_22,o_101,print/text/AI_Development_MultiLanguage(print),print,128,8954,True,3656,1,Error -3 while decompressing data: incorrect data check,8953,7597,18488,18464,,,,True,286,True,"3ms TokenPredictorParameters { matches_to_start_detected: true, very_far_matches_detected: false, window_bits: 15, strategy: Default, nice_length: 258, add_policy: AddFirst(251), max_token_count: 8191, zlib_compatible: false, max_dist_3_matches: 4088, matching_type: Greedy, max_chain: 644, min_len: ",167
d_23,o_102,print/text/AI_Development_MultiLanguage(print),print,136,26993,True,14948,1,Error -3 while decompressing data: incorrect data check,26992,32544,52674,52672,,,,False,0,False,NoCompressionCandidates no candidate found with reasonable chain length,54
d_24,o_104,print/text/AI_Development_MultiLanguage(print),print,147,25765,True,18880,1,Error -3 while decompressing data: incorrect data check,25764,40553,57098,57096,,,,True,606,True,"8ms TokenPredictorParameters { matches_to_start_detected: true, very_far_matches_detected: true, window_bits: 15, strategy: Default, nice_length: 258, add_policy: AddAll, max_token_count: 32767, zlib_compatible: false, max_dist_3_matches: 4062, matching_type: Lazy { good_length: 32, max_lazy: 128 },",46
d_25,o_105,print/text/AI_Development_MultiLanguage(print),print,155,30960,True,28259,1,Error -3 while decompressing data: incorrect data check,30959,70515,75566,75556,,,,True,333,True,"10ms TokenPredictorParameters { matches_to_start_detected: true, very_far_matches_detected: true, window_bits: 15, strategy: Default, nice_length: 258, add_policy: AddAll, max_token_count: 32767, zlib_compatible: false, max_dist_3_matches: 4084, matching_type: Lazy { good_length: 32, max_lazy: 128 }",66
d_26,o_514,saveas/text/Next_Decade_Space_Exploration(saveas),saveas,4,3287,True,1306,1,Error -3 while decompressing data: incorrect data check,3286,4455,13735,13726,zlib:6:8:0,2,-1304,True,358,True,"1ms TokenPredictorParameters { matches_to_start_detected: false, very_far_matches_detected: false, window_bits: 14, strategy: Default, nice_length: 258, add_policy: AddFirst(88), max_token_count: 4095, zlib_compatible: true, max_dist_3_matches: 3771, matching_type: Greedy, max_chain: 116, min_len: 3",178
d_27,o_518,saveas/text/Next_Decade_Space_Exploration(saveas),saveas,76,3411,True,1353,1,Error -3 while decompressing data: incorrect data check,3410,4745,14523,14523,zlib:6:8:0,3407,2054,True,173,True,"2ms TokenPredictorParameters { matches_to_start_detected: false, very_far_matches_detected: true, window_bits: 14, strategy: Default, nice_length: 258, add_policy: AddFirst(89), max_token_count: 4095, zlib_compatible: false, max_dist_3_matches: 3810, matching_type: Greedy, max_chain: 50, min_len: 3,",173
d_28,o_519,saveas/text/Next_Decade_Space_Exploration(saveas),saveas,99,6922,True,3460,1,Error -3 while decompressing data: incorrect data check,6921,36099,74952,75045,,,,True,992,True,"5ms TokenPredictorParameters { matches_to_start_detected: false, very_far_matches_detected: false, window_bits: 15, strategy: Default, nice_length: 258, add_policy: AddFirst(106), max_token_count: 4095, zlib_compatible: true, max_dist_3_matches: 4090, matching_type: Greedy, max_chain: 449, min_len: ",238
d_29,o_521,saveas/text/Next_Decade_Space_Exploration(saveas),saveas,633,5643,True,1162,1,Error -3 while decompressing data: incorrect data check,5642,2216,43651,43651,zlib:6:9:0,1161,-1,True,444,True,"2ms TokenPredictorParameters { matches_to_start_detected: false, very_far_matches_detected: true, window_bits: 15, strategy: Default, nice_length: 258, add_policy: AddFirstAndLast(67), max_token_count: 8191, zlib_compatible: false, max_dist_3_matches: 3245, matching_type: Greedy, max_chain: 93, min_",442
d_30,o_523,saveas/text/Next_Decade_Space_Exploration(saveas),saveas,1260,7235,True,5634,1,Error -3 while decompressing data: incorrect data check,7234,9216,12763,12764,zlib:6:8:0,8,-5626,True,120,True,"2ms TokenPredictorParameters { matches_to_start_detected: false, very_far_matches_detected: false, window_bits: 14, strategy: Default, nice_length: 258, add_policy: AddAll, max_token_count: 8191, zlib_compatible: true, max_dist_3_matches: 3912, matching_type: Lazy { good_length: 32, max_lazy: 128 },",30
d_31,o_524,saveas/text/Next_Decade_Space_Exploration(saveas),saveas,1262,25892,True,22012,1,Error -3 while decompressing data: incorrect data check,25891,72774,81062,81056,,,,True,213,True,"7ms TokenPredictorParameters { matches_to_start_detected: false, very_far_matches_detected: false, window_bits: 15, strategy: Default, nice_length: 258, add_policy: AddAll, max_token_count: 8191, zlib_compatible: true, max_dist_3_matches: 4091, matching_type: Lazy { good_length: 32, max_lazy: 128 },",40
d_32,o_525,saveas/text/Next_Decade_Space_Exploration(saveas),saveas,1263,363,True,214,1,Error -3 while decompressing data: incorrect data check,362,293,719,730,zlib:6:8:0,3,-211,True,62,True,"1ms TokenPredictorParameters { matches_to_start_detected: false, very_far_matches_detected: true, window_bits: 10, strategy: Default, nice_length: 16, add_policy: AddFirst(15), max_token_count: 511, zlib_compatible: false, max_dist_3_matches: 537, matching_type: Greedy, max_chain: 5, min_len: 3, has",36
d_33,o_528,saveas/text/Next_Decade_Space_Exploration(saveas),saveas,1268,10187,True,5556,1,Error -3 while decompressing data: incorrect data check,10186,11231,20465,20464,,,,True,107,True,"3ms TokenPredictorParameters { matches_to_start_detected: false, very_far_matches_detected: false, window_bits: 14, strategy: Default, nice_length: 258, add_policy: AddAll, max_token_count: 16383, zlib_compatible: true, max_dist_3_matches: 4094, matching_type: Lazy { good_length: 32, max_lazy: 258 }",40
d_34,o_531,saveas/text/Next_Decade_Space_Exploration(saveas),saveas,1274,1214,True,986,1,Error -3 while decompressing data: incorrect data check,1213,2410,3034,3034,zlib:6:8:0,984,-2,True,109,True,"1ms TokenPredictorParameters { matches_to_start_detected: false, very_far_matches_detected: true, window_bits: 12, strategy: Default, nice_length: 32, add_policy: AddFirst(29), max_token_count: 2047, zlib_compatible: false, max_dist_3_matches: 2841, matching_type: Greedy, max_chain: 22, min_len: 3, ",110
d_35,o_533,saveas/text/Next_Decade_Space_Exploration(saveas),saveas,1278,1097,True,56,1,Error -3 while decompressing data: invalid bit length repeat,56,0,0,2759,zlib:6:8:0,2,-54,False,0,False,InvalidDeflate Code table should be same size as hdist + hlit,92
d_36,o_534,saveas/text/Next_Decade_Space_Exploration(saveas),saveas,1279,82777,True,79773,1,Error -3 while decompressing data: incorrect data check,82776,138262,156692,156692,,,,True,143,True,"22ms TokenPredictorParameters { matches_to_start_detected: false, very_far_matches_detected: false, window_bits: 15, strategy: Default, nice_length: 128, add_policy: AddAll, max_token_count: 8191, zlib_compatible: false, max_dist_3_matches: 4096, matching_type: Lazy { good_length: 8, max_lazy: 16 },",138
d_37,o_537,saveas/text/Next_Decade_Space_Exploration(saveas),saveas,1286,638,True,375,1,Error -3 while decompressing data: invalid distance too far back,383,779,800,1641,zlib:6:8:0,3,-372,False,0,False,InvalidDeflate Invalid distance in reference,65
d_38,o_538,saveas/text/Next_Decade_Space_Exploration(saveas),saveas,1287,8494,True,6755,1,Error -3 while decompressing data: incorrect data check,8493,17639,22620,22620,zlib:6:8:0,8490,1735,True,200,True,"3ms TokenPredictorParameters { matches_to_start_detected: false, very_far_matches_detected: false, window_bits: 15, strategy: Default, nice_length: 258, add_policy: AddFirst(204), max_token_count: 8191, zlib_compatible: true, max_dist_3_matches: 4038, matching_type: Greedy, max_chain: 124, min_len: ",200
d_39,o_541,saveas/text/Next_Decade_Space_Exploration(saveas),saveas,1295,9017,True,1794,1,Error -3 while decompressing data: incorrect data check,9016,5055,24072,24072,,,,True,40,True,"3ms TokenPredictorParameters { matches_to_start_detected: false, very_far_matches_detected: false, window_bits: 15, strategy: Default, nice_length: 128, add_policy: AddAll, max_token_count: 8191, zlib_compatible: true, max_dist_3_matches: 4084, matching_type: Lazy { good_length: 8, max_lazy: 16 }, m",40
d_40,o_543,saveas/text/Next_Decade_Space_Exploration(saveas),saveas,1298,323,True,134,1,Error -3 while decompressing data: incorrect data check,322,125,623,619,zlib:6:8:0,10,-124,True,46,True,"1ms TokenPredictorParameters { matches_to_start_detected: false, very_far_matches_detected: false, window_bits: 10, strategy: Default, nice_length: 8, add_policy: AddFirstAndLast(10), max_token_count: 511, zlib_compatible: true, max_dist_3_matches: 426, matching_type: Greedy, max_chain: 4, min_len: ",41
d_41,o_546,saveas/text/Next_Decade_Space_Exploration(saveas),saveas,1303,4846,True,2974,1,Error -3 while decompressing data: incorrect data check,4845,6152,10418,10416,zlib:6:8:0,9,-2965,True,145,True,"3ms TokenPredictorParameters { matches_to_start_detected: false, very_far_matches_detected: false, window_bits: 14, strategy: Default, nice_length: 258, add_policy: AddAll, max_token_count: 8191, zlib_compatible: true, max_dist_3_matches: 3848, matching_type: Lazy { good_length: 32, max_lazy: 258 },",52
d_42,o_552,saveas/text/Next_Decade_Space_Exploration(saveas),saveas,1315,15551,True,9259,1,Error -3 while decompressing data: invalid literal/lengths set,9282,17814,17814,48116,,,,False,0,False,InvalidDeflate Invalid Huffman code lengths,45
d_43,o_554,saveas/text/Next_Decade_Space_Exploration(saveas),saveas,1319,7462,True,1553,1,Error -3 while decompressing data: incorrect data check,7461,3378,17395,17364,zlib:6:9:0,3,-1550,True,126,True,"2ms TokenPredictorParameters { matches_to_start_detected: false, very_far_matches_detected: false, window_bits: 14, strategy: Default, nice_length: 258, add_policy: AddAll, max_token_count: 8191, zlib_compatible: true, max_dist_3_matches: 3974, matching_type: Lazy { good_length: 32, max_lazy: 258 },",40
d_44,o_555,saveas/text/Next_Decade_Space_Exploration(saveas),saveas,1324,2668,True,351,1,Error -3 while decompressing data: invalid distance too far back,352,697,697,9268,,,,False,0,False,InvalidDeflate Invalid distance in reference,236
d_45,o_560,saveas/text/green_energy_sustainable_living_guidelines_multilang(saveas),saveas,68,3394,True,2942,1,Error -3 while decompressing data: incorrect data check,3393,17253,20381,20417,zlib:6:8:0,4,-2938,True,221,True,"2ms TokenPredictorParameters { matches_to_start_detected: false, very_far_matches_detected: false, window_bits: 15, strategy: Default, nice_length: 258, add_policy: AddFirstAndLast(89), max_token_count: 4095, zlib_compatible: true, max_dist_3_matches: 3960, matching_type: Greedy, max_chain: 275, min",130
d_46,o_562,saveas/text/green_energy_sustainable_living_guidelines_multilang(saveas),saveas,122,4642,True,4456,1,Error -3 while decompressing data: incorrect data check,4641,36296,39805,40054,zlib:6:9:0,3,-4453,True,363,True,"2ms TokenPredictorParameters { matches_to_start_detected: false, very_far_matches_detected: false, window_bits: 15, strategy: Default, nice_length: 258, add_policy: AddFirstAndLast(68), max_token_count: 4095, zlib_compatible: true, max_dist_3_matches: 3788, matching_type: Greedy, max_chain: 181, min",324
d_47,o_563,saveas/text/green_energy_sustainable_living_guidelines_multilang(saveas),saveas,625,5760,True,902,1,Error -3 while decompressing data: invalid distance too far back,903,1672,1672,44047,zlib:6:9:0,2,-900,False,0,False,InvalidDeflate Invalid distance in reference,478
d_48,o_564,saveas/text/green_energy_sustainable_living_guidelines_multilang(saveas),saveas,1129,5819,True,2127,1,Error -3 while decompressing data: incorrect data check,5818,12170,37990,37984,zlib:6:9:0,4,-2123,True,148,True,"3ms TokenPredictorParameters { matches_to_start_detected: false, very_far_matches_detected: false, window_bits: 15, strategy: Default, nice_length: 128, add_policy: AddAll, max_token_count: 8191, zlib_compatible: true, max_dist_3_matches: 2715, matching_type: Lazy { good_length: 8, max_lazy: 32 }, m",38
d_49,o_568,saveas/text/green_energy_sustainable_living_guidelines_multilang(saveas),saveas,1426,19698,True,8745,1,Error -3 while decompressing data: incorrect data check,19697,64521,116864,116864,,,,True,46,True,"6ms TokenPredictorParameters { matches_to_start_detected: false, very_far_matches_detected: false, window_bits: 15, strategy: Default, nice_length: 128, add_policy: AddAll, max_token_count: 8191, zlib_compatible: true, max_dist_3_matches: 4056, matching_type: Lazy { good_length: 8, max_lazy: 16 }, m",46
d_50,o_569,saveas/text/green_energy_sustainable_living_guidelines_multilang(saveas),saveas,1427,307,True,98,1,Error -3 while decompressing data: incorrect data check,306,75,494,492,zlib:6:8:0,6,-92,True,49,True,"1ms TokenPredictorParameters { matches_to_start_detected: false, very_far_matches_detected: false, window_bits: 10, strategy: Default, nice_length: 8, add_policy: AddFirst(10), max_token_count: 511, zlib_compatible: true, max_dist_3_matches: 299, matching_type: Greedy, max_chain: 2, min_len: 3, hash",36
d_51,o_570,saveas/text/green_energy_sustainable_living_guidelines_multilang(saveas),saveas,1428,10020,True,6722,1,Error -3 while decompressing data: incorrect data check,10019,53715,66231,66248,,,,True,363,True,"4ms TokenPredictorParameters { matches_to_start_detected: false, very_far_matches_detected: false, window_bits: 15, strategy: Default, nice_length: 258, add_policy: AddAll, max_token_count: 8191, zlib_compatible: true, max_dist_3_matches: 4042, matching_type: Lazy { good_length: 32, max_lazy: 128 },",56
d_52,o_574,saveas/text/green_energy_sustainable_living_guidelines_multilang(saveas),saveas,1435,40086,True,36110,1,Error -3 while decompressing data: incorrect data check,40085,87838,109432,109432,,,,True,146,True,"10ms TokenPredictorParameters { matches_to_start_detected: false, very_far_matches_detected: false, window_bits: 15, strategy: Default, nice_length: 128, add_policy: AddAll, max_token_count: 8191, zlib_compatible: true, max_dist_3_matches: 4088, matching_type: Lazy { good_length: 8, max_lazy: 16 }, ",103
d_53,o_576,saveas/text/green_energy_sustainable_living_guidelines_multilang(saveas),saveas,1439,6954,True,2977,1,Error -3 while decompressing data: incorrect data check,6953,8808,18460,18452,zlib:6:8:0,3,-2974,True,136,True,"2ms TokenPredictorParameters { matches_to_start_detected: false, very_far_matches_detected: false, window_bits: 15, strategy: Default, nice_length: 128, add_policy: AddAll, max_token_count: 8191, zlib_compatible: true, max_dist_3_matches: 4071, matching_type: Lazy { good_length: 8, max_lazy: 16 }, m",30
d_54,o_578,saveas/text/green_energy_sustainable_living_guidelines_multilang(saveas),saveas,1443,14354,True,7160,1,Error -3 while decompressing data: incorrect data check,14353,12838,29104,29096,,,,True,203,True,"3ms TokenPredictorParameters { matches_to_start_detected: false, very_far_matches_detected: false, window_bits: 15, strategy: Default, nice_length: 128, add_policy: AddAll, max_token_count: 8191, zlib_compatible: true, max_dist_3_matches: 4078, matching_type: Lazy { good_length: 8, max_lazy: 32 }, m",39
d_55,o_579,saveas/text/green_energy_sustainable_living_guidelines_multilang(saveas),saveas,1446,630,True,33,1,Error -3 while decompressing data: invalid literal/lengths set,57,0,0,1697,zlib:6:8:0,2,-31,False,0,False,InvalidDeflate Invalid Huffman code lengths,63
d_56,o_580,saveas/text/green_energy_sustainable_living_guidelines_multilang(saveas),saveas,1447,13614,True,11430,1,Error -3 while decompressing data: incorrect data check,13613,22256,27331,27328,,,,True,110,True,"3ms TokenPredictorParameters { matches_to_start_detected: false, very_far_matches_detected: false, window_bits: 15, strategy: Default, nice_length: 128, add_policy: AddAll, max_token_count: 8191, zlib_compatible: true, max_dist_3_matches: 4068, matching_type: Lazy { good_length: 8, max_lazy: 32 }, m",46
d_57,o_584,saveas/text/green_energy_sustainable_living_guidelines_multilang(saveas),saveas,1456,321,True,267,1,Error -3 while decompressing data: incorrect data check,320,467,590,590,zlib:6:8:0,317,50,True,32,True,"1ms TokenPredictorParameters { matches_to_start_detected: false, very_far_matches_detected: false, window_bits: 10, strategy: Default, nice_length: 8, add_policy: AddFirst(10), max_token_count: 511, zlib_compatible: true, max_dist_3_matches: 397, matching_type: Greedy, max_chain: 2, min_len: 3, hash",32
d_58,o_587,saveas/text/green_energy_sustainable_living_guidelines_multilang(saveas),saveas,1461,4188,True,1564,1,Error -3 while decompressing data: incorrect data check,4187,4119,9586,9552,zlib:6:8:0,1565,1,True,118,True,"2ms TokenPredictorParameters { matches_to_start_detected: false, very_far_matches_detected: false, window_bits: 14, strategy: Default, nice_length: 258, add_policy: AddAll, max_token_count: 4095, zlib_compatible: true, max_dist_3_matches: 3662, matching_type: Lazy { good_length: 32, max_lazy: 258 },",30
d_59,o_589,saveas/text/green_energy_sustainable_living_guidelines_multilang(saveas),saveas,1465,13837,True,5188,1,Error -3 while decompressing data: incorrect data check,13836,14677,31797,31780,,,,False,0,False,NoCompressionCandidates no candidate found with reasonable chain length,38
d_60,o_590,saveas/text/green_energy_sustainable_living_guidelines_multilang(saveas),saveas,1468,390,True,387,1,Error -3 while decompressing data: incorrect data check,389,,824,824,zlib:6:8:0,387,0,True,44,True,"1ms TokenPredictorParameters { matches_to_start_detected: false, very_far_matches_detected: true, window_bits: 11, strategy: Default, nice_length: 8, add_policy: AddFirst(30), max_token_count: 511, zlib_compatible: false, max_dist_3_matches: 631, matching_type: Greedy, max_chain: 3, min_len: 3, hash",44
d_61,o_591,saveas/text/green_energy_sustainable_living_guidelines_multilang(saveas),saveas,1469,11532,True,9307,1,Error -3 while decompressing data: incorrect data check,11531,22026,30145,30144,,,,True,90,True,"3ms TokenPredictorParameters { matches_to_start_detected: false, very_far_matches_detected: false, window_bits: 15, strategy: Default, nice_length: 128, add_policy: AddAll, max_token_count: 8191, zlib_compatible: true, max_dist_3_matches: 4080, matching_type: Lazy { good_length: 8, max_lazy: 16 }, m",39
d_62,o_593,saveas/text/green_energy_sustainable_living_guidelines_multilang(saveas),saveas,1473,12104,True,5492,1,Error -3 while decompressing data: incorrect data check,12103,11951,43280,43280,,,,True,47,True,"3ms TokenPredictorParameters { matches_to_start_detected: false, very_far_matches_detected: false, window_bits: 15, strategy: Default, nice_length: 128, add_policy: AddAll, max_token_count: 8191, zlib_compatible: true, max_dist_3_matches: 4081, matching_type: Lazy { good_length: 8, max_lazy: 16 }, m",47
