doc,variant,has_%PDF,qpdf_exit,mutool_exit,mutool_chars,mutool_ratio,gs_exit,gs_chars,gs_ratio,gs_forced_exit,gs_forced_chars,gs_forced_ratio,pdftotext_exit,pdftotext_chars,pdftotext_ratio
print/text+img/global_agriculture_food_security_climate_impact(print),C1,0,3,0,9760,1.0,1,0,0.0,0,9760,1.0,0,8879,0.9914
print/text+img/global_agriculture_food_security_climate_impact(print),C1+C2,0,3,0,9760,1.0,1,0,0.0,0,0,0.0,0,8879,0.9914
print/text+img/global_agriculture_food_security_climate_impact(print),C2,1,3,0,9760,1.0,0,9760,1.0,0,9760,1.0,0,8956,1.0
print/text+img/global_agriculture_food_security_climate_impact(print),original,1,0,0,9760,1.0,0,9760,1.0,0,9760,1.0,0,8956,1.0
print/text+img/global_ai_technology_investment_and_industry_adoption(print),C1,0,3,0,7313,1.0,1,0,0.0,0,7313,1.0,0,6793,0.9923
print/text+img/global_ai_technology_investment_and_industry_adoption(print),C1+C2,0,3,0,7313,1.0,1,0,0.0,0,0,0.0,0,6793,0.9923
print/text+img/global_ai_technology_investment_and_industry_adoption(print),C2,1,3,0,7313,1.0,0,7313,1.0,0,7313,1.0,0,6846,1.0
print/text+img/global_ai_technology_investment_and_industry_adoption(print),original,1,0,0,7313,1.0,0,7313,1.0,0,7313,1.0,0,6846,1.0
print/text+img/global_climate_change_indicators_and_ghg_emissions(print),C1,0,3,0,7800,1.0,1,0,0.0,0,7800,1.0,0,7345,0.9919
print/text+img/global_climate_change_indicators_and_ghg_emissions(print),C1+C2,0,3,0,7800,1.0,1,0,0.0,0,0,0.0,0,7345,0.9919
print/text+img/global_climate_change_indicators_and_ghg_emissions(print),C2,1,3,0,7800,1.0,0,7800,1.0,0,7800,1.0,0,7405,1.0
print/text+img/global_climate_change_indicators_and_ghg_emissions(print),original,1,0,0,7800,1.0,0,7800,1.0,0,7800,1.0,0,7405,1.0
print/text+img/global_esports_and_gaming_industry_growth(print),C1,0,3,0,7676,1.0,1,0,0.0,0,7676,1.0,0,7213,1.0
print/text+img/global_esports_and_gaming_industry_growth(print),C1+C2,0,3,0,7676,1.0,1,0,0.0,0,0,0.0,0,7213,1.0
print/text+img/global_esports_and_gaming_industry_growth(print),C2,1,3,0,7676,1.0,0,7676,1.0,0,7676,1.0,0,7213,1.0
print/text+img/global_esports_and_gaming_industry_growth(print),original,1,0,0,7676,1.0,0,7676,1.0,0,7676,1.0,0,7213,1.0
print/text+img/global_ev_market_growth_statistics(print),C1,0,3,0,5794,1.0,1,0,0.0,0,5794,1.0,0,5436,0.9878
print/text+img/global_ev_market_growth_statistics(print),C1+C2,0,3,0,5794,1.0,1,0,0.0,0,0,0.0,0,5436,0.9878
print/text+img/global_ev_market_growth_statistics(print),C2,1,3,0,5794,1.0,0,5794,1.0,0,5794,1.0,0,5503,1.0
print/text+img/global_ev_market_growth_statistics(print),original,1,0,0,5794,1.0,0,5794,1.0,0,5794,1.0,0,5503,1.0
print/text+img/global_healthcare_digital_health_patient_data_trends(print),C1,0,3,0,7134,1.0,1,0,0.0,0,7134,1.0,0,6898,0.9871
print/text+img/global_healthcare_digital_health_patient_data_trends(print),C1+C2,0,3,0,7134,1.0,1,0,0.0,0,0,0.0,0,6898,0.9871
print/text+img/global_healthcare_digital_health_patient_data_trends(print),C2,1,3,0,7134,1.0,0,7134,1.0,0,7134,1.0,0,6988,1.0
print/text+img/global_healthcare_digital_health_patient_data_trends(print),original,1,0,0,7134,1.0,0,7134,1.0,0,7134,1.0,0,6988,1.0
print/text+img/global_renewable_energy_generation_and_carbon_reduction_analysis(print),C1,0,3,0,6504,1.0,1,0,0.0,0,6504,1.0,0,5838,0.9895
print/text+img/global_renewable_energy_generation_and_carbon_reduction_analysis(print),C1+C2,0,3,0,6504,1.0,1,0,0.0,0,0,0.0,0,5838,0.9895
print/text+img/global_renewable_energy_generation_and_carbon_reduction_analysis(print),C2,1,3,0,6504,1.0,0,6504,1.0,0,6504,1.0,0,5900,1.0
print/text+img/global_renewable_energy_generation_and_carbon_reduction_analysis(print),original,1,0,0,6504,1.0,0,6504,1.0,0,6504,1.0,0,5900,1.0
print/text+img/international_tourism_trends_country_spending_patterns_multilang(print),C1,0,3,0,7942,1.0,1,0,0.0,0,7942,1.0,0,7384,0.9909
print/text+img/international_tourism_trends_country_spending_patterns_multilang(print),C1+C2,0,3,0,7942,1.0,1,0,0.0,0,0,0.0,0,7384,0.9909
print/text+img/international_tourism_trends_country_spending_patterns_multilang(print),C2,1,3,0,7942,1.0,0,7942,1.0,0,7942,1.0,0,7452,1.0
print/text+img/international_tourism_trends_country_spending_patterns_multilang(print),original,1,0,0,7942,1.0,0,7942,1.0,0,7942,1.0,0,7452,1.0
print/text+img/mobile_payment_and_fintech_service_expansion(print),C1,0,3,0,7254,1.0,1,0,0.0,0,7254,1.0,0,6768,0.9934
print/text+img/mobile_payment_and_fintech_service_expansion(print),C1+C2,0,3,0,7254,1.0,1,0,0.0,0,0,0.0,0,6768,0.9934
print/text+img/mobile_payment_and_fintech_service_expansion(print),C2,1,3,0,7254,1.0,0,7254,1.0,0,7254,1.0,0,6813,1.0
print/text+img/mobile_payment_and_fintech_service_expansion(print),original,1,0,0,7254,1.0,0,7254,1.0,0,7254,1.0,0,6813,1.0
print/text+img/online_education_elearning_market_growth_analysis(print),C1,0,3,0,7764,1.0,1,0,0.0,0,7764,1.0,0,6917,0.9896
print/text+img/online_education_elearning_market_growth_analysis(print),C1+C2,0,3,0,7764,1.0,1,0,0.0,0,0,0.0,0,6917,0.9896
print/text+img/online_education_elearning_market_growth_analysis(print),C2,1,3,0,7764,1.0,0,7764,1.0,0,7764,1.0,0,6990,1.0
print/text+img/online_education_elearning_market_growth_analysis(print),original,1,0,0,7764,1.0,0,7764,1.0,0,7764,1.0,0,6990,1.0
print/text/AI_Development_MultiLanguage(print),C1,0,3,0,6838,1.0,1,0,0.0,0,6838,1.0,0,6399,0.9892
print/text/AI_Development_MultiLanguage(print),C1+C2,0,3,0,6838,1.0,1,0,0.0,0,0,0.0,0,6399,0.9892
print/text/AI_Development_MultiLanguage(print),C2,1,3,0,6838,1.0,0,6838,1.0,0,6838,1.0,0,6469,1.0
print/text/AI_Development_MultiLanguage(print),original,1,0,0,6838,1.0,0,6838,1.0,0,6838,1.0,0,6469,1.0
print/text/AeroChef_Drone_Delivery_Cooking_Service(print),C1,0,3,0,4821,1.0,1,0,0.0,0,4821,1.0,0,4461,0.9916
print/text/AeroChef_Drone_Delivery_Cooking_Service(print),C1+C2,0,3,0,4821,1.0,1,0,0.0,0,0,0.0,0,4461,0.9916
print/text/AeroChef_Drone_Delivery_Cooking_Service(print),C2,1,3,0,4821,1.0,0,4821,1.0,0,4821,1.0,0,4499,1.0
print/text/AeroChef_Drone_Delivery_Cooking_Service(print),original,1,0,0,4821,1.0,0,4821,1.0,0,4821,1.0,0,4499,1.0
print/text/Aurora_VR_AR_Game_Lineup_Multilingual(print),C1,0,3,0,10212,1.0,1,0,0.0,0,10212,1.0,0,7420,0.7891
print/text/Aurora_VR_AR_Game_Lineup_Multilingual(print),C1+C2,0,3,0,10212,1.0,1,0,0.0,0,0,0.0,0,7420,0.7891
print/text/Aurora_VR_AR_Game_Lineup_Multilingual(print),C2,1,3,0,10212,1.0,0,10212,1.0,0,10212,1.0,0,9403,1.0
print/text/Aurora_VR_AR_Game_Lineup_Multilingual(print),original,1,0,0,10212,1.0,0,10212,1.0,0,10212,1.0,0,9403,1.0
print/text/Autonomous_Vehicle_Accident_Report(print),C1,0,3,0,4189,1.0,1,0,0.0,0,4189,1.0,0,3992,0.9867
print/text/Autonomous_Vehicle_Accident_Report(print),C1+C2,0,3,0,4189,1.0,1,0,0.0,0,0,0.0,0,3992,0.9867
print/text/Autonomous_Vehicle_Accident_Report(print),C2,1,3,0,4189,1.0,0,4189,1.0,0,4189,1.0,0,4046,1.0
print/text/Autonomous_Vehicle_Accident_Report(print),original,1,0,0,4189,1.0,0,4189,1.0,0,4189,1.0,0,4046,1.0
print/text/BioNext_Data_Leak_Report(print),C1,0,3,0,4727,1.0,1,0,0.0,0,4727,1.0,0,4724,0.9897
print/text/BioNext_Data_Leak_Report(print),C1+C2,0,3,0,4727,1.0,1,0,0.0,0,0,0.0,0,4724,0.9897
print/text/BioNext_Data_Leak_Report(print),C2,1,3,0,4727,1.0,0,4727,1.0,0,4727,1.0,0,4773,1.0
print/text/BioNext_Data_Leak_Report(print),original,1,0,0,4727,1.0,0,4727,1.0,0,4727,1.0,0,4773,1.0
print/text/Digital_Minimalism(print),C1,0,3,0,6809,1.0,1,0,0.0,0,6809,1.0,0,6102,0.9893
print/text/Digital_Minimalism(print),C1+C2,0,3,0,6809,1.0,1,0,0.0,0,0,0.0,0,6102,0.9893
print/text/Digital_Minimalism(print),C2,1,3,0,6809,1.0,0,6809,1.0,0,6809,1.0,0,6168,1.0
print/text/Digital_Minimalism(print),original,1,0,0,6809,1.0,0,6809,1.0,0,6809,1.0,0,6168,1.0
print/text/E-Payment_Service_Outage_Report(print),C1,0,3,0,4682,1.0,1,0,0.0,0,4682,1.0,0,4310,0.9894
print/text/E-Payment_Service_Outage_Report(print),C1+C2,0,3,0,4682,1.0,1,0,0.0,0,0,0.0,0,4310,0.9894
print/text/E-Payment_Service_Outage_Report(print),C2,1,3,0,4682,1.0,0,4682,1.0,0,4682,1.0,0,4356,1.0
print/text/E-Payment_Service_Outage_Report(print),original,1,0,0,4682,1.0,0,4682,1.0,0,4682,1.0,0,4356,1.0
print/text/EcoWave_Sustainable_Fashion_Collection(print),C1,0,3,0,4881,1.0,1,0,0.0,0,4881,1.0,0,4603,0.9925
print/text/EcoWave_Sustainable_Fashion_Collection(print),C1+C2,0,3,0,4881,1.0,1,0,0.0,0,0,0.0,0,4603,0.9925
print/text/EcoWave_Sustainable_Fashion_Collection(print),C2,1,3,0,4881,1.0,0,4881,1.0,0,4881,1.0,0,4638,1.0
print/text/EcoWave_Sustainable_Fashion_Collection(print),original,1,0,0,4881,1.0,0,4881,1.0,0,4881,1.0,0,4638,1.0
print/text/EduBot_AI_Learning_Robot_Series(print),C1,0,3,0,4862,1.0,1,0,0.0,0,4862,1.0,0,3938,0.882
print/text/EduBot_AI_Learning_Robot_Series(print),C1+C2,0,3,0,4862,1.0,1,0,0.0,0,0,0.0,0,3938,0.882
print/text/EduBot_AI_Learning_Robot_Series(print),C2,1,3,0,4862,1.0,0,4862,1.0,0,4862,1.0,0,4465,1.0
print/text/EduBot_AI_Learning_Robot_Series(print),original,1,0,0,4862,1.0,0,4862,1.0,0,4862,1.0,0,4465,1.0
print/text/Evolution_Biodegradable_Plastics(print),C1,0,3,0,8624,1.0,1,0,0.0,0,8624,1.0,0,7866,1.0
print/text/Evolution_Biodegradable_Plastics(print),C1+C2,0,3,0,8624,1.0,1,0,0.0,0,0,0.0,0,7866,1.0
print/text/Evolution_Biodegradable_Plastics(print),C2,1,3,0,8624,1.0,0,8624,1.0,0,8624,1.0,0,7866,1.0
print/text/Evolution_Biodegradable_Plastics(print),original,1,0,0,8624,1.0,0,8624,1.0,0,8624,1.0,0,7866,1.0
print/text/Evolution_Food_Culture_Alternative_Foods(print),C1,0,3,0,7547,1.0,1,0,0.0,0,7547,1.0,0,6791,0.9862
print/text/Evolution_Food_Culture_Alternative_Foods(print),C1+C2,0,3,0,7547,1.0,1,0,0.0,0,0,0.0,0,6791,0.9862
print/text/Evolution_Food_Culture_Alternative_Foods(print),C2,1,3,0,7547,1.0,0,7547,1.0,0,7547,1.0,0,6886,1.0
print/text/Evolution_Food_Culture_Alternative_Foods(print),original,1,0,0,7547,1.0,0,7547,1.0,0,7547,1.0,0,6886,1.0
print/text/International_Logistics_Fire_Report(print),C1,0,3,0,4490,1.0,1,0,0.0,0,4490,1.0,0,4329,0.9884
print/text/International_Logistics_Fire_Report(print),C1+C2,0,3,0,4490,1.0,1,0,0.0,0,0,0.0,0,4329,0.9884
print/text/International_Logistics_Fire_Report(print),C2,1,3,0,4490,1.0,0,4490,1.0,0,4490,1.0,0,4380,1.0
print/text/International_Logistics_Fire_Report(print),original,1,0,0,4490,1.0,0,4490,1.0,0,4490,1.0,0,4380,1.0
print/text/Lumina_Interior_Lighting_Designbook(print),C1,0,3,0,4937,1.0,1,0,0.0,0,4937,1.0,0,4699,0.9932
print/text/Lumina_Interior_Lighting_Designbook(print),C1+C2,0,3,0,4937,1.0,1,0,0.0,0,0,0.0,0,4699,0.9932
print/text/Lumina_Interior_Lighting_Designbook(print),C2,1,3,0,4937,1.0,0,4937,1.0,0,4937,1.0,0,4731,1.0
print/text/Lumina_Interior_Lighting_Designbook(print),original,1,0,0,4937,1.0,0,4937,1.0,0,4937,1.0,0,4731,1.0
print/text/NeoHome_Smart_Appliances_Catalog_v5(print),C1,0,3,0,6044,1.0,1,0,0.0,0,6044,1.0,0,5456,0.9947
print/text/NeoHome_Smart_Appliances_Catalog_v5(print),C1+C2,0,3,0,6044,1.0,1,0,0.0,0,0,0.0,0,5456,0.9947
print/text/NeoHome_Smart_Appliances_Catalog_v5(print),C2,1,3,0,6044,1.0,0,6044,1.0,0,6044,1.0,0,5485,1.0
print/text/NeoHome_Smart_Appliances_Catalog_v5(print),original,1,0,0,6044,1.0,0,6044,1.0,0,6044,1.0,0,5485,1.0
print/text/New_Care_Models_Aging_Society(print),C1,0,3,0,7938,1.0,1,0,0.0,0,7938,1.0,0,7789,1.0
print/text/New_Care_Models_Aging_Society(print),C1+C2,0,3,0,7938,1.0,1,0,0.0,0,0,0.0,0,7789,1.0
print/text/New_Care_Models_Aging_Society(print),C2,1,3,0,7938,1.0,0,7938,1.0,0,7938,1.0,0,7789,1.0
print/text/New_Care_Models_Aging_Society(print),original,1,0,0,7938,1.0,0,7938,1.0,0,7938,1.0,0,7789,1.0
print/text/Next_Decade_Space_Exploration(print),C1,0,3,0,7601,1.0,1,0,0.0,0,7601,1.0,0,7254,0.9892
print/text/Next_Decade_Space_Exploration(print),C1+C2,0,3,0,7601,1.0,1,0,0.0,0,0,0.0,0,7254,0.9892
print/text/Next_Decade_Space_Exploration(print),C2,1,3,0,7601,1.0,0,7601,1.0,0,7601,1.0,0,7333,1.0
print/text/Next_Decade_Space_Exploration(print),original,1,0,0,7601,1.0,0,7601,1.0,0,7601,1.0,0,7333,1.0
print/text/OceanQuest_Modular_Water_Leisure_Equipment_Guide(print),C1,0,3,0,8715,1.0,1,0,0.0,0,8715,1.0,0,6405,0.8062
print/text/OceanQuest_Modular_Water_Leisure_Equipment_Guide(print),C1+C2,0,3,0,8715,1.0,1,0,0.0,0,0,0.0,0,6405,0.8062
print/text/OceanQuest_Modular_Water_Leisure_Equipment_Guide(print),C2,1,3,0,8715,1.0,0,8715,1.0,0,8715,1.0,0,7945,1.0
print/text/OceanQuest_Modular_Water_Leisure_Equipment_Guide(print),original,1,0,0,8715,1.0,0,8715,1.0,0,8715,1.0,0,7945,1.0
print/text/PetPal_Smart_PetCare_Products(print),C1,0,3,0,4849,1.0,1,0,0.0,0,4849,1.0,0,4109,0.8879
print/text/PetPal_Smart_PetCare_Products(print),C1+C2,0,3,0,4849,1.0,1,0,0.0,0,0,0.0,0,4109,0.8879
print/text/PetPal_Smart_PetCare_Products(print),C2,1,3,0,4849,1.0,0,4849,1.0,0,4849,1.0,0,4628,1.0
print/text/PetPal_Smart_PetCare_Products(print),original,1,0,0,4849,1.0,0,4849,1.0,0,4849,1.0,0,4628,1.0
print/text/Quantum_Computing_Race(print),C1,0,3,0,8284,1.0,1,0,0.0,0,8284,1.0,0,7691,0.9892
print/text/Quantum_Computing_Race(print),C1+C2,0,3,0,8284,1.0,1,0,0.0,0,0,0.0,0,7691,0.9892
print/text/Quantum_Computing_Race(print),C2,1,3,0,8284,1.0,0,8284,1.0,0,8284,1.0,0,7775,1.0
print/text/Quantum_Computing_Race(print),original,1,0,0,8284,1.0,0,8284,1.0,0,8284,1.0,0,7775,1.0
print/text/Robots_Automation_Future_Work(print),C1,0,3,0,6554,1.0,1,0,0.0,0,6554,1.0,0,6143,0.9859
print/text/Robots_Automation_Future_Work(print),C1+C2,0,3,0,6554,1.0,1,0,0.0,0,0,0.0,0,6143,0.9859
print/text/Robots_Automation_Future_Work(print),C2,1,3,0,6554,1.0,0,6554,1.0,0,6554,1.0,0,6231,1.0
print/text/Robots_Automation_Future_Work(print),original,1,0,0,6554,1.0,0,6554,1.0,0,6554,1.0,0,6231,1.0
print/text/Security_Breach_Investigation_Report(print),C1,0,3,0,5219,1.0,1,0,0.0,0,5220,1.0,0,4869,0.99
print/text/Security_Breach_Investigation_Report(print),C1+C2,0,3,0,5219,1.0,1,0,0.0,0,0,0.0,0,4869,0.99
print/text/Security_Breach_Investigation_Report(print),C2,1,3,0,5219,1.0,0,5220,1.0,0,5220,1.0,0,4918,1.0
print/text/Security_Breach_Investigation_Report(print),original,1,0,0,5219,1.0,0,5220,1.0,0,5220,1.0,0,4918,1.0
print/text/SkyGarden_Indoor_Vertical_Garden_Solutions(print),C1,0,3,0,3957,1.0,1,0,0.0,0,3957,1.0,0,3536,0.9894
print/text/SkyGarden_Indoor_Vertical_Garden_Solutions(print),C1+C2,0,3,0,3957,1.0,1,0,0.0,0,0,0.0,0,3536,0.9894
print/text/SkyGarden_Indoor_Vertical_Garden_Solutions(print),C2,1,3,0,3957,1.0,0,3957,1.0,0,3957,1.0,0,3574,1.0
print/text/SkyGarden_Indoor_Vertical_Garden_Solutions(print),original,1,0,0,3957,1.0,0,3957,1.0,0,3957,1.0,0,3574,1.0
print/text/Sustainable_Fashion_Innovation(print),C1,0,3,0,8415,1.0,1,0,0.0,0,8415,1.0,0,7204,0.9014
print/text/Sustainable_Fashion_Innovation(print),C1+C2,0,3,0,8415,1.0,1,0,0.0,0,0,0.0,0,7204,0.9014
print/text/Sustainable_Fashion_Innovation(print),C2,1,3,0,8415,1.0,0,8415,1.0,0,8415,1.0,0,7992,1.0
print/text/Sustainable_Fashion_Innovation(print),original,1,0,0,8415,1.0,0,8415,1.0,0,8415,1.0,0,7992,1.0
print/text/UrbanRide_Electric_Bike_Scooter_Series(print),C1,0,3,0,4855,1.0,1,0,0.0,0,4855,1.0,0,4640,0.9925
print/text/UrbanRide_Electric_Bike_Scooter_Series(print),C1+C2,0,3,0,4855,1.0,1,0,0.0,0,0,0.0,0,4640,0.9925
print/text/UrbanRide_Electric_Bike_Scooter_Series(print),C2,1,3,0,4855,1.0,0,4855,1.0,0,4855,1.0,0,4675,1.0
print/text/UrbanRide_Electric_Bike_Scooter_Series(print),original,1,0,0,4855,1.0,0,4855,1.0,0,4855,1.0,0,4675,1.0
print/text/Urban_Fine_Particulate_Matter(print),C1,0,3,0,7921,1.0,1,0,0.0,0,7921,1.0,0,7249,1.0
print/text/Urban_Fine_Particulate_Matter(print),C1+C2,0,3,0,7921,1.0,1,0,0.0,0,0,0.0,0,7249,1.0
print/text/Urban_Fine_Particulate_Matter(print),C2,1,3,0,7921,1.0,0,7921,1.0,0,7921,1.0,0,7249,1.0
print/text/Urban_Fine_Particulate_Matter(print),original,1,0,0,7921,1.0,0,7921,1.0,0,7921,1.0,0,7249,1.0
print/text/ai_ethics_responsible_use_guidelines_multilang(print),C1,0,3,0,6404,1.0,1,0,0.0,0,6404,1.0,0,5904,0.9944
print/text/ai_ethics_responsible_use_guidelines_multilang(print),C1+C2,0,3,0,6404,1.0,1,0,0.0,0,0,0.0,0,5904,0.9944
print/text/ai_ethics_responsible_use_guidelines_multilang(print),C2,1,3,0,6404,1.0,0,6404,1.0,0,6404,1.0,0,5937,1.0
print/text/ai_ethics_responsible_use_guidelines_multilang(print),original,1,0,0,6404,1.0,0,6404,1.0,0,6404,1.0,0,5937,1.0
print/text/climate_crisis_preparedness_community_action_guidelines_multilang(print),C1,0,3,0,7253,1.0,1,0,0.0,0,7253,1.0,0,6675,0.9924
print/text/climate_crisis_preparedness_community_action_guidelines_multilang(print),C1+C2,0,3,0,7253,1.0,1,0,0.0,0,0,0.0,0,6675,0.9924
print/text/climate_crisis_preparedness_community_action_guidelines_multilang(print),C2,1,3,0,7253,1.0,0,7253,1.0,0,7253,1.0,0,6726,1.0
print/text/climate_crisis_preparedness_community_action_guidelines_multilang(print),original,1,0,0,7253,1.0,0,7253,1.0,0,7253,1.0,0,6726,1.0
print/text/confidential_doc_leak_collusion_investigation(print),C1,0,3,0,3864,1.0,1,0,0.0,0,3864,1.0,0,3432,0.9684
print/text/confidential_doc_leak_collusion_investigation(print),C1+C2,0,3,0,3864,1.0,1,0,0.0,0,0,0.0,0,3432,0.9684
print/text/confidential_doc_leak_collusion_investigation(print),C2,1,3,0,3864,1.0,0,3864,1.0,0,3864,1.0,0,3544,1.0
print/text/confidential_doc_leak_collusion_investigation(print),original,1,0,0,3864,1.0,0,3864,1.0,0,3864,1.0,0,3544,1.0
print/text/digital_data_security_guidelines(print),C1,0,3,0,6876,1.0,1,0,0.0,0,6876,1.0,0,6337,0.9939
print/text/digital_data_security_guidelines(print),C1+C2,0,3,0,6876,1.0,1,0,0.0,0,0,0.0,0,6337,0.9939
print/text/digital_data_security_guidelines(print),C2,1,3,0,6876,1.0,0,6876,1.0,0,6876,1.0,0,6376,1.0
print/text/digital_data_security_guidelines(print),original,1,0,0,6876,1.0,0,6876,1.0,0,6876,1.0,0,6376,1.0
print/text/educational_technology_elearning_safety_guidelines_multilang(print),C1,0,3,0,7135,1.0,1,0,0.0,0,7135,1.0,0,6948,0.985
print/text/educational_technology_elearning_safety_guidelines_multilang(print),C1+C2,0,3,0,7135,1.0,1,0,0.0,0,0,0.0,0,6948,0.985
print/text/educational_technology_elearning_safety_guidelines_multilang(print),C2,1,3,0,7135,1.0,0,7135,1.0,0,7135,1.0,0,7054,1.0
print/text/educational_technology_elearning_safety_guidelines_multilang(print),original,1,0,0,7135,1.0,0,7135,1.0,0,7135,1.0,0,7054,1.0
print/text/global_cloud_datacenter_cooling_failure_report(print),C1,0,3,0,2579,1.0,1,0,0.0,0,2579,1.0,0,2469,0.9763
print/text/global_cloud_datacenter_cooling_failure_report(print),C1+C2,0,3,0,2579,1.0,1,0,0.0,0,0,0.0,0,2469,0.9763
print/text/global_cloud_datacenter_cooling_failure_report(print),C2,1,3,0,2579,1.0,0,2579,1.0,0,2579,1.0,0,2529,1.0
print/text/global_cloud_datacenter_cooling_failure_report(print),original,1,0,0,2579,1.0,0,2579,1.0,0,2579,1.0,0,2529,1.0
print/text/green_energy_sustainable_living_guidelines_multilang(print),C1,0,3,0,4823,1.0,1,0,0.0,0,4823,1.0,0,4410,0.9912
print/text/green_energy_sustainable_living_guidelines_multilang(print),C1+C2,0,3,0,4823,1.0,1,0,0.0,0,0,0.0,0,4410,0.9912
print/text/green_energy_sustainable_living_guidelines_multilang(print),C2,1,3,0,4823,1.0,0,4823,1.0,0,4823,1.0,0,4449,1.0
print/text/green_energy_sustainable_living_guidelines_multilang(print),original,1,0,0,4823,1.0,0,4823,1.0,0,4823,1.0,0,4449,1.0
print/text/health_wellbeing_digital_age_guidelines_multilang(print),C1,0,3,0,6003,1.0,1,0,0.0,0,6003,1.0,0,5969,0.9935
print/text/health_wellbeing_digital_age_guidelines_multilang(print),C1+C2,0,3,0,6003,1.0,1,0,0.0,0,0,0.0,0,5969,0.9935
print/text/health_wellbeing_digital_age_guidelines_multilang(print),C2,1,3,0,6003,1.0,0,6003,1.0,0,6003,1.0,0,6008,1.0
print/text/health_wellbeing_digital_age_guidelines_multilang(print),original,1,0,0,6003,1.0,0,6003,1.0,0,6003,1.0,0,6008,1.0
print/text/illegal_item_trading_money_laundering_in_games(print),C1,0,3,0,3272,1.0,1,0,0.0,0,3272,1.0,0,2910,0.9639
print/text/illegal_item_trading_money_laundering_in_games(print),C1+C2,0,3,0,3272,1.0,1,0,0.0,0,0,0.0,0,2910,0.9639
print/text/illegal_item_trading_money_laundering_in_games(print),C2,1,3,0,3272,1.0,0,3272,1.0,0,3272,1.0,0,3019,1.0
print/text/illegal_item_trading_money_laundering_in_games(print),original,1,0,0,3272,1.0,0,3272,1.0,0,3272,1.0,0,3019,1.0
print/text/messenger_app_data_misuse_investigation(print),C1,0,3,0,2766,1.0,1,0,0.0,0,2766,1.0,0,2461,0.9689
print/text/messenger_app_data_misuse_investigation(print),C1+C2,0,3,0,2766,1.0,1,0,0.0,0,0,0.0,0,2461,0.9689
print/text/messenger_app_data_misuse_investigation(print),C2,1,3,0,2766,1.0,0,2766,1.0,0,2766,1.0,0,2540,1.0
print/text/messenger_app_data_misuse_investigation(print),original,1,0,0,2766,1.0,0,2766,1.0,0,2766,1.0,0,2540,1.0
print/text/open_source_software_contribution_guidelines_multilang(print),C1,0,3,0,7015,1.0,1,0,0.0,0,7015,1.0,0,6505,0.9937
print/text/open_source_software_contribution_guidelines_multilang(print),C1+C2,0,3,0,7015,1.0,1,0,0.0,0,0,0.0,0,6505,0.9937
print/text/open_source_software_contribution_guidelines_multilang(print),C2,1,3,0,7015,1.0,0,7015,1.0,0,7015,1.0,0,6546,1.0
print/text/open_source_software_contribution_guidelines_multilang(print),original,1,0,0,7015,1.0,0,7015,1.0,0,7015,1.0,0,6546,1.0
print/text/personal_finance_cyber_fraud_prevention_guidelines_multilang(print),C1,0,3,0,6812,1.0,1,0,0.0,0,6812,1.0,0,6710,0.993
print/text/personal_finance_cyber_fraud_prevention_guidelines_multilang(print),C1+C2,0,3,0,6812,1.0,1,0,0.0,0,0,0.0,0,6710,0.993
print/text/personal_finance_cyber_fraud_prevention_guidelines_multilang(print),C2,1,3,0,6812,1.0,0,6812,1.0,0,6812,1.0,0,6757,1.0
print/text/personal_finance_cyber_fraud_prevention_guidelines_multilang(print),original,1,0,0,6812,1.0,0,6812,1.0,0,6812,1.0,0,6757,1.0
print/text/remote_work_home_office_guidelines(print),C1,0,3,0,5497,1.0,1,0,0.0,0,5497,1.0,0,5078,0.9939
print/text/remote_work_home_office_guidelines(print),C1+C2,0,3,0,5497,1.0,1,0,0.0,0,0,0.0,0,5078,0.9939
print/text/remote_work_home_office_guidelines(print),C2,1,3,0,5497,1.0,0,5497,1.0,0,5497,1.0,0,5109,1.0
print/text/remote_work_home_office_guidelines(print),original,1,0,0,5497,1.0,0,5497,1.0,0,5497,1.0,0,5109,1.0
print/text/smart_city_data_privacy_guidelines_multilang(print),C1,0,3,0,7371,1.0,1,0,0.0,0,7371,1.0,0,6024,0.8236
print/text/smart_city_data_privacy_guidelines_multilang(print),C1+C2,0,3,0,7371,1.0,1,0,0.0,0,0,0.0,0,6024,0.8236
print/text/smart_city_data_privacy_guidelines_multilang(print),C2,1,3,0,7371,1.0,0,7371,1.0,0,7371,1.0,0,7314,1.0
print/text/smart_city_data_privacy_guidelines_multilang(print),original,1,0,0,7371,1.0,0,7371,1.0,0,7371,1.0,0,7314,1.0
print/text/smart_factory_robot_malfunction_analysis(print),C1,0,3,0,3482,1.0,1,0,0.0,0,3482,1.0,0,3054,0.9652
print/text/smart_factory_robot_malfunction_analysis(print),C1+C2,0,3,0,3482,1.0,1,0,0.0,0,0,0.0,0,3054,0.9652
print/text/smart_factory_robot_malfunction_analysis(print),C2,1,3,0,3482,1.0,0,3482,1.0,0,3482,1.0,0,3164,1.0
print/text/smart_factory_robot_malfunction_analysis(print),original,1,0,0,3482,1.0,0,3482,1.0,0,3482,1.0,0,3164,1.0
saveas/text+img/global_agriculture_food_security_climate_impact(saveas),C1,0,3,0,10070,1.0,1,0,0.0,0,9984,1.0,0,10213,1.0
saveas/text+img/global_agriculture_food_security_climate_impact(saveas),C1+C2,0,3,0,10070,1.0,1,0,0.0,0,0,0.0,0,10213,1.0
saveas/text+img/global_agriculture_food_security_climate_impact(saveas),C2,1,3,0,10070,1.0,0,9984,1.0,0,9984,1.0,0,10213,1.0
saveas/text+img/global_agriculture_food_security_climate_impact(saveas),original,1,0,0,10070,1.0,0,9984,1.0,0,9984,1.0,0,10213,1.0
saveas/text+img/global_ai_technology_investment_and_industry_adoption(saveas),C1,0,3,0,7532,1.0,1,0,0.0,0,7462,1.0,0,7656,1.0
saveas/text+img/global_ai_technology_investment_and_industry_adoption(saveas),C1+C2,0,3,0,7532,1.0,1,0,0.0,0,0,0.0,0,7656,1.0
saveas/text+img/global_ai_technology_investment_and_industry_adoption(saveas),C2,1,3,0,7532,1.0,0,7462,1.0,0,7462,1.0,0,7656,1.0
saveas/text+img/global_ai_technology_investment_and_industry_adoption(saveas),original,1,0,0,7532,1.0,0,7462,1.0,0,7462,1.0,0,7656,1.0
saveas/text+img/global_climate_change_indicators_and_ghg_emissions(saveas),C1,0,3,0,8209,1.0,1,0,0.0,0,8128,1.0,0,8322,1.0
saveas/text+img/global_climate_change_indicators_and_ghg_emissions(saveas),C1+C2,0,3,0,8209,1.0,1,0,0.0,0,0,0.0,0,8322,1.0
saveas/text+img/global_climate_change_indicators_and_ghg_emissions(saveas),C2,1,3,0,8209,1.0,0,8128,1.0,0,8128,1.0,0,8322,1.0
saveas/text+img/global_climate_change_indicators_and_ghg_emissions(saveas),original,1,0,0,8209,1.0,0,8128,1.0,0,8128,1.0,0,8322,1.0
saveas/text+img/global_esports_and_gaming_industry_growth(saveas),C1,0,3,0,7913,1.0,1,0,0.0,0,7855,1.0,0,8032,1.0
saveas/text+img/global_esports_and_gaming_industry_growth(saveas),C1+C2,0,3,0,7913,1.0,1,0,0.0,0,0,0.0,0,8032,1.0
saveas/text+img/global_esports_and_gaming_industry_growth(saveas),C2,1,3,0,7913,1.0,0,7855,1.0,0,7855,1.0,0,8032,1.0
saveas/text+img/global_esports_and_gaming_industry_growth(saveas),original,1,0,0,7913,1.0,0,7855,1.0,0,7855,1.0,0,8032,1.0
saveas/text+img/global_ev_market_growth_statistics(saveas),C1,0,3,0,6245,1.0,1,0,0.0,0,6192,1.0,0,6355,1.0
saveas/text+img/global_ev_market_growth_statistics(saveas),C1+C2,0,3,0,6245,1.0,1,0,0.0,0,0,0.0,0,6355,1.0
saveas/text+img/global_ev_market_growth_statistics(saveas),C2,1,3,0,6245,1.0,0,6192,1.0,0,6192,1.0,0,6355,1.0
saveas/text+img/global_ev_market_growth_statistics(saveas),original,1,0,0,6245,1.0,0,6192,1.0,0,6192,1.0,0,6355,1.0
saveas/text+img/global_healthcare_digital_health_patient_data_trends(saveas),C1,0,3,0,9156,1.0,1,0,0.0,0,9022,1.0,0,9294,1.0
saveas/text+img/global_healthcare_digital_health_patient_data_trends(saveas),C1+C2,0,3,0,9156,1.0,1,0,0.0,0,0,0.0,0,9294,1.0
saveas/text+img/global_healthcare_digital_health_patient_data_trends(saveas),C2,1,3,0,9156,1.0,0,9022,1.0,0,9022,1.0,0,9294,1.0
saveas/text+img/global_healthcare_digital_health_patient_data_trends(saveas),original,1,0,0,9156,1.0,0,9022,1.0,0,9022,1.0,0,9294,1.0
saveas/text+img/global_renewable_energy_generation_and_carbon_reduction_analysis(saveas),C1,0,3,0,7422,1.0,1,0,0.0,0,7373,1.0,0,7531,1.0
saveas/text+img/global_renewable_energy_generation_and_carbon_reduction_analysis(saveas),C1+C2,0,3,0,7422,1.0,1,0,0.0,0,0,0.0,0,7531,1.0
saveas/text+img/global_renewable_energy_generation_and_carbon_reduction_analysis(saveas),C2,1,3,0,7422,1.0,0,7373,1.0,0,7373,1.0,0,7531,1.0
saveas/text+img/global_renewable_energy_generation_and_carbon_reduction_analysis(saveas),original,1,0,0,7422,1.0,0,7373,1.0,0,7373,1.0,0,7531,1.0
saveas/text+img/international_tourism_trends_country_spending_patterns_multilang(saveas),C1,0,3,0,8193,1.0,1,0,0.0,0,8105,1.0,0,8294,1.0
saveas/text+img/international_tourism_trends_country_spending_patterns_multilang(saveas),C1+C2,0,3,0,8193,1.0,1,0,0.0,0,0,0.0,0,8294,1.0
saveas/text+img/international_tourism_trends_country_spending_patterns_multilang(saveas),C2,1,3,0,8193,1.0,0,8105,1.0,0,8105,1.0,0,8294,1.0
saveas/text+img/international_tourism_trends_country_spending_patterns_multilang(saveas),original,1,0,0,8193,1.0,0,8105,1.0,0,8105,1.0,0,8294,1.0
saveas/text+img/mobile_payment_and_fintech_service_expansion(saveas),C1,0,3,0,8397,1.0,1,0,0.0,0,8320,1.0,0,8537,1.0
saveas/text+img/mobile_payment_and_fintech_service_expansion(saveas),C1+C2,0,3,0,8397,1.0,1,0,0.0,0,0,0.0,0,8537,1.0
saveas/text+img/mobile_payment_and_fintech_service_expansion(saveas),C2,1,3,0,8397,1.0,0,8320,1.0,0,8320,1.0,0,8537,1.0
saveas/text+img/mobile_payment_and_fintech_service_expansion(saveas),original,1,0,0,8397,1.0,0,8320,1.0,0,8320,1.0,0,8537,1.0
saveas/text+img/online_education_elearning_market_growth_analysis(saveas),C1,0,3,0,8478,1.0,1,0,0.0,0,8405,1.0,0,8587,1.0
saveas/text+img/online_education_elearning_market_growth_analysis(saveas),C1+C2,0,3,0,8478,1.0,1,0,0.0,0,0,0.0,0,8587,1.0
saveas/text+img/online_education_elearning_market_growth_analysis(saveas),C2,1,3,0,8478,1.0,0,8405,1.0,0,8405,1.0,0,8587,1.0
saveas/text+img/online_education_elearning_market_growth_analysis(saveas),original,1,0,0,8478,1.0,0,8405,1.0,0,8405,1.0,0,8587,1.0
saveas/text/AI_Development_MultiLanguage(saveas),C1,0,3,0,7252,1.0,1,0,0.0,0,7180,1.0,0,7346,1.0
saveas/text/AI_Development_MultiLanguage(saveas),C1+C2,0,3,0,7252,1.0,1,0,0.0,0,0,0.0,0,7346,1.0
saveas/text/AI_Development_MultiLanguage(saveas),C2,1,3,0,7252,1.0,0,7180,1.0,0,7180,1.0,0,7346,1.0
saveas/text/AI_Development_MultiLanguage(saveas),original,1,0,0,7252,1.0,0,7180,1.0,0,7180,1.0,0,7346,1.0
saveas/text/AeroChef_Drone_Delivery_Cooking_Service(saveas),C1,0,3,0,4923,1.0,1,0,0.0,0,4891,1.0,0,5026,1.0
saveas/text/AeroChef_Drone_Delivery_Cooking_Service(saveas),C1+C2,0,3,0,4923,1.0,1,0,0.0,0,0,0.0,0,5026,1.0
saveas/text/AeroChef_Drone_Delivery_Cooking_Service(saveas),C2,1,3,0,4923,1.0,0,4891,1.0,0,4891,1.0,0,5026,1.0
saveas/text/AeroChef_Drone_Delivery_Cooking_Service(saveas),original,1,0,0,4923,1.0,0,4891,1.0,0,4891,1.0,0,5026,1.0
saveas/text/Aurora_VR_AR_Game_Lineup_Multilingual(saveas),C1,0,3,0,11330,1.0,1,0,0.0,0,11269,1.0,0,11532,1.0
saveas/text/Aurora_VR_AR_Game_Lineup_Multilingual(saveas),C1+C2,0,3,0,11330,1.0,1,0,0.0,0,0,0.0,0,11532,1.0
saveas/text/Aurora_VR_AR_Game_Lineup_Multilingual(saveas),C2,1,3,0,11330,1.0,0,11269,1.0,0,11269,1.0,0,11532,1.0
saveas/text/Aurora_VR_AR_Game_Lineup_Multilingual(saveas),original,1,0,0,11330,1.0,0,11269,1.0,0,11269,1.0,0,11532,1.0
saveas/text/Autonomous_Vehicle_Accident_Report(saveas),C1,0,3,0,4470,1.0,1,0,0.0,0,4442,1.0,0,4625,1.0
saveas/text/Autonomous_Vehicle_Accident_Report(saveas),C1+C2,0,3,0,4470,1.0,1,0,0.0,0,0,0.0,0,4625,1.0
saveas/text/Autonomous_Vehicle_Accident_Report(saveas),C2,1,3,0,4470,1.0,0,4442,1.0,0,4442,1.0,0,4625,1.0
saveas/text/Autonomous_Vehicle_Accident_Report(saveas),original,1,0,0,4470,1.0,0,4442,1.0,0,4442,1.0,0,4625,1.0
saveas/text/BioNext_Data_Leak_Report(saveas),C1,0,3,0,5078,1.0,1,0,0.0,0,5055,1.0,0,5241,1.0
saveas/text/BioNext_Data_Leak_Report(saveas),C1+C2,0,3,0,5078,1.0,1,0,0.0,0,0,0.0,0,5241,1.0
saveas/text/BioNext_Data_Leak_Report(saveas),C2,1,3,0,5078,1.0,0,5055,1.0,0,5055,1.0,0,5241,1.0
saveas/text/BioNext_Data_Leak_Report(saveas),original,1,0,0,5078,1.0,0,5055,1.0,0,5055,1.0,0,5241,1.0
saveas/text/Digital_Minimalism(saveas),C1,0,3,0,7864,1.0,1,0,0.0,0,7808,1.0,0,7960,1.0
saveas/text/Digital_Minimalism(saveas),C1+C2,0,3,0,7864,1.0,1,0,0.0,0,0,0.0,0,7960,1.0
saveas/text/Digital_Minimalism(saveas),C2,1,3,0,7864,1.0,0,7808,1.0,0,7808,1.0,0,7960,1.0
saveas/text/Digital_Minimalism(saveas),original,1,0,0,7864,1.0,0,7808,1.0,0,7808,1.0,0,7960,1.0
saveas/text/E-Payment_Service_Outage_Report(saveas),C1,0,3,0,5169,1.0,1,0,0.0,0,5131,1.0,0,5318,1.0
saveas/text/E-Payment_Service_Outage_Report(saveas),C1+C2,0,3,0,5169,1.0,1,0,0.0,0,0,0.0,0,5318,1.0
saveas/text/E-Payment_Service_Outage_Report(saveas),C2,1,3,0,5169,1.0,0,5131,1.0,0,5131,1.0,0,5318,1.0
saveas/text/E-Payment_Service_Outage_Report(saveas),original,1,0,0,5169,1.0,0,5131,1.0,0,5131,1.0,0,5318,1.0
saveas/text/EcoWave_Sustainable_Fashion_Collection(saveas),C1,0,3,0,5033,1.0,1,0,0.0,0,4975,1.0,0,5128,1.0
saveas/text/EcoWave_Sustainable_Fashion_Collection(saveas),C1+C2,0,3,0,5033,1.0,1,0,0.0,0,0,0.0,0,5128,1.0
saveas/text/EcoWave_Sustainable_Fashion_Collection(saveas),C2,1,3,0,5033,1.0,0,4975,1.0,0,4975,1.0,0,5128,1.0
saveas/text/EcoWave_Sustainable_Fashion_Collection(saveas),original,1,0,0,5033,1.0,0,4975,1.0,0,4975,1.0,0,5128,1.0
saveas/text/EduBot_AI_Learning_Robot_Series(saveas),C1,0,3,0,5028,1.0,1,0,0.0,0,4988,1.0,0,5143,1.0
saveas/text/EduBot_AI_Learning_Robot_Series(saveas),C1+C2,0,3,0,5028,1.0,1,0,0.0,0,0,0.0,0,5143,1.0
saveas/text/EduBot_AI_Learning_Robot_Series(saveas),C2,1,3,0,5028,1.0,0,4988,1.0,0,4988,1.0,0,5143,1.0
saveas/text/EduBot_AI_Learning_Robot_Series(saveas),original,1,0,0,5028,1.0,0,4988,1.0,0,4988,1.0,0,5143,1.0
saveas/text/Evolution_Biodegradable_Plastics(saveas),C1,0,3,0,9007,1.0,1,0,0.0,0,8910,1.0,0,9114,1.0
saveas/text/Evolution_Biodegradable_Plastics(saveas),C1+C2,0,3,0,9007,1.0,1,0,0.0,0,0,0.0,0,9114,1.0
saveas/text/Evolution_Biodegradable_Plastics(saveas),C2,1,3,0,9007,1.0,0,8910,1.0,0,8910,1.0,0,9114,1.0
saveas/text/Evolution_Biodegradable_Plastics(saveas),original,1,0,0,9007,1.0,0,8910,1.0,0,8910,1.0,0,9114,1.0
saveas/text/Evolution_Food_Culture_Alternative_Foods(saveas),C1,0,3,0,8286,1.0,1,0,0.0,0,8221,1.0,0,8385,1.0
saveas/text/Evolution_Food_Culture_Alternative_Foods(saveas),C1+C2,0,3,0,8286,1.0,1,0,0.0,0,0,0.0,0,8385,1.0
saveas/text/Evolution_Food_Culture_Alternative_Foods(saveas),C2,1,3,0,8286,1.0,0,8221,1.0,0,8221,1.0,0,8385,1.0
saveas/text/Evolution_Food_Culture_Alternative_Foods(saveas),original,1,0,0,8286,1.0,0,8221,1.0,0,8221,1.0,0,8385,1.0
saveas/text/International_Logistics_Fire_Report(saveas),C1,0,3,0,5140,1.0,1,0,0.0,0,5093,1.0,0,5297,1.0
saveas/text/International_Logistics_Fire_Report(saveas),C1+C2,0,3,0,5140,1.0,1,0,0.0,0,0,0.0,0,5297,1.0
saveas/text/International_Logistics_Fire_Report(saveas),C2,1,3,0,5140,1.0,0,5093,1.0,0,5093,1.0,0,5297,1.0
saveas/text/International_Logistics_Fire_Report(saveas),original,1,0,0,5140,1.0,0,5093,1.0,0,5093,1.0,0,5297,1.0
saveas/text/Lumina_Interior_Lighting_Designbook(saveas),C1,0,3,0,5097,1.0,1,0,0.0,0,5055,1.0,0,5229,1.0
saveas/text/Lumina_Interior_Lighting_Designbook(saveas),C1+C2,0,3,0,5097,1.0,1,0,0.0,0,0,0.0,0,5229,1.0
saveas/text/Lumina_Interior_Lighting_Designbook(saveas),C2,1,3,0,5097,1.0,0,5055,1.0,0,5055,1.0,0,5229,1.0
saveas/text/Lumina_Interior_Lighting_Designbook(saveas),original,1,0,0,5097,1.0,0,5055,1.0,0,5055,1.0,0,5229,1.0
saveas/text/NeoHome_Smart_Appliances_Catalog_v5(saveas),C1,0,3,0,6638,1.0,1,0,0.0,0,6591,1.0,0,6758,1.0
saveas/text/NeoHome_Smart_Appliances_Catalog_v5(saveas),C1+C2,0,3,0,6638,1.0,1,0,0.0,0,0,0.0,0,6758,1.0
saveas/text/NeoHome_Smart_Appliances_Catalog_v5(saveas),C2,1,3,0,6638,1.0,0,6591,1.0,0,6591,1.0,0,6758,1.0
saveas/text/NeoHome_Smart_Appliances_Catalog_v5(saveas),original,1,0,0,6638,1.0,0,6591,1.0,0,6591,1.0,0,6758,1.0
saveas/text/New_Care_Models_Aging_Society(saveas),C1,0,3,0,8729,1.0,1,0,0.0,0,8652,1.0,0,8831,1.0
saveas/text/New_Care_Models_Aging_Society(saveas),C1+C2,0,3,0,8729,1.0,1,0,0.0,0,0,0.0,0,8831,1.0
saveas/text/New_Care_Models_Aging_Society(saveas),C2,1,3,0,8729,1.0,0,8652,1.0,0,8652,1.0,0,8831,1.0
saveas/text/New_Care_Models_Aging_Society(saveas),original,1,0,0,8729,1.0,0,8652,1.0,0,8652,1.0,0,8831,1.0
saveas/text/Next_Decade_Space_Exploration(saveas),C1,0,3,0,7760,1.0,1,0,0.0,0,7709,1.0,0,7862,1.0
saveas/text/Next_Decade_Space_Exploration(saveas),C1+C2,0,3,0,7760,1.0,1,0,0.0,0,0,0.0,0,7862,1.0
saveas/text/Next_Decade_Space_Exploration(saveas),C2,1,3,0,7760,1.0,0,7709,1.0,0,7709,1.0,0,7862,1.0
saveas/text/Next_Decade_Space_Exploration(saveas),original,1,0,0,7760,1.0,0,7709,1.0,0,7709,1.0,0,7862,1.0
saveas/text/OceanQuest_Modular_Water_Leisure_Equipment_Guide(saveas),C1,0,3,0,9506,1.0,1,0,0.0,0,9411,1.0,0,9629,1.0
saveas/text/OceanQuest_Modular_Water_Leisure_Equipment_Guide(saveas),C1+C2,0,3,0,9506,1.0,1,0,0.0,0,0,0.0,0,9629,1.0
saveas/text/OceanQuest_Modular_Water_Leisure_Equipment_Guide(saveas),C2,1,3,0,9506,1.0,0,9411,1.0,0,9411,1.0,0,9629,1.0
saveas/text/OceanQuest_Modular_Water_Leisure_Equipment_Guide(saveas),original,1,0,0,9506,1.0,0,9411,1.0,0,9411,1.0,0,9629,1.0
saveas/text/PetPal_Smart_PetCare_Products(saveas),C1,0,3,0,5246,1.0,1,0,0.0,0,5207,1.0,0,5349,1.0
saveas/text/PetPal_Smart_PetCare_Products(saveas),C1+C2,0,3,0,5246,1.0,1,0,0.0,0,0,0.0,0,5349,1.0
saveas/text/PetPal_Smart_PetCare_Products(saveas),C2,1,3,0,5246,1.0,0,5207,1.0,0,5207,1.0,0,5349,1.0
saveas/text/PetPal_Smart_PetCare_Products(saveas),original,1,0,0,5246,1.0,0,5207,1.0,0,5207,1.0,0,5349,1.0
saveas/text/Quantum_Computing_Race(saveas),C1,0,3,0,8573,1.0,1,0,0.0,0,8495,1.0,0,8680,1.0
saveas/text/Quantum_Computing_Race(saveas),C1+C2,0,3,0,8573,1.0,1,0,0.0,0,0,0.0,0,8680,1.0
saveas/text/Quantum_Computing_Race(saveas),C2,1,3,0,8573,1.0,0,8495,1.0,0,8495,1.0,0,8680,1.0
saveas/text/Quantum_Computing_Race(saveas),original,1,0,0,8573,1.0,0,8495,1.0,0,8495,1.0,0,8680,1.0
saveas/text/Robots_Automation_Future_Work(saveas),C1,0,3,0,7751,1.0,1,0,0.0,0,7689,1.0,0,7853,1.0
saveas/text/Robots_Automation_Future_Work(saveas),C1+C2,0,3,0,7751,1.0,1,0,0.0,0,0,0.0,0,7853,1.0
saveas/text/Robots_Automation_Future_Work(saveas),C2,1,3,0,7751,1.0,0,7689,1.0,0,7689,1.0,0,7853,1.0
saveas/text/Robots_Automation_Future_Work(saveas),original,1,0,0,7751,1.0,0,7689,1.0,0,7689,1.0,0,7853,1.0
saveas/text/Security_Breach_Investigation_Report(saveas),C1,0,3,0,5751,1.0,1,0,0.0,0,5725,1.0,0,5930,1.0
saveas/text/Security_Breach_Investigation_Report(saveas),C1+C2,0,3,0,5751,1.0,1,0,0.0,0,0,0.0,0,5930,1.0
saveas/text/Security_Breach_Investigation_Report(saveas),C2,1,3,0,5751,1.0,0,5725,1.0,0,5725,1.0,0,5930,1.0
saveas/text/Security_Breach_Investigation_Report(saveas),original,1,0,0,5751,1.0,0,5725,1.0,0,5725,1.0,0,5930,1.0
saveas/text/SkyGarden_Indoor_Vertical_Garden_Solutions(saveas),C1,0,3,0,4771,1.0,1,0,0.0,0,4740,1.0,0,4855,1.0
saveas/text/SkyGarden_Indoor_Vertical_Garden_Solutions(saveas),C1+C2,0,3,0,4771,1.0,1,0,0.0,0,0,0.0,0,4855,1.0
saveas/text/SkyGarden_Indoor_Vertical_Garden_Solutions(saveas),C2,1,3,0,4771,1.0,0,4740,1.0,0,4740,1.0,0,4855,1.0
saveas/text/SkyGarden_Indoor_Vertical_Garden_Solutions(saveas),original,1,0,0,4771,1.0,0,4740,1.0,0,4740,1.0,0,4855,1.0
saveas/text/Sustainable_Fashion_Innovation(saveas),C1,0,3,0,8753,1.0,1,0,0.0,0,8695,1.0,0,8868,1.0
saveas/text/Sustainable_Fashion_Innovation(saveas),C1+C2,0,3,0,8753,1.0,1,0,0.0,0,0,0.0,0,8868,1.0
saveas/text/Sustainable_Fashion_Innovation(saveas),C2,1,3,0,8753,1.0,0,8695,1.0,0,8695,1.0,0,8868,1.0
saveas/text/Sustainable_Fashion_Innovation(saveas),original,1,0,0,8753,1.0,0,8695,1.0,0,8695,1.0,0,8868,1.0
saveas/text/UrbanRide_Electric_Bike_Scooter_Series(saveas),C1,0,3,0,5411,1.0,1,0,0.0,0,5367,1.0,0,5539,1.0
saveas/text/UrbanRide_Electric_Bike_Scooter_Series(saveas),C1+C2,0,3,0,5411,1.0,1,0,0.0,0,0,0.0,0,5539,1.0
saveas/text/UrbanRide_Electric_Bike_Scooter_Series(saveas),C2,1,3,0,5411,1.0,0,5367,1.0,0,5367,1.0,0,5539,1.0
saveas/text/UrbanRide_Electric_Bike_Scooter_Series(saveas),original,1,0,0,5411,1.0,0,5367,1.0,0,5367,1.0,0,5539,1.0
saveas/text/Urban_Fine_Particulate_Matter(saveas),C1,0,3,0,8173,1.0,1,0,0.0,0,8104,1.0,0,8275,1.0
saveas/text/Urban_Fine_Particulate_Matter(saveas),C1+C2,0,3,0,8173,1.0,1,0,0.0,0,0,0.0,0,8275,1.0
saveas/text/Urban_Fine_Particulate_Matter(saveas),C2,1,3,0,8173,1.0,0,8104,1.0,0,8104,1.0,0,8275,1.0
saveas/text/Urban_Fine_Particulate_Matter(saveas),original,1,0,0,8173,1.0,0,8104,1.0,0,8104,1.0,0,8275,1.0
saveas/text/ai_ethics_responsible_use_guidelines_multilang(saveas),C1,0,3,0,6534,1.0,1,0,0.0,0,6498,1.0,0,6679,1.0
saveas/text/ai_ethics_responsible_use_guidelines_multilang(saveas),C1+C2,0,3,0,6534,1.0,1,0,0.0,0,0,0.0,0,6679,1.0
saveas/text/ai_ethics_responsible_use_guidelines_multilang(saveas),C2,1,3,0,6534,1.0,0,6498,1.0,0,6498,1.0,0,6679,1.0
saveas/text/ai_ethics_responsible_use_guidelines_multilang(saveas),original,1,0,0,6534,1.0,0,6498,1.0,0,6498,1.0,0,6679,1.0
saveas/text/climate_crisis_preparedness_community_action_guidelines_multilang(saveas),C1,0,3,0,8044,1.0,1,0,0.0,0,7986,1.0,0,8226,1.0
saveas/text/climate_crisis_preparedness_community_action_guidelines_multilang(saveas),C1+C2,0,3,0,8044,1.0,1,0,0.0,0,0,0.0,0,8226,1.0
saveas/text/climate_crisis_preparedness_community_action_guidelines_multilang(saveas),C2,1,3,0,8044,1.0,0,7986,1.0,0,7986,1.0,0,8226,1.0
saveas/text/climate_crisis_preparedness_community_action_guidelines_multilang(saveas),original,1,0,0,8044,1.0,0,7986,1.0,0,7986,1.0,0,8226,1.0
saveas/text/confidential_doc_leak_collusion_investigation(saveas),C1,0,3,0,3998,1.0,1,0,0.0,0,3972,1.0,0,4097,1.0
saveas/text/confidential_doc_leak_collusion_investigation(saveas),C1+C2,0,3,0,3998,1.0,1,0,0.0,0,0,0.0,0,4097,1.0
saveas/text/confidential_doc_leak_collusion_investigation(saveas),C2,1,3,0,3998,1.0,0,3972,1.0,0,3972,1.0,0,4097,1.0
saveas/text/confidential_doc_leak_collusion_investigation(saveas),original,1,0,0,3998,1.0,0,3972,1.0,0,3972,1.0,0,4097,1.0
saveas/text/digital_data_security_guidelines(saveas),C1,0,3,0,7199,1.0,1,0,0.0,0,7101,1.0,0,7348,1.0
saveas/text/digital_data_security_guidelines(saveas),C1+C2,0,3,0,7199,1.0,1,0,0.0,0,0,0.0,0,7348,1.0
saveas/text/digital_data_security_guidelines(saveas),C2,1,3,0,7199,1.0,0,7101,1.0,0,7101,1.0,0,7348,1.0
saveas/text/digital_data_security_guidelines(saveas),original,1,0,0,7199,1.0,0,7101,1.0,0,7101,1.0,0,7348,1.0
saveas/text/educational_technology_elearning_safety_guidelines_multilang(saveas),C1,0,3,0,7485,1.0,1,0,0.0,0,7389,1.0,0,7653,1.0
saveas/text/educational_technology_elearning_safety_guidelines_multilang(saveas),C1+C2,0,3,0,7485,1.0,1,0,0.0,0,0,0.0,0,7653,1.0
saveas/text/educational_technology_elearning_safety_guidelines_multilang(saveas),C2,1,3,0,7485,1.0,0,7389,1.0,0,7389,1.0,0,7653,1.0
saveas/text/educational_technology_elearning_safety_guidelines_multilang(saveas),original,1,0,0,7485,1.0,0,7389,1.0,0,7389,1.0,0,7653,1.0
saveas/text/global_cloud_datacenter_cooling_failure_report(saveas),C1,0,3,0,2759,1.0,1,0,0.0,0,2739,1.0,0,2845,1.0
saveas/text/global_cloud_datacenter_cooling_failure_report(saveas),C1+C2,0,3,0,2759,1.0,1,0,0.0,0,0,0.0,0,2845,1.0
saveas/text/global_cloud_datacenter_cooling_failure_report(saveas),C2,1,3,0,2759,1.0,0,2739,1.0,0,2739,1.0,0,2845,1.0
saveas/text/global_cloud_datacenter_cooling_failure_report(saveas),original,1,0,0,2759,1.0,0,2739,1.0,0,2739,1.0,0,2845,1.0
saveas/text/green_energy_sustainable_living_guidelines_multilang(saveas),C1,0,3,0,5843,1.0,1,0,0.0,0,5813,1.0,0,5993,1.0
saveas/text/green_energy_sustainable_living_guidelines_multilang(saveas),C1+C2,0,3,0,5843,1.0,1,0,0.0,0,0,0.0,0,5993,1.0
saveas/text/green_energy_sustainable_living_guidelines_multilang(saveas),C2,1,3,0,5843,1.0,0,5813,1.0,0,5813,1.0,0,5993,1.0
saveas/text/green_energy_sustainable_living_guidelines_multilang(saveas),original,1,0,0,5843,1.0,0,5813,1.0,0,5813,1.0,0,5993,1.0
saveas/text/health_wellbeing_digital_age_guidelines_multilang(saveas),C1,0,3,0,6229,1.0,1,0,0.0,0,6181,1.0,0,6387,1.0
saveas/text/health_wellbeing_digital_age_guidelines_multilang(saveas),C1+C2,0,3,0,6229,1.0,1,0,0.0,0,0,0.0,0,6387,1.0
saveas/text/health_wellbeing_digital_age_guidelines_multilang(saveas),C2,1,3,0,6229,1.0,0,6181,1.0,0,6181,1.0,0,6387,1.0
saveas/text/health_wellbeing_digital_age_guidelines_multilang(saveas),original,1,0,0,6229,1.0,0,6181,1.0,0,6181,1.0,0,6387,1.0
saveas/text/illegal_item_trading_money_laundering_in_games(saveas),C1,0,3,0,3736,1.0,1,0,0.0,0,3706,1.0,0,3824,1.0
saveas/text/illegal_item_trading_money_laundering_in_games(saveas),C1+C2,0,3,0,3736,1.0,1,0,0.0,0,0,0.0,0,3824,1.0
saveas/text/illegal_item_trading_money_laundering_in_games(saveas),C2,1,3,0,3736,1.0,0,3706,1.0,0,3706,1.0,0,3824,1.0
saveas/text/illegal_item_trading_money_laundering_in_games(saveas),original,1,0,0,3736,1.0,0,3706,1.0,0,3706,1.0,0,3824,1.0
saveas/text/messenger_app_data_misuse_investigation(saveas),C1,0,3,0,3395,1.0,1,0,0.0,0,3362,1.0,0,3472,1.0
saveas/text/messenger_app_data_misuse_investigation(saveas),C1+C2,0,3,0,3395,1.0,1,0,0.0,0,0,0.0,0,3472,1.0
saveas/text/messenger_app_data_misuse_investigation(saveas),C2,1,3,0,3395,1.0,0,3362,1.0,0,3362,1.0,0,3472,1.0
saveas/text/messenger_app_data_misuse_investigation(saveas),original,1,0,0,3395,1.0,0,3362,1.0,0,3362,1.0,0,3472,1.0
saveas/text/open_source_software_contribution_guidelines_multilang(saveas),C1,0,3,0,7275,1.0,1,0,0.0,0,7198,1.0,0,7466,1.0
saveas/text/open_source_software_contribution_guidelines_multilang(saveas),C1+C2,0,3,0,7275,1.0,1,0,0.0,0,0,0.0,0,7466,1.0
saveas/text/open_source_software_contribution_guidelines_multilang(saveas),C2,1,3,0,7275,1.0,0,7198,1.0,0,7198,1.0,0,7466,1.0
saveas/text/open_source_software_contribution_guidelines_multilang(saveas),original,1,0,0,7275,1.0,0,7198,1.0,0,7198,1.0,0,7466,1.0
saveas/text/personal_finance_cyber_fraud_prevention_guidelines_multilang(saveas),C1,0,3,0,7445,1.0,1,0,0.0,0,7387,1.0,0,7615,1.0
saveas/text/personal_finance_cyber_fraud_prevention_guidelines_multilang(saveas),C1+C2,0,3,0,7445,1.0,1,0,0.0,0,0,0.0,0,7615,1.0
saveas/text/personal_finance_cyber_fraud_prevention_guidelines_multilang(saveas),C2,1,3,0,7445,1.0,0,7387,1.0,0,7387,1.0,0,7615,1.0
saveas/text/personal_finance_cyber_fraud_prevention_guidelines_multilang(saveas),original,1,0,0,7445,1.0,0,7387,1.0,0,7387,1.0,0,7615,1.0
saveas/text/remote_work_home_office_guidelines(saveas),C1,0,3,0,5891,1.0,1,0,0.0,0,5838,1.0,0,6060,1.0
saveas/text/remote_work_home_office_guidelines(saveas),C1+C2,0,3,0,5891,1.0,1,0,0.0,0,0,0.0,0,6060,1.0
saveas/text/remote_work_home_office_guidelines(saveas),C2,1,3,0,5891,1.0,0,5838,1.0,0,5838,1.0,0,6060,1.0
saveas/text/remote_work_home_office_guidelines(saveas),original,1,0,0,5891,1.0,0,5838,1.0,0,5838,1.0,0,6060,1.0
saveas/text/smart_city_data_privacy_guidelines_multilang(saveas),C1,0,3,0,7663,1.0,1,0,0.0,0,7584,1.0,0,7835,1.0
saveas/text/smart_city_data_privacy_guidelines_multilang(saveas),C1+C2,0,3,0,7663,1.0,1,0,0.0,0,0,0.0,0,7835,1.0
saveas/text/smart_city_data_privacy_guidelines_multilang(saveas),C2,1,3,0,7663,1.0,0,7584,1.0,0,7584,1.0,0,7835,1.0
saveas/text/smart_city_data_privacy_guidelines_multilang(saveas),original,1,0,0,7663,1.0,0,7584,1.0,0,7584,1.0,0,7835,1.0
saveas/text/smart_factory_robot_malfunction_analysis(saveas),C1,0,3,0,3805,1.0,1,0,0.0,0,3776,1.0,0,3897,1.0
saveas/text/smart_factory_robot_malfunction_analysis(saveas),C1+C2,0,3,0,3805,1.0,1,0,0.0,0,0,0.0,0,3897,1.0
saveas/text/smart_factory_robot_malfunction_analysis(saveas),C2,1,3,0,3805,1.0,0,3776,1.0,0,3776,1.0,0,3897,1.0
saveas/text/smart_factory_robot_malfunction_analysis(saveas),original,1,0,0,3805,1.0,0,3776,1.0,0,3776,1.0,0,3897,1.0
