pair,doc,class,renderer,ssim,pix_diff,lpips,lpips_s
renderer-floor,print/text+img/global_agriculture_food_security_climate_impact(print),original,mupdf-vs-pdfium,0.9329,0.0523,0.0219,0.24
renderer-floor,print/text+img/global_ev_market_growth_statistics(print),original,mupdf-vs-pdfium,0.9433,0.04286,0.0253,0.17
renderer-floor,print/text+img/global_renewable_energy_generation_and_carbon_reduction_analysis(print),original,mupdf-vs-pdfium,0.9565,0.05531,0.0235,0.2
renderer-floor,print/text/AI_Development_MultiLanguage(print),original,mupdf-vs-pdfium,0.9371,0.05761,0.0203,0.17
renderer-floor,print/text/Evolution_Biodegradable_Plastics(print),original,mupdf-vs-pdfium,0.9364,0.0755,0.0262,0.16
renderer-floor,print/text/NeoHome_Smart_Appliances_Catalog_v5(print),original,mupdf-vs-pdfium,0.9414,0.06313,0.0448,0.17
renderer-floor,print/text/Next_Decade_Space_Exploration(print),original,mupdf-vs-pdfium,0.9398,0.05739,0.0212,0.17
renderer-floor,print/text/PetPal_Smart_PetCare_Products(print),original,mupdf-vs-pdfium,0.9562,0.0385,0.0401,0.15
renderer-floor,print/text/UrbanRide_Electric_Bike_Scooter_Series(print),original,mupdf-vs-pdfium,0.9438,0.04685,0.0442,0.17
renderer-floor,print/text/global_cloud_datacenter_cooling_failure_report(print),original,mupdf-vs-pdfium,0.972,0.01736,0.0079,0.16
renderer-floor,print/text/health_wellbeing_digital_age_guidelines_multilang(print),original,mupdf-vs-pdfium,0.9546,0.05293,0.0189,0.19
renderer-floor,print/text/remote_work_home_office_guidelines(print),original,mupdf-vs-pdfium,0.959,0.03167,0.0146,0.18
renderer-floor,print/text/smart_factory_robot_malfunction_analysis(print),original,mupdf-vs-pdfium,0.9767,0.02906,0.0166,0.18
renderer-floor,saveas/text/AeroChef_Drone_Delivery_Cooking_Service(saveas),original,mupdf-vs-pdfium,0.929,0.05485,0.0485,0.17
renderer-floor,saveas/text/Evolution_Biodegradable_Plastics(saveas),original,mupdf-vs-pdfium,0.9039,0.09292,0.0242,0.18
renderer-floor,saveas/text/Lumina_Interior_Lighting_Designbook(saveas),original,mupdf-vs-pdfium,0.9578,0.05,0.0391,0.15
renderer-floor,saveas/text/NeoHome_Smart_Appliances_Catalog_v5(saveas),original,mupdf-vs-pdfium,0.9412,0.06277,0.0466,0.16
renderer-floor,saveas/text/open_source_software_contribution_guidelines_multilang(saveas),original,mupdf-vs-pdfium,0.918,0.04194,0.0188,0.18
renderer-floor,saveas/text/remote_work_home_office_guidelines(saveas),original,mupdf-vs-pdfium,0.9329,0.04201,0.0177,0.21
damage,print/text/smart_factory_robot_malfunction_analysis(print),C6,mupdf,0.8609,0.05175,0.2259,0.15
damage,print/text/smart_factory_robot_malfunction_analysis(print),C6,pdfium,0.8423,0.05747,0.2373,0.16
damage,print/text/Evolution_Biodegradable_Plastics(print),C6,mupdf,0.674,0.12888,0.2994,0.16
damage,print/text/Evolution_Biodegradable_Plastics(print),C6,pdfium,0.6527,0.13442,0.2768,0.19
damage,print/text/UrbanRide_Electric_Bike_Scooter_Series(print),C7,mupdf,0.9626,0.02505,0.029,0.16
damage,print/text/UrbanRide_Electric_Bike_Scooter_Series(print),C7,pdfium,0.9252,0.04156,0.0939,0.19
damage,saveas/text/open_source_software_contribution_guidelines_multilang(saveas),C7,mupdf,0.8971,0.0547,0.0536,0.16
damage,saveas/text/open_source_software_contribution_guidelines_multilang(saveas),C7,pdfium,0.9021,0.05262,0.0463,0.17
damage,saveas/text/Evolution_Biodegradable_Plastics(saveas),C8,mupdf,0.921,0.08381,0.048,0.15
damage,saveas/text/Evolution_Biodegradable_Plastics(saveas),C8,pdfium,0.9146,0.08415,0.0693,0.15
damage,print/text/remote_work_home_office_guidelines(print),C8,mupdf,0.9661,0.0279,0.021,0.18
damage,print/text/remote_work_home_office_guidelines(print),C8,pdfium,0.8856,0.06115,0.1034,0.16
damage,print/text/health_wellbeing_digital_age_guidelines_multilang(print),C9,mupdf,0.8007,0.07396,0.4272,0.16
damage,print/text/health_wellbeing_digital_age_guidelines_multilang(print),C9,pdfium,0.8007,0.07563,0.4246,0.17
damage,print/text/AI_Development_MultiLanguage(print),C9,mupdf,0.7619,0.07649,0.5652,0.17
damage,print/text/AI_Development_MultiLanguage(print),C9,pdfium,0.7633,0.07777,0.5312,0.18
