0000	saveas	1	original/saveas/text/AI_Development_MultiLanguage(saveas).pdf	632
0001	saveas	1	original/saveas/text/AI_Development_MultiLanguage(saveas).pdf	7050
0002	saveas	1	original/saveas/text/AI_Development_MultiLanguage(saveas).pdf	13820
0003	saveas	1	original/saveas/text/AI_Development_MultiLanguage(saveas).pdf	25442
0004	saveas	1	original/saveas/text/AI_Development_MultiLanguage(saveas).pdf	29837
0005	saveas	1	original/saveas/text/AI_Development_MultiLanguage(saveas).pdf	36875
0006	saveas	1	original/saveas/text/AI_Development_MultiLanguage(saveas).pdf	47098
0007	saveas	1	original/saveas/text/AI_Development_MultiLanguage(saveas).pdf	51835
0008	saveas	1	original/saveas/text/AI_Development_MultiLanguage(saveas).pdf	57574
0009	saveas	1	original/saveas/text/AI_Development_MultiLanguage(saveas).pdf	62503
0010	saveas	1	original/saveas/text/AI_Development_MultiLanguage(saveas).pdf	62933
0011	saveas	1	original/saveas/text/AI_Development_MultiLanguage(saveas).pdf	72859
0012	saveas	1	original/saveas/text/AI_Development_MultiLanguage(saveas).pdf	98828
0013	saveas	1	original/saveas/text/AI_Development_MultiLanguage(saveas).pdf	99264
0014	saveas	1	original/saveas/text/AI_Development_MultiLanguage(saveas).pdf	111123
0015	saveas	1	original/saveas/text/AI_Development_MultiLanguage(saveas).pdf	115784
0016	saveas	1	original/saveas/text/AI_Development_MultiLanguage(saveas).pdf	116222
0017	saveas	1	original/saveas/text/AI_Development_MultiLanguage(saveas).pdf	127479
0018	saveas	1	original/saveas/text/AI_Development_MultiLanguage(saveas).pdf	128556
0019	saveas	1	original/saveas/text/AI_Development_MultiLanguage(saveas).pdf	170164
0020	saveas	1	original/saveas/text/AI_Development_MultiLanguage(saveas).pdf	171453
0021	saveas	1	original/saveas/text/AI_Development_MultiLanguage(saveas).pdf	212845
0022	saveas	1	original/saveas/text/AI_Development_MultiLanguage(saveas).pdf	214824
0023	saveas	1	original/saveas/text/AI_Development_MultiLanguage(saveas).pdf	215298
0024	saveas	1	original/saveas/text/AI_Development_MultiLanguage(saveas).pdf	230116
0025	saveas	1	original/saveas/text/AI_Development_MultiLanguage(saveas).pdf	230874
0026	saveas	1	original/saveas/text/AI_Development_MultiLanguage(saveas).pdf	250247
0027	saveas	1	original/saveas/text/AI_Development_MultiLanguage(saveas).pdf	251035
0028	saveas	1	original/saveas/text/AI_Development_MultiLanguage(saveas).pdf	277807
0029	saveas	1	original/saveas/text/AI_Development_MultiLanguage(saveas).pdf	281002
0030	saveas	1	original/saveas/text/AI_Development_MultiLanguage(saveas).pdf	289131
0031	saveas	1	original/saveas/text/AI_Development_MultiLanguage(saveas).pdf	298338
0032	saveas	1	original/saveas/text/AI_Development_MultiLanguage(saveas).pdf	298746
0033	saveas	1	original/saveas/text/AI_Development_MultiLanguage(saveas).pdf	302368
0034	saveas	1	original/saveas/text/AI_Development_MultiLanguage(saveas).pdf	302890
0035	saveas	1	original/saveas/text/AI_Development_MultiLanguage(saveas).pdf	311201
0036	saveas	1	original/saveas/text/AI_Development_MultiLanguage(saveas).pdf	311735
0037	saveas	1	original/saveas/text/AI_Development_MultiLanguage(saveas).pdf	316995
0038	saveas	1	original/saveas/text/AI_Development_MultiLanguage(saveas).pdf	317463
0039	saveas	1	original/saveas/text/AI_Development_MultiLanguage(saveas).pdf	330709
0040	saveas	1	original/saveas/text/AI_Development_MultiLanguage(saveas).pdf	331441
0041	saveas	1	original/saveas/text/AI_Development_MultiLanguage(saveas).pdf	350580
0042	saveas	1	original/saveas/text/AI_Development_MultiLanguage(saveas).pdf	351325
0043	saveas	1	original/saveas/text/AI_Development_MultiLanguage(saveas).pdf	370286
0044	saveas	1	original/saveas/text/AeroChef_Drone_Delivery_Cooking_Service(saveas).pdf	631
0045	saveas	1	original/saveas/text/AeroChef_Drone_Delivery_Cooking_Service(saveas).pdf	7182
0046	saveas	1	original/saveas/text/AeroChef_Drone_Delivery_Cooking_Service(saveas).pdf	13850
0047	saveas	1	original/saveas/text/AeroChef_Drone_Delivery_Cooking_Service(saveas).pdf	23943
0048	saveas	1	original/saveas/text/AeroChef_Drone_Delivery_Cooking_Service(saveas).pdf	28595
0049	saveas	1	original/saveas/text/AeroChef_Drone_Delivery_Cooking_Service(saveas).pdf	35200
0050	saveas	1	original/saveas/text/AeroChef_Drone_Delivery_Cooking_Service(saveas).pdf	44868
0051	saveas	1	original/saveas/text/AeroChef_Drone_Delivery_Cooking_Service(saveas).pdf	51209
0052	saveas	1	original/saveas/text/AeroChef_Drone_Delivery_Cooking_Service(saveas).pdf	57381
0053	saveas	1	original/saveas/text/AeroChef_Drone_Delivery_Cooking_Service(saveas).pdf	63068
0054	saveas	1	original/saveas/text/AeroChef_Drone_Delivery_Cooking_Service(saveas).pdf	67094
0055	saveas	1	original/saveas/text/AeroChef_Drone_Delivery_Cooking_Service(saveas).pdf	77674
0056	saveas	1	original/saveas/text/AeroChef_Drone_Delivery_Cooking_Service(saveas).pdf	77992
0057	saveas	1	original/saveas/text/AeroChef_Drone_Delivery_Cooking_Service(saveas).pdf	84192
0058	saveas	1	original/saveas/text/AeroChef_Drone_Delivery_Cooking_Service(saveas).pdf	102772
0059	saveas	1	original/saveas/text/AeroChef_Drone_Delivery_Cooking_Service(saveas).pdf	112008
0060	saveas	1	original/saveas/text/AeroChef_Drone_Delivery_Cooking_Service(saveas).pdf	135083
0061	saveas	1	original/saveas/text/AeroChef_Drone_Delivery_Cooking_Service(saveas).pdf	135483
0062	saveas	1	original/saveas/text/AeroChef_Drone_Delivery_Cooking_Service(saveas).pdf	140289
0063	saveas	1	original/saveas/text/AeroChef_Drone_Delivery_Cooking_Service(saveas).pdf	141499
0064	saveas	1	original/saveas/text/AeroChef_Drone_Delivery_Cooking_Service(saveas).pdf	209273
0065	saveas	1	original/saveas/text/AeroChef_Drone_Delivery_Cooking_Service(saveas).pdf	209851
0066	saveas	1	original/saveas/text/AeroChef_Drone_Delivery_Cooking_Service(saveas).pdf	227729
0067	saveas	1	original/saveas/text/AeroChef_Drone_Delivery_Cooking_Service(saveas).pdf	253698
0068	saveas	1	original/saveas/text/AeroChef_Drone_Delivery_Cooking_Service(saveas).pdf	254151
0069	saveas	1	original/saveas/text/AeroChef_Drone_Delivery_Cooking_Service(saveas).pdf	259092
0070	saveas	1	original/saveas/text/AeroChef_Drone_Delivery_Cooking_Service(saveas).pdf	259923
0071	saveas	1	original/saveas/text/AeroChef_Drone_Delivery_Cooking_Service(saveas).pdf	272536
0072	saveas	1	original/saveas/text/AeroChef_Drone_Delivery_Cooking_Service(saveas).pdf	273177
0073	saveas	1	original/saveas/text/AeroChef_Drone_Delivery_Cooking_Service(saveas).pdf	300601
0074	saveas	1	original/saveas/text/AeroChef_Drone_Delivery_Cooking_Service(saveas).pdf	307916
0075	saveas	1	original/saveas/text/AeroChef_Drone_Delivery_Cooking_Service(saveas).pdf	317872
0076	saveas	1	original/saveas/text/AeroChef_Drone_Delivery_Cooking_Service(saveas).pdf	321635
0077	saveas	1	original/saveas/text/AeroChef_Drone_Delivery_Cooking_Service(saveas).pdf	325252
0078	saveas	1	original/saveas/text/AeroChef_Drone_Delivery_Cooking_Service(saveas).pdf	325775
0079	saveas	1	original/saveas/text/AeroChef_Drone_Delivery_Cooking_Service(saveas).pdf	338101
0080	saveas	1	original/saveas/text/AeroChef_Drone_Delivery_Cooking_Service(saveas).pdf	338464
0081	saveas	1	original/saveas/text/AeroChef_Drone_Delivery_Cooking_Service(saveas).pdf	344426
0082	saveas	1	original/saveas/text/AeroChef_Drone_Delivery_Cooking_Service(saveas).pdf	344901
0083	saveas	1	original/saveas/text/AeroChef_Drone_Delivery_Cooking_Service(saveas).pdf	353318
0084	saveas	1	original/saveas/text/AeroChef_Drone_Delivery_Cooking_Service(saveas).pdf	354087
0085	saveas	1	original/saveas/text/AeroChef_Drone_Delivery_Cooking_Service(saveas).pdf	378499
0086	saveas	1	original/saveas/text/AeroChef_Drone_Delivery_Cooking_Service(saveas).pdf	379124
0087	saveas	1	original/saveas/text/AeroChef_Drone_Delivery_Cooking_Service(saveas).pdf	404378
0088	saveas	1	original/saveas/text/Aurora_VR_AR_Game_Lineup_Multilingual(saveas).pdf	595
0089	saveas	1	original/saveas/text/Aurora_VR_AR_Game_Lineup_Multilingual(saveas).pdf	5782
0090	saveas	1	original/saveas/text/Aurora_VR_AR_Game_Lineup_Multilingual(saveas).pdf	11074
0091	saveas	1	original/saveas/text/Aurora_VR_AR_Game_Lineup_Multilingual(saveas).pdf	22744
0092	saveas	1	original/saveas/text/Aurora_VR_AR_Game_Lineup_Multilingual(saveas).pdf	27782
0093	saveas	1	original/saveas/text/Aurora_VR_AR_Game_Lineup_Multilingual(saveas).pdf	32764
0094	saveas	1	original/saveas/text/Aurora_VR_AR_Game_Lineup_Multilingual(saveas).pdf	43964
0095	saveas	1	original/saveas/text/Aurora_VR_AR_Game_Lineup_Multilingual(saveas).pdf	49146
0096	saveas	1	original/saveas/text/Aurora_VR_AR_Game_Lineup_Multilingual(saveas).pdf	55177
0097	saveas	1	original/saveas/text/Aurora_VR_AR_Game_Lineup_Multilingual(saveas).pdf	60439
0098	saveas	1	original/saveas/text/Aurora_VR_AR_Game_Lineup_Multilingual(saveas).pdf	68500
0099	saveas	1	original/saveas/text/Aurora_VR_AR_Game_Lineup_Multilingual(saveas).pdf	79921
0100	saveas	1	original/saveas/text/Aurora_VR_AR_Game_Lineup_Multilingual(saveas).pdf	97890
0101	saveas	1	original/saveas/text/Aurora_VR_AR_Game_Lineup_Multilingual(saveas).pdf	123859
0102	saveas	1	original/saveas/text/Aurora_VR_AR_Game_Lineup_Multilingual(saveas).pdf	124693
0103	saveas	1	original/saveas/text/Aurora_VR_AR_Game_Lineup_Multilingual(saveas).pdf	157367
0104	saveas	1	original/saveas/text/Aurora_VR_AR_Game_Lineup_Multilingual(saveas).pdf	157974
0105	saveas	1	original/saveas/text/Aurora_VR_AR_Game_Lineup_Multilingual(saveas).pdf	169630
0106	saveas	1	original/saveas/text/Aurora_VR_AR_Game_Lineup_Multilingual(saveas).pdf	170280
0107	saveas	1	original/saveas/text/Aurora_VR_AR_Game_Lineup_Multilingual(saveas).pdf	202379
0108	saveas	1	original/saveas/text/Aurora_VR_AR_Game_Lineup_Multilingual(saveas).pdf	202991
0109	saveas	1	original/saveas/text/Aurora_VR_AR_Game_Lineup_Multilingual(saveas).pdf	226781
0110	saveas	1	original/saveas/text/Aurora_VR_AR_Game_Lineup_Multilingual(saveas).pdf	236848
0111	saveas	1	original/saveas/text/Aurora_VR_AR_Game_Lineup_Multilingual(saveas).pdf	240742
0112	saveas	1	original/saveas/text/Aurora_VR_AR_Game_Lineup_Multilingual(saveas).pdf	245913
0113	saveas	1	original/saveas/text/Aurora_VR_AR_Game_Lineup_Multilingual(saveas).pdf	255796
0114	saveas	1	original/saveas/text/Aurora_VR_AR_Game_Lineup_Multilingual(saveas).pdf	256482
0115	saveas	1	original/saveas/text/Aurora_VR_AR_Game_Lineup_Multilingual(saveas).pdf	269751
0116	saveas	1	original/saveas/text/Aurora_VR_AR_Game_Lineup_Multilingual(saveas).pdf	270333
0117	saveas	1	original/saveas/text/Aurora_VR_AR_Game_Lineup_Multilingual(saveas).pdf	294262
0118	saveas	1	original/saveas/text/Autonomous_Vehicle_Accident_Report(saveas).pdf	616
0119	saveas	1	original/saveas/text/Autonomous_Vehicle_Accident_Report(saveas).pdf	6915
0120	saveas	1	original/saveas/text/Autonomous_Vehicle_Accident_Report(saveas).pdf	13665
0121	saveas	1	original/saveas/text/Autonomous_Vehicle_Accident_Report(saveas).pdf	23348
0122	saveas	1	original/saveas/text/Autonomous_Vehicle_Accident_Report(saveas).pdf	29419
0123	saveas	1	original/saveas/text/Autonomous_Vehicle_Accident_Report(saveas).pdf	35300
0124	saveas	1	original/saveas/text/Autonomous_Vehicle_Accident_Report(saveas).pdf	44777
0125	saveas	1	original/saveas/text/Autonomous_Vehicle_Accident_Report(saveas).pdf	50250
0126	saveas	1	original/saveas/text/Autonomous_Vehicle_Accident_Report(saveas).pdf	56767
0127	saveas	1	original/saveas/text/Autonomous_Vehicle_Accident_Report(saveas).pdf	62957
0128	saveas	1	original/saveas/text/Autonomous_Vehicle_Accident_Report(saveas).pdf	63276
0129	saveas	1	original/saveas/text/Autonomous_Vehicle_Accident_Report(saveas).pdf	71775
0130	saveas	1	original/saveas/text/Autonomous_Vehicle_Accident_Report(saveas).pdf	98082
0131	saveas	1	original/saveas/text/Autonomous_Vehicle_Accident_Report(saveas).pdf	104488
0132	saveas	1	original/saveas/text/Autonomous_Vehicle_Accident_Report(saveas).pdf	123693
0133	saveas	1	original/saveas/text/Autonomous_Vehicle_Accident_Report(saveas).pdf	124140
0134	saveas	1	original/saveas/text/Autonomous_Vehicle_Accident_Report(saveas).pdf	146748
0135	saveas	1	original/saveas/text/Autonomous_Vehicle_Accident_Report(saveas).pdf	147826
0136	saveas	1	original/saveas/text/Autonomous_Vehicle_Accident_Report(saveas).pdf	174962
0137	saveas	1	original/saveas/text/Autonomous_Vehicle_Accident_Report(saveas).pdf	175651
0138	saveas	1	original/saveas/text/Autonomous_Vehicle_Accident_Report(saveas).pdf	214261
0139	saveas	1	original/saveas/text/Autonomous_Vehicle_Accident_Report(saveas).pdf	214738
0140	saveas	1	original/saveas/text/Autonomous_Vehicle_Accident_Report(saveas).pdf	223701
0141	saveas	1	original/saveas/text/Autonomous_Vehicle_Accident_Report(saveas).pdf	224348
0142	saveas	1	original/saveas/text/Autonomous_Vehicle_Accident_Report(saveas).pdf	249508
0143	saveas	1	original/saveas/text/Autonomous_Vehicle_Accident_Report(saveas).pdf	250085
0144	saveas	1	original/saveas/text/Autonomous_Vehicle_Accident_Report(saveas).pdf	256604
0145	saveas	1	original/saveas/text/Autonomous_Vehicle_Accident_Report(saveas).pdf	279679
0146	saveas	1	original/saveas/text/Autonomous_Vehicle_Accident_Report(saveas).pdf	279994
0147	saveas	1	original/saveas/text/Autonomous_Vehicle_Accident_Report(saveas).pdf	288660
0148	saveas	1	original/saveas/text/Autonomous_Vehicle_Accident_Report(saveas).pdf	301476
0149	saveas	1	original/saveas/text/Autonomous_Vehicle_Accident_Report(saveas).pdf	310295
0150	saveas	1	original/saveas/text/Autonomous_Vehicle_Accident_Report(saveas).pdf	310757
0151	saveas	1	original/saveas/text/Autonomous_Vehicle_Accident_Report(saveas).pdf	320058
0152	saveas	1	original/saveas/text/Autonomous_Vehicle_Accident_Report(saveas).pdf	320572
0153	saveas	1	original/saveas/text/Autonomous_Vehicle_Accident_Report(saveas).pdf	336520
0154	saveas	1	original/saveas/text/Autonomous_Vehicle_Accident_Report(saveas).pdf	337015
0155	saveas	1	original/saveas/text/Autonomous_Vehicle_Accident_Report(saveas).pdf	345655
0156	saveas	1	original/saveas/text/Autonomous_Vehicle_Accident_Report(saveas).pdf	346410
0157	saveas	1	original/saveas/text/Autonomous_Vehicle_Accident_Report(saveas).pdf	363941
0158	saveas	1	original/saveas/text/Autonomous_Vehicle_Accident_Report(saveas).pdf	364579
0159	saveas	1	original/saveas/text/Autonomous_Vehicle_Accident_Report(saveas).pdf	374592
0160	saveas	1	original/saveas/text/BioNext_Data_Leak_Report(saveas).pdf	606
0161	saveas	1	original/saveas/text/BioNext_Data_Leak_Report(saveas).pdf	6183
0162	saveas	1	original/saveas/text/BioNext_Data_Leak_Report(saveas).pdf	12898
0163	saveas	1	original/saveas/text/BioNext_Data_Leak_Report(saveas).pdf	22850
0164	saveas	1	original/saveas/text/BioNext_Data_Leak_Report(saveas).pdf	28848
0165	saveas	1	original/saveas/text/BioNext_Data_Leak_Report(saveas).pdf	36220
0166	saveas	1	original/saveas/text/BioNext_Data_Leak_Report(saveas).pdf	45996
0167	saveas	1	original/saveas/text/BioNext_Data_Leak_Report(saveas).pdf	51422
0168	saveas	1	original/saveas/text/BioNext_Data_Leak_Report(saveas).pdf	58019
0169	saveas	1	original/saveas/text/BioNext_Data_Leak_Report(saveas).pdf	64920
0170	saveas	1	original/saveas/text/BioNext_Data_Leak_Report(saveas).pdf	71247
0171	saveas	1	original/saveas/text/BioNext_Data_Leak_Report(saveas).pdf	97556
0172	saveas	1	original/saveas/text/BioNext_Data_Leak_Report(saveas).pdf	104120
0173	saveas	1	original/saveas/text/BioNext_Data_Leak_Report(saveas).pdf	119065
0174	saveas	1	original/saveas/text/BioNext_Data_Leak_Report(saveas).pdf	119522
0175	saveas	1	original/saveas/text/BioNext_Data_Leak_Report(saveas).pdf	127920
0176	saveas	1	original/saveas/text/BioNext_Data_Leak_Report(saveas).pdf	129000
0177	saveas	1	original/saveas/text/BioNext_Data_Leak_Report(saveas).pdf	174586
0178	saveas	1	original/saveas/text/BioNext_Data_Leak_Report(saveas).pdf	175276
0179	saveas	1	original/saveas/text/BioNext_Data_Leak_Report(saveas).pdf	215426
0180	saveas	1	original/saveas/text/BioNext_Data_Leak_Report(saveas).pdf	215898
0181	saveas	1	original/saveas/text/BioNext_Data_Leak_Report(saveas).pdf	225392
0182	saveas	1	original/saveas/text/BioNext_Data_Leak_Report(saveas).pdf	226111
0183	saveas	1	original/saveas/text/BioNext_Data_Leak_Report(saveas).pdf	239276
0184	saveas	1	original/saveas/text/BioNext_Data_Leak_Report(saveas).pdf	239934
0185	saveas	1	original/saveas/text/BioNext_Data_Leak_Report(saveas).pdf	266455
0186	saveas	1	original/saveas/text/BioNext_Data_Leak_Report(saveas).pdf	266770
0187	saveas	1	original/saveas/text/BioNext_Data_Leak_Report(saveas).pdf	270717
0188	saveas	1	original/saveas/text/BioNext_Data_Leak_Report(saveas).pdf	284956
0189	saveas	1	original/saveas/text/BioNext_Data_Leak_Report(saveas).pdf	295674
0190	saveas	1	original/saveas/text/BioNext_Data_Leak_Report(saveas).pdf	296064
0191	saveas	1	original/saveas/text/BioNext_Data_Leak_Report(saveas).pdf	301517
0192	saveas	1	original/saveas/text/BioNext_Data_Leak_Report(saveas).pdf	302104
0193	saveas	1	original/saveas/text/BioNext_Data_Leak_Report(saveas).pdf	312410
0194	saveas	1	original/saveas/text/BioNext_Data_Leak_Report(saveas).pdf	314487
0195	saveas	1	original/saveas/text/BioNext_Data_Leak_Report(saveas).pdf	320262
0196	saveas	1	original/saveas/text/BioNext_Data_Leak_Report(saveas).pdf	320696
0197	saveas	1	original/saveas/text/BioNext_Data_Leak_Report(saveas).pdf	328941
0198	saveas	1	original/saveas/text/BioNext_Data_Leak_Report(saveas).pdf	329690
0199	saveas	1	original/saveas/text/BioNext_Data_Leak_Report(saveas).pdf	355216
0200	saveas	1	original/saveas/text/BioNext_Data_Leak_Report(saveas).pdf	355873
0201	saveas	1	original/saveas/text/BioNext_Data_Leak_Report(saveas).pdf	366765
0202	saveas	1	original/saveas/text/Digital_Minimalism(saveas).pdf	616
0203	saveas	1	original/saveas/text/Digital_Minimalism(saveas).pdf	6609
0204	saveas	1	original/saveas/text/Digital_Minimalism(saveas).pdf	12526
0205	saveas	1	original/saveas/text/Digital_Minimalism(saveas).pdf	25005
0206	saveas	1	original/saveas/text/Digital_Minimalism(saveas).pdf	29472
0207	saveas	1	original/saveas/text/Digital_Minimalism(saveas).pdf	35856
0208	saveas	1	original/saveas/text/Digital_Minimalism(saveas).pdf	46385
0209	saveas	1	original/saveas/text/Digital_Minimalism(saveas).pdf	50849
0210	saveas	1	original/saveas/text/Digital_Minimalism(saveas).pdf	56779
0211	saveas	1	original/saveas/text/Digital_Minimalism(saveas).pdf	62250
0212	saveas	1	original/saveas/text/Digital_Minimalism(saveas).pdf	69228
0213	saveas	1	original/saveas/text/Digital_Minimalism(saveas).pdf	95197
0214	saveas	1	original/saveas/text/Digital_Minimalism(saveas).pdf	95517
0215	saveas	1	original/saveas/text/Digital_Minimalism(saveas).pdf	114046
0216	saveas	1	original/saveas/text/Digital_Minimalism(saveas).pdf	118818
0217	saveas	1	original/saveas/text/Digital_Minimalism(saveas).pdf	119291
0218	saveas	1	original/saveas/text/Digital_Minimalism(saveas).pdf	141958
0219	saveas	1	original/saveas/text/Digital_Minimalism(saveas).pdf	148890
0220	saveas	1	original/saveas/text/Digital_Minimalism(saveas).pdf	150296
0221	saveas	1	original/saveas/text/Digital_Minimalism(saveas).pdf	196141
0222	saveas	1	original/saveas/text/Digital_Minimalism(saveas).pdf	197300
0223	saveas	1	original/saveas/text/Digital_Minimalism(saveas).pdf	225134
0224	saveas	1	original/saveas/text/Digital_Minimalism(saveas).pdf	225665
0225	saveas	1	original/saveas/text/Digital_Minimalism(saveas).pdf	231579
0226	saveas	1	original/saveas/text/Digital_Minimalism(saveas).pdf	232332
0227	saveas	1	original/saveas/text/Digital_Minimalism(saveas).pdf	242998
0228	saveas	1	original/saveas/text/Digital_Minimalism(saveas).pdf	243708
0229	saveas	1	original/saveas/text/Digital_Minimalism(saveas).pdf	264308
0230	saveas	1	original/saveas/text/Digital_Minimalism(saveas).pdf	272458
0231	saveas	1	original/saveas/text/Digital_Minimalism(saveas).pdf	281864
0232	saveas	1	original/saveas/text/Digital_Minimalism(saveas).pdf	290920
0233	saveas	1	original/saveas/text/Digital_Minimalism(saveas).pdf	295618
0234	saveas	1	original/saveas/text/Digital_Minimalism(saveas).pdf	296125
0235	saveas	1	original/saveas/text/Digital_Minimalism(saveas).pdf	307010
0236	saveas	1	original/saveas/text/Digital_Minimalism(saveas).pdf	307515
0237	saveas	1	original/saveas/text/Digital_Minimalism(saveas).pdf	312847
0238	saveas	1	original/saveas/text/Digital_Minimalism(saveas).pdf	313365
0239	saveas	1	original/saveas/text/Digital_Minimalism(saveas).pdf	317785
0240	saveas	1	original/saveas/text/Digital_Minimalism(saveas).pdf	318560
0241	saveas	1	original/saveas/text/Digital_Minimalism(saveas).pdf	331985
0242	saveas	1	original/saveas/text/Digital_Minimalism(saveas).pdf	332715
0243	saveas	1	original/saveas/text/Digital_Minimalism(saveas).pdf	350815
0244	saveas	1	original/saveas/text/E-Payment_Service_Outage_Report(saveas).pdf	616
0245	saveas	1	original/saveas/text/E-Payment_Service_Outage_Report(saveas).pdf	6753
0246	saveas	1	original/saveas/text/E-Payment_Service_Outage_Report(saveas).pdf	13317
0247	saveas	1	original/saveas/text/E-Payment_Service_Outage_Report(saveas).pdf	22924
0248	saveas	1	original/saveas/text/E-Payment_Service_Outage_Report(saveas).pdf	28159
0249	saveas	1	original/saveas/text/E-Payment_Service_Outage_Report(saveas).pdf	35614
0250	saveas	1	original/saveas/text/E-Payment_Service_Outage_Report(saveas).pdf	45373
0251	saveas	1	original/saveas/text/E-Payment_Service_Outage_Report(saveas).pdf	50804
0252	saveas	1	original/saveas/text/E-Payment_Service_Outage_Report(saveas).pdf	57372
0253	saveas	1	original/saveas/text/E-Payment_Service_Outage_Report(saveas).pdf	64077
0254	saveas	1	original/saveas/text/E-Payment_Service_Outage_Report(saveas).pdf	70583
0255	saveas	1	original/saveas/text/E-Payment_Service_Outage_Report(saveas).pdf	96870
0256	saveas	1	original/saveas/text/E-Payment_Service_Outage_Report(saveas).pdf	116846
0257	saveas	1	original/saveas/text/E-Payment_Service_Outage_Report(saveas).pdf	123024
0258	saveas	1	original/saveas/text/E-Payment_Service_Outage_Report(saveas).pdf	146099
0259	saveas	1	original/saveas/text/E-Payment_Service_Outage_Report(saveas).pdf	146510
0260	saveas	1	original/saveas/text/E-Payment_Service_Outage_Report(saveas).pdf	150697
0261	saveas	1	original/saveas/text/E-Payment_Service_Outage_Report(saveas).pdf	151420
0262	saveas	1	original/saveas/text/E-Payment_Service_Outage_Report(saveas).pdf	175286
0263	saveas	1	original/saveas/text/E-Payment_Service_Outage_Report(saveas).pdf	176356
0264	saveas	1	original/saveas/text/E-Payment_Service_Outage_Report(saveas).pdf	241007
0265	saveas	1	original/saveas/text/E-Payment_Service_Outage_Report(saveas).pdf	241464
0266	saveas	1	original/saveas/text/E-Payment_Service_Outage_Report(saveas).pdf	245948
0267	saveas	1	original/saveas/text/E-Payment_Service_Outage_Report(saveas).pdf	246564
0268	saveas	1	original/saveas/text/E-Payment_Service_Outage_Report(saveas).pdf	268325
0269	saveas	1	original/saveas/text/E-Payment_Service_Outage_Report(saveas).pdf	269053
0270	saveas	1	original/saveas/text/E-Payment_Service_Outage_Report(saveas).pdf	284093
0271	saveas	1	original/saveas/text/E-Payment_Service_Outage_Report(saveas).pdf	292423
0272	saveas	1	original/saveas/text/E-Payment_Service_Outage_Report(saveas).pdf	304427
0273	saveas	1	original/saveas/text/E-Payment_Service_Outage_Report(saveas).pdf	316691
0274	saveas	1	original/saveas/text/E-Payment_Service_Outage_Report(saveas).pdf	317072
0275	saveas	1	original/saveas/text/E-Payment_Service_Outage_Report(saveas).pdf	322230
0276	saveas	1	original/saveas/text/E-Payment_Service_Outage_Report(saveas).pdf	322678
0277	saveas	1	original/saveas/text/E-Payment_Service_Outage_Report(saveas).pdf	331425
0278	saveas	1	original/saveas/text/E-Payment_Service_Outage_Report(saveas).pdf	331880
0279	saveas	1	original/saveas/text/E-Payment_Service_Outage_Report(saveas).pdf	348245
0280	saveas	1	original/saveas/text/E-Payment_Service_Outage_Report(saveas).pdf	348749
0281	saveas	1	original/saveas/text/E-Payment_Service_Outage_Report(saveas).pdf	352572
0282	saveas	1	original/saveas/text/E-Payment_Service_Outage_Report(saveas).pdf	353208
0283	saveas	1	original/saveas/text/E-Payment_Service_Outage_Report(saveas).pdf	371719
0284	saveas	1	original/saveas/text/E-Payment_Service_Outage_Report(saveas).pdf	372435
0285	saveas	1	original/saveas/text/E-Payment_Service_Outage_Report(saveas).pdf	391594
0286	saveas	1	original/saveas/text/EcoWave_Sustainable_Fashion_Collection(saveas).pdf	653
0287	saveas	1	original/saveas/text/EcoWave_Sustainable_Fashion_Collection(saveas).pdf	8309
0288	saveas	1	original/saveas/text/EcoWave_Sustainable_Fashion_Collection(saveas).pdf	14637
0289	saveas	1	original/saveas/text/EcoWave_Sustainable_Fashion_Collection(saveas).pdf	23727
0290	saveas	1	original/saveas/text/EcoWave_Sustainable_Fashion_Collection(saveas).pdf	29118
0291	saveas	1	original/saveas/text/EcoWave_Sustainable_Fashion_Collection(saveas).pdf	35583
0292	saveas	1	original/saveas/text/EcoWave_Sustainable_Fashion_Collection(saveas).pdf	45344
0293	saveas	1	original/saveas/text/EcoWave_Sustainable_Fashion_Collection(saveas).pdf	51617
0294	saveas	1	original/saveas/text/EcoWave_Sustainable_Fashion_Collection(saveas).pdf	57816
0295	saveas	1	original/saveas/text/EcoWave_Sustainable_Fashion_Collection(saveas).pdf	63723
0296	saveas	1	original/saveas/text/EcoWave_Sustainable_Fashion_Collection(saveas).pdf	72581
0297	saveas	1	original/saveas/text/EcoWave_Sustainable_Fashion_Collection(saveas).pdf	80424
0298	saveas	1	original/saveas/text/EcoWave_Sustainable_Fashion_Collection(saveas).pdf	80752
0299	saveas	1	original/saveas/text/EcoWave_Sustainable_Fashion_Collection(saveas).pdf	104068
0300	saveas	1	original/saveas/text/EcoWave_Sustainable_Fashion_Collection(saveas).pdf	104386
0301	saveas	1	original/saveas/text/EcoWave_Sustainable_Fashion_Collection(saveas).pdf	110586
0302	saveas	1	original/saveas/text/EcoWave_Sustainable_Fashion_Collection(saveas).pdf	128867
0303	saveas	1	original/saveas/text/EcoWave_Sustainable_Fashion_Collection(saveas).pdf	129267
0304	saveas	1	original/saveas/text/EcoWave_Sustainable_Fashion_Collection(saveas).pdf	143429
0305	saveas	1	original/saveas/text/EcoWave_Sustainable_Fashion_Collection(saveas).pdf	169398
0306	saveas	1	original/saveas/text/EcoWave_Sustainable_Fashion_Collection(saveas).pdf	169764
0307	saveas	1	original/saveas/text/EcoWave_Sustainable_Fashion_Collection(saveas).pdf	179079
0308	saveas	1	original/saveas/text/EcoWave_Sustainable_Fashion_Collection(saveas).pdf	180115
0309	saveas	1	original/saveas/text/EcoWave_Sustainable_Fashion_Collection(saveas).pdf	204709
0310	saveas	1	original/saveas/text/EcoWave_Sustainable_Fashion_Collection(saveas).pdf	205661
0311	saveas	1	original/saveas/text/EcoWave_Sustainable_Fashion_Collection(saveas).pdf	261073
0312	saveas	1	original/saveas/text/EcoWave_Sustainable_Fashion_Collection(saveas).pdf	261749
0313	saveas	1	original/saveas/text/EcoWave_Sustainable_Fashion_Collection(saveas).pdf	270409
0314	saveas	1	original/saveas/text/EcoWave_Sustainable_Fashion_Collection(saveas).pdf	271133
0315	saveas	1	original/saveas/text/EcoWave_Sustainable_Fashion_Collection(saveas).pdf	294281
0316	saveas	1	original/saveas/text/EcoWave_Sustainable_Fashion_Collection(saveas).pdf	302216
0317	saveas	1	original/saveas/text/EcoWave_Sustainable_Fashion_Collection(saveas).pdf	305861
0318	saveas	1	original/saveas/text/EcoWave_Sustainable_Fashion_Collection(saveas).pdf	306278
0319	saveas	1	original/saveas/text/EcoWave_Sustainable_Fashion_Collection(saveas).pdf	317467
0320	saveas	1	original/saveas/text/EcoWave_Sustainable_Fashion_Collection(saveas).pdf	320434
0321	saveas	1	original/saveas/text/EcoWave_Sustainable_Fashion_Collection(saveas).pdf	320954
0322	saveas	1	original/saveas/text/EcoWave_Sustainable_Fashion_Collection(saveas).pdf	326689
0323	saveas	1	original/saveas/text/EcoWave_Sustainable_Fashion_Collection(saveas).pdf	327070
0324	saveas	1	original/saveas/text/EcoWave_Sustainable_Fashion_Collection(saveas).pdf	335312
0325	saveas	1	original/saveas/text/EcoWave_Sustainable_Fashion_Collection(saveas).pdf	335726
0326	saveas	1	original/saveas/text/EcoWave_Sustainable_Fashion_Collection(saveas).pdf	341137
0327	saveas	1	original/saveas/text/EcoWave_Sustainable_Fashion_Collection(saveas).pdf	341842
0328	saveas	1	original/saveas/text/EcoWave_Sustainable_Fashion_Collection(saveas).pdf	350336
0329	saveas	1	original/saveas/text/EcoWave_Sustainable_Fashion_Collection(saveas).pdf	351029
0330	saveas	1	original/saveas/text/EcoWave_Sustainable_Fashion_Collection(saveas).pdf	377271
0331	saveas	1	original/saveas/text/EduBot_AI_Learning_Robot_Series(saveas).pdf	643
0332	saveas	1	original/saveas/text/EduBot_AI_Learning_Robot_Series(saveas).pdf	7491
0333	saveas	1	original/saveas/text/EduBot_AI_Learning_Robot_Series(saveas).pdf	13786
0334	saveas	1	original/saveas/text/EduBot_AI_Learning_Robot_Series(saveas).pdf	24336
0335	saveas	1	original/saveas/text/EduBot_AI_Learning_Robot_Series(saveas).pdf	29744
0336	saveas	1	original/saveas/text/EduBot_AI_Learning_Robot_Series(saveas).pdf	36637
0337	saveas	1	original/saveas/text/EduBot_AI_Learning_Robot_Series(saveas).pdf	46253
0338	saveas	1	original/saveas/text/EduBot_AI_Learning_Robot_Series(saveas).pdf	52570
0339	saveas	1	original/saveas/text/EduBot_AI_Learning_Robot_Series(saveas).pdf	58667
0340	saveas	1	original/saveas/text/EduBot_AI_Learning_Robot_Series(saveas).pdf	63896
0341	saveas	1	original/saveas/text/EduBot_AI_Learning_Robot_Series(saveas).pdf	80838
0342	saveas	1	original/saveas/text/EduBot_AI_Learning_Robot_Series(saveas).pdf	91671
0343	saveas	1	original/saveas/text/EduBot_AI_Learning_Robot_Series(saveas).pdf	91989
0344	saveas	1	original/saveas/text/EduBot_AI_Learning_Robot_Series(saveas).pdf	98189
0345	saveas	1	original/saveas/text/EduBot_AI_Learning_Robot_Series(saveas).pdf	116470
0346	saveas	1	original/saveas/text/EduBot_AI_Learning_Robot_Series(saveas).pdf	116787
0347	saveas	1	original/saveas/text/EduBot_AI_Learning_Robot_Series(saveas).pdf	123022
0348	saveas	1	original/saveas/text/EduBot_AI_Learning_Robot_Series(saveas).pdf	148991
0349	saveas	1	original/saveas/text/EduBot_AI_Learning_Robot_Series(saveas).pdf	149381
0350	saveas	1	original/saveas/text/EduBot_AI_Learning_Robot_Series(saveas).pdf	159273
0351	saveas	1	original/saveas/text/EduBot_AI_Learning_Robot_Series(saveas).pdf	160195
0352	saveas	1	original/saveas/text/EduBot_AI_Learning_Robot_Series(saveas).pdf	187996
0353	saveas	1	original/saveas/text/EduBot_AI_Learning_Robot_Series(saveas).pdf	188763
0354	saveas	1	original/saveas/text/EduBot_AI_Learning_Robot_Series(saveas).pdf	205804
0355	saveas	1	original/saveas/text/EduBot_AI_Learning_Robot_Series(saveas).pdf	206233
0356	saveas	1	original/saveas/text/EduBot_AI_Learning_Robot_Series(saveas).pdf	211104
0357	saveas	1	original/saveas/text/EduBot_AI_Learning_Robot_Series(saveas).pdf	211772
0358	saveas	1	original/saveas/text/EduBot_AI_Learning_Robot_Series(saveas).pdf	229220
0359	saveas	1	original/saveas/text/EduBot_AI_Learning_Robot_Series(saveas).pdf	229539
0360	saveas	1	original/saveas/text/EduBot_AI_Learning_Robot_Series(saveas).pdf	252798
0361	saveas	1	original/saveas/text/EduBot_AI_Learning_Robot_Series(saveas).pdf	253502
0362	saveas	1	original/saveas/text/EduBot_AI_Learning_Robot_Series(saveas).pdf	282597
0363	saveas	1	original/saveas/text/EduBot_AI_Learning_Robot_Series(saveas).pdf	288898
0364	saveas	1	original/saveas/text/EduBot_AI_Learning_Robot_Series(saveas).pdf	298280
0365	saveas	1	original/saveas/text/EduBot_AI_Learning_Robot_Series(saveas).pdf	298596
0366	saveas	1	original/saveas/text/EduBot_AI_Learning_Robot_Series(saveas).pdf	310477
0367	saveas	1	original/saveas/text/EduBot_AI_Learning_Robot_Series(saveas).pdf	310926
0368	saveas	1	original/saveas/text/EduBot_AI_Learning_Robot_Series(saveas).pdf	317067
0369	saveas	1	original/saveas/text/EduBot_AI_Learning_Robot_Series(saveas).pdf	317572
0370	saveas	1	original/saveas/text/EduBot_AI_Learning_Robot_Series(saveas).pdf	328241
0371	saveas	1	original/saveas/text/EduBot_AI_Learning_Robot_Series(saveas).pdf	328558
0372	saveas	1	original/saveas/text/EduBot_AI_Learning_Robot_Series(saveas).pdf	336407
0373	saveas	1	original/saveas/text/EduBot_AI_Learning_Robot_Series(saveas).pdf	336885
0374	saveas	1	original/saveas/text/EduBot_AI_Learning_Robot_Series(saveas).pdf	349161
0375	saveas	1	original/saveas/text/EduBot_AI_Learning_Robot_Series(saveas).pdf	349893
0376	saveas	1	original/saveas/text/EduBot_AI_Learning_Robot_Series(saveas).pdf	363763
0377	saveas	1	original/saveas/text/EduBot_AI_Learning_Robot_Series(saveas).pdf	364465
0378	saveas	1	original/saveas/text/EduBot_AI_Learning_Robot_Series(saveas).pdf	393834
0379	saveas	1	original/saveas/text/Evolution_Biodegradable_Plastics(saveas).pdf	606
0380	saveas	1	original/saveas/text/Evolution_Biodegradable_Plastics(saveas).pdf	5832
0381	saveas	1	original/saveas/text/Evolution_Biodegradable_Plastics(saveas).pdf	10936
0382	saveas	1	original/saveas/text/Evolution_Biodegradable_Plastics(saveas).pdf	24107
0383	saveas	1	original/saveas/text/Evolution_Biodegradable_Plastics(saveas).pdf	28981
0384	saveas	1	original/saveas/text/Evolution_Biodegradable_Plastics(saveas).pdf	35606
0385	saveas	1	original/saveas/text/Evolution_Biodegradable_Plastics(saveas).pdf	47267
0386	saveas	1	original/saveas/text/Evolution_Biodegradable_Plastics(saveas).pdf	51687
0387	saveas	1	original/saveas/text/Evolution_Biodegradable_Plastics(saveas).pdf	57724
0388	saveas	1	original/saveas/text/Evolution_Biodegradable_Plastics(saveas).pdf	64612
0389	saveas	1	original/saveas/text/Evolution_Biodegradable_Plastics(saveas).pdf	81943
0390	saveas	1	original/saveas/text/Evolution_Biodegradable_Plastics(saveas).pdf	108196
0391	saveas	1	original/saveas/text/Evolution_Biodegradable_Plastics(saveas).pdf	116375
0392	saveas	1	original/saveas/text/Evolution_Biodegradable_Plastics(saveas).pdf	120899
0393	saveas	1	original/saveas/text/Evolution_Biodegradable_Plastics(saveas).pdf	121374
0394	saveas	1	original/saveas/text/Evolution_Biodegradable_Plastics(saveas).pdf	131182
0395	saveas	1	original/saveas/text/Evolution_Biodegradable_Plastics(saveas).pdf	132223
0396	saveas	1	original/saveas/text/Evolution_Biodegradable_Plastics(saveas).pdf	156184
0397	saveas	1	original/saveas/text/Evolution_Biodegradable_Plastics(saveas).pdf	157617
0398	saveas	1	original/saveas/text/Evolution_Biodegradable_Plastics(saveas).pdf	244732
0399	saveas	1	original/saveas/text/Evolution_Biodegradable_Plastics(saveas).pdf	245288
0400	print	0	original/print/text/AI_Development_MultiLanguage(print).pdf	144
0401	print	0	original/print/text/AI_Development_MultiLanguage(print).pdf	11068
0402	print	0	original/print/text/AI_Development_MultiLanguage(print).pdf	108085
0403	print	0	original/print/text/AI_Development_MultiLanguage(print).pdf	138378
0404	print	0	original/print/text/AI_Development_MultiLanguage(print).pdf	154928
0405	print	0	original/print/text/AI_Development_MultiLanguage(print).pdf	158862
0406	print	0	original/print/text/AI_Development_MultiLanguage(print).pdf	170514
0407	print	0	original/print/text/AI_Development_MultiLanguage(print).pdf	247483
0408	print	0	original/print/text/AI_Development_MultiLanguage(print).pdf	324202
0409	print	0	original/print/text/AI_Development_MultiLanguage(print).pdf	401128
0410	print	0	original/print/text/AI_Development_MultiLanguage(print).pdf	477642
0411	print	0	original/print/text/AI_Development_MultiLanguage(print).pdf	526569
0412	print	0	original/print/text/AI_Development_MultiLanguage(print).pdf	575025
0413	print	0	original/print/text/AI_Development_MultiLanguage(print).pdf	605463
0414	print	0	original/print/text/AI_Development_MultiLanguage(print).pdf	632368
0415	print	0	original/print/text/AI_Development_MultiLanguage(print).pdf	690014
0416	print	0	original/print/text/AI_Development_MultiLanguage(print).pdf	696397
0417	print	0	original/print/text/AI_Development_MultiLanguage(print).pdf	703505
0418	print	0	original/print/text/AI_Development_MultiLanguage(print).pdf	721781
0419	print	0	original/print/text/AI_Development_MultiLanguage(print).pdf	774600
0420	print	0	original/print/text/AI_Development_MultiLanguage(print).pdf	778422
0421	print	0	original/print/text/AI_Development_MultiLanguage(print).pdf	789093
0422	print	0	original/print/text/AI_Development_MultiLanguage(print).pdf	798695
0423	print	0	original/print/text/AI_Development_MultiLanguage(print).pdf	826252
0424	print	0	original/print/text/AI_Development_MultiLanguage(print).pdf	829885
0425	print	0	original/print/text/AI_Development_MultiLanguage(print).pdf	856298
0426	print	0	original/print/text/AI_Development_MultiLanguage(print).pdf	887907
0427	print	0	original/print/text/AI_Development_MultiLanguage(print).pdf	930443
0428	print	0	original/print/text/AeroChef_Drone_Delivery_Cooking_Service(print).pdf	144
0429	print	0	original/print/text/AeroChef_Drone_Delivery_Cooking_Service(print).pdf	15801
0430	print	0	original/print/text/AeroChef_Drone_Delivery_Cooking_Service(print).pdf	27801
0431	print	0	original/print/text/AeroChef_Drone_Delivery_Cooking_Service(print).pdf	40109
0432	print	0	original/print/text/AeroChef_Drone_Delivery_Cooking_Service(print).pdf	107955
0433	print	0	original/print/text/AeroChef_Drone_Delivery_Cooking_Service(print).pdf	118334
0434	print	0	original/print/text/AeroChef_Drone_Delivery_Cooking_Service(print).pdf	230214
0435	print	0	original/print/text/AeroChef_Drone_Delivery_Cooking_Service(print).pdf	234607
0436	print	0	original/print/text/AeroChef_Drone_Delivery_Cooking_Service(print).pdf	240589
0437	print	0	original/print/text/AeroChef_Drone_Delivery_Cooking_Service(print).pdf	319734
0438	print	0	original/print/text/AeroChef_Drone_Delivery_Cooking_Service(print).pdf	346412
0439	print	0	original/print/text/AeroChef_Drone_Delivery_Cooking_Service(print).pdf	443351
0440	print	0	original/print/text/AeroChef_Drone_Delivery_Cooking_Service(print).pdf	445758
0441	print	0	original/print/text/AeroChef_Drone_Delivery_Cooking_Service(print).pdf	458297
0442	print	0	original/print/text/AeroChef_Drone_Delivery_Cooking_Service(print).pdf	480703
0443	print	0	original/print/text/AeroChef_Drone_Delivery_Cooking_Service(print).pdf	522770
0444	print	0	original/print/text/AeroChef_Drone_Delivery_Cooking_Service(print).pdf	529287
0445	print	0	original/print/text/AeroChef_Drone_Delivery_Cooking_Service(print).pdf	570720
0446	print	0	original/print/text/AeroChef_Drone_Delivery_Cooking_Service(print).pdf	623835
0447	print	0	original/print/text/AeroChef_Drone_Delivery_Cooking_Service(print).pdf	631781
0448	print	0	original/print/text/AeroChef_Drone_Delivery_Cooking_Service(print).pdf	634900
0449	print	0	original/print/text/AeroChef_Drone_Delivery_Cooking_Service(print).pdf	645800
0450	print	0	original/print/text/AeroChef_Drone_Delivery_Cooking_Service(print).pdf	1134398
0451	print	0	original/print/text/AeroChef_Drone_Delivery_Cooking_Service(print).pdf	1162608
0452	print	0	original/print/text/AeroChef_Drone_Delivery_Cooking_Service(print).pdf	1166718
0453	print	0	original/print/text/AeroChef_Drone_Delivery_Cooking_Service(print).pdf	1188651
0454	print	0	original/print/text/AeroChef_Drone_Delivery_Cooking_Service(print).pdf	1225333
0455	print	0	original/print/text/AeroChef_Drone_Delivery_Cooking_Service(print).pdf	1259493
0456	print	0	original/print/text/Aurora_VR_AR_Game_Lineup_Multilingual(print).pdf	144
0457	print	0	original/print/text/Aurora_VR_AR_Game_Lineup_Multilingual(print).pdf	30613
0458	print	0	original/print/text/Aurora_VR_AR_Game_Lineup_Multilingual(print).pdf	89612
0459	print	0	original/print/text/Aurora_VR_AR_Game_Lineup_Multilingual(print).pdf	186548
0460	print	0	original/print/text/Aurora_VR_AR_Game_Lineup_Multilingual(print).pdf	190962
0461	print	0	original/print/text/Aurora_VR_AR_Game_Lineup_Multilingual(print).pdf	267731
0462	print	0	original/print/text/Aurora_VR_AR_Game_Lineup_Multilingual(print).pdf	344245
0463	print	0	original/print/text/Aurora_VR_AR_Game_Lineup_Multilingual(print).pdf	421267
0464	print	0	original/print/text/Aurora_VR_AR_Game_Lineup_Multilingual(print).pdf	498283
0465	print	0	original/print/text/Aurora_VR_AR_Game_Lineup_Multilingual(print).pdf	574995
0466	print	0	original/print/text/Aurora_VR_AR_Game_Lineup_Multilingual(print).pdf	652503
0467	print	0	original/print/text/Aurora_VR_AR_Game_Lineup_Multilingual(print).pdf	729215
0468	print	0	original/print/text/Aurora_VR_AR_Game_Lineup_Multilingual(print).pdf	806122
0469	print	0	original/print/text/Aurora_VR_AR_Game_Lineup_Multilingual(print).pdf	883224
0470	print	0	original/print/text/Aurora_VR_AR_Game_Lineup_Multilingual(print).pdf	959731
0471	print	0	original/print/text/Aurora_VR_AR_Game_Lineup_Multilingual(print).pdf	1036365
0472	print	0	original/print/text/Aurora_VR_AR_Game_Lineup_Multilingual(print).pdf	1113708
0473	print	0	original/print/text/Aurora_VR_AR_Game_Lineup_Multilingual(print).pdf	1190331
0474	print	0	original/print/text/Aurora_VR_AR_Game_Lineup_Multilingual(print).pdf	1267354
0475	print	0	original/print/text/Aurora_VR_AR_Game_Lineup_Multilingual(print).pdf	1279801
0476	print	0	original/print/text/Aurora_VR_AR_Game_Lineup_Multilingual(print).pdf	1327583
0477	print	0	original/print/text/Aurora_VR_AR_Game_Lineup_Multilingual(print).pdf	1367026
0478	print	0	original/print/text/Aurora_VR_AR_Game_Lineup_Multilingual(print).pdf	1405253
0479	print	0	original/print/text/Aurora_VR_AR_Game_Lineup_Multilingual(print).pdf	1412180
0480	print	0	original/print/text/Aurora_VR_AR_Game_Lineup_Multilingual(print).pdf	1456292
0481	print	0	original/print/text/Aurora_VR_AR_Game_Lineup_Multilingual(print).pdf	1464062
0482	print	0	original/print/text/Aurora_VR_AR_Game_Lineup_Multilingual(print).pdf	1469427
0483	print	0	original/print/text/Aurora_VR_AR_Game_Lineup_Multilingual(print).pdf	1497288
0484	print	0	original/print/text/Aurora_VR_AR_Game_Lineup_Multilingual(print).pdf	1984157
0485	print	0	original/print/text/Aurora_VR_AR_Game_Lineup_Multilingual(print).pdf	1989881
0486	print	0	original/print/text/Aurora_VR_AR_Game_Lineup_Multilingual(print).pdf	2016204
0487	print	0	original/print/text/Aurora_VR_AR_Game_Lineup_Multilingual(print).pdf	2049304
0488	print	0	original/print/text/Autonomous_Vehicle_Accident_Report(print).pdf	144
0489	print	0	original/print/text/Autonomous_Vehicle_Accident_Report(print).pdf	27418
0490	print	0	original/print/text/Autonomous_Vehicle_Accident_Report(print).pdf	124435
0491	print	0	original/print/text/Autonomous_Vehicle_Accident_Report(print).pdf	142481
0492	print	0	original/print/text/Autonomous_Vehicle_Accident_Report(print).pdf	203053
0493	print	0	original/print/text/Autonomous_Vehicle_Accident_Report(print).pdf	206849
0494	print	0	original/print/text/Autonomous_Vehicle_Accident_Report(print).pdf	240639
0495	print	0	original/print/text/Autonomous_Vehicle_Accident_Report(print).pdf	267532
0496	print	0	original/print/text/Autonomous_Vehicle_Accident_Report(print).pdf	306414
0497	print	0	original/print/text/Autonomous_Vehicle_Accident_Report(print).pdf	309012
0498	print	0	original/print/text/Autonomous_Vehicle_Accident_Report(print).pdf	326237
0499	print	0	original/print/text/Autonomous_Vehicle_Accident_Report(print).pdf	382704
0500	print	0	original/print/text/Autonomous_Vehicle_Accident_Report(print).pdf	399473
0501	print	0	original/print/text/Autonomous_Vehicle_Accident_Report(print).pdf	511356
0502	print	0	original/print/text/Autonomous_Vehicle_Accident_Report(print).pdf	516623
0503	print	0	original/print/text/Autonomous_Vehicle_Accident_Report(print).pdf	567732
0504	print	0	original/print/text/Autonomous_Vehicle_Accident_Report(print).pdf	614254
0505	print	0	original/print/text/Autonomous_Vehicle_Accident_Report(print).pdf	633780
0506	print	0	original/print/text/Autonomous_Vehicle_Accident_Report(print).pdf	644251
0507	print	0	original/print/text/Autonomous_Vehicle_Accident_Report(print).pdf	648681
0508	print	0	original/print/text/Autonomous_Vehicle_Accident_Report(print).pdf	1141222
0509	print	0	original/print/text/Autonomous_Vehicle_Accident_Report(print).pdf	1145130
0510	print	0	original/print/text/Autonomous_Vehicle_Accident_Report(print).pdf	1181371
0511	print	0	original/print/text/Autonomous_Vehicle_Accident_Report(print).pdf	1211694
0512	print	0	original/print/text/Autonomous_Vehicle_Accident_Report(print).pdf	1222070
0513	print	0	original/print/text/BioNext_Data_Leak_Report(print).pdf	143
0514	print	0	original/print/text/BioNext_Data_Leak_Report(print).pdf	7560
0515	print	0	original/print/text/BioNext_Data_Leak_Report(print).pdf	104577
0516	print	0	original/print/text/BioNext_Data_Leak_Report(print).pdf	122864
0517	print	0	original/print/text/BioNext_Data_Leak_Report(print).pdf	157023
0518	print	0	original/print/text/BioNext_Data_Leak_Report(print).pdf	161675
0519	print	0	original/print/text/BioNext_Data_Leak_Report(print).pdf	179749
0520	print	0	original/print/text/BioNext_Data_Leak_Report(print).pdf	254875
0521	print	0	original/print/text/BioNext_Data_Leak_Report(print).pdf	330623
0522	print	0	original/print/text/BioNext_Data_Leak_Report(print).pdf	406098
0523	print	0	original/print/text/BioNext_Data_Leak_Report(print).pdf	481522
0524	print	0	original/print/text/BioNext_Data_Leak_Report(print).pdf	557339
0525	print	0	original/print/text/BioNext_Data_Leak_Report(print).pdf	608237
0526	print	0	original/print/text/BioNext_Data_Leak_Report(print).pdf	627615
0527	print	0	original/print/text/BioNext_Data_Leak_Report(print).pdf	668913
0528	print	0	original/print/text/BioNext_Data_Leak_Report(print).pdf	689245
0529	print	0	original/print/text/BioNext_Data_Leak_Report(print).pdf	730997
0530	print	0	original/print/text/BioNext_Data_Leak_Report(print).pdf	737371
0531	print	0	original/print/text/BioNext_Data_Leak_Report(print).pdf	744526
0532	print	0	original/print/text/BioNext_Data_Leak_Report(print).pdf	792267
0533	print	0	original/print/text/BioNext_Data_Leak_Report(print).pdf	807333
0534	print	0	original/print/text/BioNext_Data_Leak_Report(print).pdf	811760
0535	print	0	original/print/text/BioNext_Data_Leak_Report(print).pdf	817904
0536	print	0	original/print/text/BioNext_Data_Leak_Report(print).pdf	829333
0537	print	0	original/print/text/BioNext_Data_Leak_Report(print).pdf	832605
0538	print	0	original/print/text/BioNext_Data_Leak_Report(print).pdf	845649
0539	print	0	original/print/text/BioNext_Data_Leak_Report(print).pdf	849996
0540	print	0	original/print/text/BioNext_Data_Leak_Report(print).pdf	885648
0541	print	0	original/print/text/BioNext_Data_Leak_Report(print).pdf	923469
0542	print	0	original/print/text/BioNext_Data_Leak_Report(print).pdf	934655
0543	print	0	original/print/text/Digital_Minimalism(print).pdf	143
0544	print	0	original/print/text/Digital_Minimalism(print).pdf	8215
0545	print	0	original/print/text/Digital_Minimalism(print).pdf	105152
0546	print	0	original/print/text/Digital_Minimalism(print).pdf	165999
0547	print	0	original/print/text/Digital_Minimalism(print).pdf	226624
0548	print	0	original/print/text/Digital_Minimalism(print).pdf	288083
0549	print	0	original/print/text/Digital_Minimalism(print).pdf	349525
0550	print	0	original/print/text/Digital_Minimalism(print).pdf	366198
0551	print	0	original/print/text/Digital_Minimalism(print).pdf	409257
0552	print	0	original/print/text/Digital_Minimalism(print).pdf	443084
0553	print	0	original/print/text/Digital_Minimalism(print).pdf	450738
0554	print	0	original/print/text/Digital_Minimalism(print).pdf	504216
0555	print	0	original/print/text/Digital_Minimalism(print).pdf	531895
0556	print	0	original/print/text/Digital_Minimalism(print).pdf	534286
0557	print	0	original/print/text/Digital_Minimalism(print).pdf	550671
0558	print	0	original/print/text/Digital_Minimalism(print).pdf	568824
0559	print	0	original/print/text/Digital_Minimalism(print).pdf	619970
0560	print	0	original/print/text/Digital_Minimalism(print).pdf	627039
0561	print	0	original/print/text/Digital_Minimalism(print).pdf	639056
0562	print	0	original/print/text/Digital_Minimalism(print).pdf	682577
0563	print	0	original/print/text/Digital_Minimalism(print).pdf	734810
0564	print	0	original/print/text/Digital_Minimalism(print).pdf	738709
0565	print	0	original/print/text/Digital_Minimalism(print).pdf	744475
0566	print	0	original/print/text/Digital_Minimalism(print).pdf	1231479
0567	print	0	original/print/text/Digital_Minimalism(print).pdf	1259131
0568	print	0	original/print/text/Digital_Minimalism(print).pdf	1263150
0569	print	0	original/print/text/Digital_Minimalism(print).pdf	1271584
0570	print	0	original/print/text/Digital_Minimalism(print).pdf	1298294
0571	print	0	original/print/text/Digital_Minimalism(print).pdf	1340046
0572	print	0	original/print/text/E-Payment_Service_Outage_Report(print).pdf	143
0573	print	0	original/print/text/E-Payment_Service_Outage_Report(print).pdf	7729
0574	print	0	original/print/text/E-Payment_Service_Outage_Report(print).pdf	104666
0575	print	0	original/print/text/E-Payment_Service_Outage_Report(print).pdf	167453
0576	print	0	original/print/text/E-Payment_Service_Outage_Report(print).pdf	185544
0577	print	0	original/print/text/E-Payment_Service_Outage_Report(print).pdf	244871
0578	print	0	original/print/text/E-Payment_Service_Outage_Report(print).pdf	356750
0579	print	0	original/print/text/E-Payment_Service_Outage_Report(print).pdf	357571
0580	print	0	original/print/text/E-Payment_Service_Outage_Report(print).pdf	363220
0581	print	0	original/print/text/E-Payment_Service_Outage_Report(print).pdf	395700
0582	print	0	original/print/text/E-Payment_Service_Outage_Report(print).pdf	471368
0583	print	0	original/print/text/E-Payment_Service_Outage_Report(print).pdf	473948
0584	print	0	original/print/text/E-Payment_Service_Outage_Report(print).pdf	489024
0585	print	0	original/print/text/E-Payment_Service_Outage_Report(print).pdf	541683
0586	print	0	original/print/text/E-Payment_Service_Outage_Report(print).pdf	563401
0587	print	0	original/print/text/E-Payment_Service_Outage_Report(print).pdf	569927
0588	print	0	original/print/text/E-Payment_Service_Outage_Report(print).pdf	582091
0589	print	0	original/print/text/E-Payment_Service_Outage_Report(print).pdf	637072
0590	print	0	original/print/text/E-Payment_Service_Outage_Report(print).pdf	683509
0591	print	0	original/print/text/E-Payment_Service_Outage_Report(print).pdf	688084
0592	print	0	original/print/text/E-Payment_Service_Outage_Report(print).pdf	693794
0593	print	0	original/print/text/E-Payment_Service_Outage_Report(print).pdf	724813
0594	print	0	original/print/text/E-Payment_Service_Outage_Report(print).pdf	1217803
0595	print	0	original/print/text/E-Payment_Service_Outage_Report(print).pdf	1222746
0596	print	0	original/print/text/E-Payment_Service_Outage_Report(print).pdf	1230682
0597	print	0	original/print/text/E-Payment_Service_Outage_Report(print).pdf	1275916
0598	print	0	original/print/text/E-Payment_Service_Outage_Report(print).pdf	1304738
0599	print	0	original/print/text/EcoWave_Sustainable_Fashion_Collection(print).pdf	143
0600	print	0	original/print/text/EcoWave_Sustainable_Fashion_Collection(print).pdf	9932
0601	print	0	original/print/text/EcoWave_Sustainable_Fashion_Collection(print).pdf	18935
0602	print	0	original/print/text/EcoWave_Sustainable_Fashion_Collection(print).pdf	131085
0603	print	0	original/print/text/EcoWave_Sustainable_Fashion_Collection(print).pdf	143393
0604	print	0	original/print/text/EcoWave_Sustainable_Fashion_Collection(print).pdf	211240
0605	print	0	original/print/text/EcoWave_Sustainable_Fashion_Collection(print).pdf	243895
0606	print	0	original/print/text/EcoWave_Sustainable_Fashion_Collection(print).pdf	340831
0607	print	0	original/print/text/EcoWave_Sustainable_Fashion_Collection(print).pdf	345014
0608	print	0	original/print/text/EcoWave_Sustainable_Fashion_Collection(print).pdf	369581
0609	print	0	original/print/text/EcoWave_Sustainable_Fashion_Collection(print).pdf	435487
0610	print	0	original/print/text/EcoWave_Sustainable_Fashion_Collection(print).pdf	456933
0611	print	0	original/print/text/EcoWave_Sustainable_Fashion_Collection(print).pdf	475577
0612	print	0	original/print/text/EcoWave_Sustainable_Fashion_Collection(print).pdf	529209
0613	print	0	original/print/text/EcoWave_Sustainable_Fashion_Collection(print).pdf	534680
0614	print	0	original/print/text/EcoWave_Sustainable_Fashion_Collection(print).pdf	546479
0615	print	0	original/print/text/EcoWave_Sustainable_Fashion_Collection(print).pdf	554640
0616	print	0	original/print/text/EcoWave_Sustainable_Fashion_Collection(print).pdf	608254
0617	print	0	original/print/text/EcoWave_Sustainable_Fashion_Collection(print).pdf	611809
0618	print	0	original/print/text/EcoWave_Sustainable_Fashion_Collection(print).pdf	622024
0619	print	0	original/print/text/EcoWave_Sustainable_Fashion_Collection(print).pdf	650143
0620	print	0	original/print/text/EcoWave_Sustainable_Fashion_Collection(print).pdf	658887
0621	print	0	original/print/text/EcoWave_Sustainable_Fashion_Collection(print).pdf	662294
0622	print	0	original/print/text/EcoWave_Sustainable_Fashion_Collection(print).pdf	695175
0623	print	0	original/print/text/EcoWave_Sustainable_Fashion_Collection(print).pdf	707226
0624	print	0	original/print/text/EcoWave_Sustainable_Fashion_Collection(print).pdf	742408
0625	print	0	original/print/text/EduBot_AI_Learning_Robot_Series(print).pdf	144
0626	print	0	original/print/text/EduBot_AI_Learning_Robot_Series(print).pdf	30400
0627	print	0	original/print/text/EduBot_AI_Learning_Robot_Series(print).pdf	42708
0628	print	0	original/print/text/EduBot_AI_Learning_Robot_Series(print).pdf	110555
0629	print	0	original/print/text/EduBot_AI_Learning_Robot_Series(print).pdf	127964
0630	print	0	original/print/text/EduBot_AI_Learning_Robot_Series(print).pdf	224901
0631	print	0	original/print/text/EduBot_AI_Learning_Robot_Series(print).pdf	238457
0632	print	0	original/print/text/EduBot_AI_Learning_Robot_Series(print).pdf	274739
0633	print	0	original/print/text/EduBot_AI_Learning_Robot_Series(print).pdf	291915
0634	print	0	original/print/text/EduBot_AI_Learning_Robot_Series(print).pdf	317296
0635	print	0	original/print/text/EduBot_AI_Learning_Robot_Series(print).pdf	329792
0636	print	0	original/print/text/EduBot_AI_Learning_Robot_Series(print).pdf	354861
0637	print	0	original/print/text/EduBot_AI_Learning_Robot_Series(print).pdf	466950
0638	print	0	original/print/text/EduBot_AI_Learning_Robot_Series(print).pdf	510639
0639	print	0	original/print/text/EduBot_AI_Learning_Robot_Series(print).pdf	516497
0640	print	0	original/print/text/EduBot_AI_Learning_Robot_Series(print).pdf	532930
0641	print	0	original/print/text/EduBot_AI_Learning_Robot_Series(print).pdf	576920
0642	print	0	original/print/text/EduBot_AI_Learning_Robot_Series(print).pdf	631402
0643	print	0	original/print/text/EduBot_AI_Learning_Robot_Series(print).pdf	634971
0644	print	0	original/print/text/EduBot_AI_Learning_Robot_Series(print).pdf	643046
0645	print	0	original/print/text/EduBot_AI_Learning_Robot_Series(print).pdf	1129817
0646	print	0	original/print/text/EduBot_AI_Learning_Robot_Series(print).pdf	1138092
0647	print	0	original/print/text/EduBot_AI_Learning_Robot_Series(print).pdf	1141398
0648	print	0	original/print/text/EduBot_AI_Learning_Robot_Series(print).pdf	1166674
0649	print	0	original/print/text/EduBot_AI_Learning_Robot_Series(print).pdf	1193674
0650	print	0	original/print/text/EduBot_AI_Learning_Robot_Series(print).pdf	1231805
0651	print	0	original/print/text/Evolution_Biodegradable_Plastics(print).pdf	145
0652	print	0	original/print/text/Evolution_Biodegradable_Plastics(print).pdf	97155
0653	print	0	original/print/text/Evolution_Biodegradable_Plastics(print).pdf	106231
0654	print	0	original/print/text/Evolution_Biodegradable_Plastics(print).pdf	122642
0655	print	0	original/print/text/Evolution_Biodegradable_Plastics(print).pdf	154291
0656	print	0	original/print/text/Evolution_Biodegradable_Plastics(print).pdf	173880
0657	print	0	original/print/text/Evolution_Biodegradable_Plastics(print).pdf	198043
0658	print	0	original/print/text/Evolution_Biodegradable_Plastics(print).pdf	296332
0659	print	0	original/print/text/Evolution_Biodegradable_Plastics(print).pdf	298467
0660	print	0	original/print/text/Evolution_Biodegradable_Plastics(print).pdf	311914
0661	print	0	original/print/text/Evolution_Biodegradable_Plastics(print).pdf	330054
0662	print	0	original/print/text/Evolution_Biodegradable_Plastics(print).pdf	385333
0663	print	0	original/print/text/Evolution_Biodegradable_Plastics(print).pdf	393944
0664	print	0	original/print/text/Evolution_Biodegradable_Plastics(print).pdf	435428
0665	print	0	original/print/text/Evolution_Biodegradable_Plastics(print).pdf	448704
0666	print	0	original/print/text/Evolution_Biodegradable_Plastics(print).pdf	501011
0667	print	0	original/print/text/Evolution_Biodegradable_Plastics(print).pdf	505383
0668	print	0	original/print/text/Evolution_Biodegradable_Plastics(print).pdf	532565
0669	print	0	original/print/text/Evolution_Biodegradable_Plastics(print).pdf	1019483
0670	print	0	original/print/text/Evolution_Biodegradable_Plastics(print).pdf	1026515
0671	print	0	original/print/text/Evolution_Biodegradable_Plastics(print).pdf	1030699
0672	print	0	original/print/text/Evolution_Biodegradable_Plastics(print).pdf	1039076
0673	print	0	original/print/text/Evolution_Biodegradable_Plastics(print).pdf	1065215
0674	print	0	original/print/text/Evolution_Biodegradable_Plastics(print).pdf	1108470
0675	print	0	original/print/text/Evolution_Food_Culture_Alternative_Foods(print).pdf	144
0676	print	0	original/print/text/Evolution_Food_Culture_Alternative_Foods(print).pdf	28857
0677	print	0	original/print/text/Evolution_Food_Culture_Alternative_Foods(print).pdf	125874
0678	print	0	original/print/text/Evolution_Food_Culture_Alternative_Foods(print).pdf	142486
0679	print	0	original/print/text/Evolution_Food_Culture_Alternative_Foods(print).pdf	201436
0680	print	0	original/print/text/Evolution_Food_Culture_Alternative_Foods(print).pdf	262874
0681	print	0	original/print/text/Evolution_Food_Culture_Alternative_Foods(print).pdf	299939
0682	print	0	original/print/text/Evolution_Food_Culture_Alternative_Foods(print).pdf	377804
0683	print	0	original/print/text/Evolution_Food_Culture_Alternative_Foods(print).pdf	430065
0684	print	0	original/print/text/Evolution_Food_Culture_Alternative_Foods(print).pdf	474425
0685	print	0	original/print/text/Evolution_Food_Culture_Alternative_Foods(print).pdf	492134
0686	print	0	original/print/text/Evolution_Food_Culture_Alternative_Foods(print).pdf	544473
0687	print	0	original/print/text/Evolution_Food_Culture_Alternative_Foods(print).pdf	561978
0688	print	0	original/print/text/Evolution_Food_Culture_Alternative_Foods(print).pdf	569281
0689	print	0	original/print/text/Evolution_Food_Culture_Alternative_Foods(print).pdf	586010
0690	print	0	original/print/text/Evolution_Food_Culture_Alternative_Foods(print).pdf	638513
0691	print	0	original/print/text/Evolution_Food_Culture_Alternative_Foods(print).pdf	681329
0692	print	0	original/print/text/Evolution_Food_Culture_Alternative_Foods(print).pdf	685570
0693	print	0	original/print/text/Evolution_Food_Culture_Alternative_Foods(print).pdf	693916
0694	print	0	original/print/text/Evolution_Food_Culture_Alternative_Foods(print).pdf	721734
0695	print	0	original/print/text/Evolution_Food_Culture_Alternative_Foods(print).pdf	1208427
0696	print	0	original/print/text/Evolution_Food_Culture_Alternative_Foods(print).pdf	1212673
0697	print	0	original/print/text/Evolution_Food_Culture_Alternative_Foods(print).pdf	1239899
0698	print	0	original/print/text/Evolution_Food_Culture_Alternative_Foods(print).pdf	1282202
0699	print	0	original/print/text/Evolution_Food_Culture_Alternative_Foods(print).pdf	1308783
0700	print	0	original/print/text/International_Logistics_Fire_Report(print).pdf	144
0701	print	0	original/print/text/International_Logistics_Fire_Report(print).pdf	15542
0702	print	0	original/print/text/International_Logistics_Fire_Report(print).pdf	112479
0703	print	0	original/print/text/International_Logistics_Fire_Report(print).pdf	175317
0704	print	0	original/print/text/International_Logistics_Fire_Report(print).pdf	239176
0705	print	0	original/print/text/International_Logistics_Fire_Report(print).pdf	250961
0706	print	0	original/print/text/International_Logistics_Fire_Report(print).pdf	283861
0707	print	0	original/print/text/International_Logistics_Fire_Report(print).pdf	317331
0708	print	0	original/print/text/International_Logistics_Fire_Report(print).pdf	342537
0709	print	0	original/print/text/International_Logistics_Fire_Report(print).pdf	369316
0710	print	0	original/print/text/International_Logistics_Fire_Report(print).pdf	412395
0711	print	0	original/print/text/International_Logistics_Fire_Report(print).pdf	430337
0712	print	0	original/print/text/International_Logistics_Fire_Report(print).pdf	450005
0713	print	0	original/print/text/International_Logistics_Fire_Report(print).pdf	456601
0714	print	0	original/print/text/International_Logistics_Fire_Report(print).pdf	507043
0715	print	0	original/print/text/International_Logistics_Fire_Report(print).pdf	552248
0716	print	0	original/print/text/International_Logistics_Fire_Report(print).pdf	568087
0717	print	0	original/print/text/International_Logistics_Fire_Report(print).pdf	572561
0718	print	0	original/print/text/International_Logistics_Fire_Report(print).pdf	599542
0719	print	0	original/print/text/International_Logistics_Fire_Report(print).pdf	1091281
0720	print	0	original/print/text/International_Logistics_Fire_Report(print).pdf	1100710
0721	print	0	original/print/text/International_Logistics_Fire_Report(print).pdf	1104994
0722	print	0	original/print/text/International_Logistics_Fire_Report(print).pdf	1140124
0723	print	0	original/print/text/International_Logistics_Fire_Report(print).pdf	1168790
0724	print	0	original/print/text/International_Logistics_Fire_Report(print).pdf	1180188
0725	print	0	original/print/text/Lumina_Interior_Lighting_Designbook(print).pdf	143
0726	print	0	original/print/text/Lumina_Interior_Lighting_Designbook(print).pdf	10161
0727	print	0	original/print/text/Lumina_Interior_Lighting_Designbook(print).pdf	26573
0728	print	0	original/print/text/Lumina_Interior_Lighting_Designbook(print).pdf	138675
0729	print	0	original/print/text/Lumina_Interior_Lighting_Designbook(print).pdf	150983
0730	print	0	original/print/text/Lumina_Interior_Lighting_Designbook(print).pdf	218830
0731	print	0	original/print/text/Lumina_Interior_Lighting_Designbook(print).pdf	230939
0732	print	0	original/print/text/Lumina_Interior_Lighting_Designbook(print).pdf	234952
0733	print	0	original/print/text/Lumina_Interior_Lighting_Designbook(print).pdf	242946
0734	print	0	original/print/text/Lumina_Interior_Lighting_Designbook(print).pdf	315271
0735	print	0	original/print/text/Lumina_Interior_Lighting_Designbook(print).pdf	337744
0736	print	0	original/print/text/Lumina_Interior_Lighting_Designbook(print).pdf	434683
0737	print	0	original/print/text/Lumina_Interior_Lighting_Designbook(print).pdf	437211
0738	print	0	original/print/text/Lumina_Interior_Lighting_Designbook(print).pdf	451839
0739	print	0	original/print/text/Lumina_Interior_Lighting_Designbook(print).pdf	518016
0740	print	0	original/print/text/Lumina_Interior_Lighting_Designbook(print).pdf	561531
0741	print	0	original/print/text/Lumina_Interior_Lighting_Designbook(print).pdf	568128
0742	print	0	original/print/text/Lumina_Interior_Lighting_Designbook(print).pdf	575056
0743	print	0	original/print/text/Lumina_Interior_Lighting_Designbook(print).pdf	588733
0744	print	0	original/print/text/Lumina_Interior_Lighting_Designbook(print).pdf	643798
0745	print	0	original/print/text/Lumina_Interior_Lighting_Designbook(print).pdf	647685
0746	print	0	original/print/text/Lumina_Interior_Lighting_Designbook(print).pdf	674338
0747	print	0	original/print/text/Lumina_Interior_Lighting_Designbook(print).pdf	686604
0748	print	0	original/print/text/Lumina_Interior_Lighting_Designbook(print).pdf	696665
0749	print	0	original/print/text/Lumina_Interior_Lighting_Designbook(print).pdf	699980
0750	print	0	original/print/text/Lumina_Interior_Lighting_Designbook(print).pdf	726859
0751	print	0	original/print/text/Lumina_Interior_Lighting_Designbook(print).pdf	770656
0752	print	0	original/print/text/Lumina_Interior_Lighting_Designbook(print).pdf	783429
0753	print	0	original/print/text/NeoHome_Smart_Appliances_Catalog_v5(print).pdf	144
0754	print	0	original/print/text/NeoHome_Smart_Appliances_Catalog_v5(print).pdf	26281
0755	print	0	original/print/text/NeoHome_Smart_Appliances_Catalog_v5(print).pdf	44440
0756	print	0	original/print/text/NeoHome_Smart_Appliances_Catalog_v5(print).pdf	156525
0757	print	0	original/print/text/NeoHome_Smart_Appliances_Catalog_v5(print).pdf	168833
0758	print	0	original/print/text/NeoHome_Smart_Appliances_Catalog_v5(print).pdf	236681
0759	print	0	original/print/text/NeoHome_Smart_Appliances_Catalog_v5(print).pdf	333617
0760	print	0	original/print/text/NeoHome_Smart_Appliances_Catalog_v5(print).pdf	338044
0761	print	0	original/print/text/NeoHome_Smart_Appliances_Catalog_v5(print).pdf	367069
0762	print	0	original/print/text/NeoHome_Smart_Appliances_Catalog_v5(print).pdf	444317
0763	print	0	original/print/text/NeoHome_Smart_Appliances_Catalog_v5(print).pdf	521019
0764	print	0	original/print/text/NeoHome_Smart_Appliances_Catalog_v5(print).pdf	597421
0765	print	0	original/print/text/NeoHome_Smart_Appliances_Catalog_v5(print).pdf	673283
0766	print	0	original/print/text/NeoHome_Smart_Appliances_Catalog_v5(print).pdf	750273
0767	print	0	original/print/text/NeoHome_Smart_Appliances_Catalog_v5(print).pdf	827175
0768	print	0	original/print/text/NeoHome_Smart_Appliances_Catalog_v5(print).pdf	904056
0769	print	0	original/print/text/NeoHome_Smart_Appliances_Catalog_v5(print).pdf	980900
0770	print	0	original/print/text/NeoHome_Smart_Appliances_Catalog_v5(print).pdf	1057211
0771	print	0	original/print/text/NeoHome_Smart_Appliances_Catalog_v5(print).pdf	1112019
0772	print	0	original/print/text/NeoHome_Smart_Appliances_Catalog_v5(print).pdf	1150875
0773	print	0	original/print/text/NeoHome_Smart_Appliances_Catalog_v5(print).pdf	1180043
0774	print	0	original/print/text/NeoHome_Smart_Appliances_Catalog_v5(print).pdf	1187380
0775	print	0	original/print/text/NeoHome_Smart_Appliances_Catalog_v5(print).pdf	1203547
0776	print	0	original/print/text/NeoHome_Smart_Appliances_Catalog_v5(print).pdf	1257984
0777	print	0	original/print/text/NeoHome_Smart_Appliances_Catalog_v5(print).pdf	1262222
0778	print	0	original/print/text/NeoHome_Smart_Appliances_Catalog_v5(print).pdf	1270143
0779	print	0	original/print/text/NeoHome_Smart_Appliances_Catalog_v5(print).pdf	1300538
0780	print	0	original/print/text/NeoHome_Smart_Appliances_Catalog_v5(print).pdf	1304740
0781	print	0	original/print/text/NeoHome_Smart_Appliances_Catalog_v5(print).pdf	1329023
0782	print	0	original/print/text/NeoHome_Smart_Appliances_Catalog_v5(print).pdf	1375278
0783	print	0	original/print/text/New_Care_Models_Aging_Society(print).pdf	145
0784	print	0	original/print/text/New_Care_Models_Aging_Society(print).pdf	97156
0785	print	0	original/print/text/New_Care_Models_Aging_Society(print).pdf	109251
0786	print	0	original/print/text/New_Care_Models_Aging_Society(print).pdf	138654
0787	print	0	original/print/text/New_Care_Models_Aging_Society(print).pdf	154593
0788	print	0	original/print/text/New_Care_Models_Aging_Society(print).pdf	231150
0789	print	0	original/print/text/New_Care_Models_Aging_Society(print).pdf	308344
0790	print	0	original/print/text/New_Care_Models_Aging_Society(print).pdf	385391
0791	print	0	original/print/text/New_Care_Models_Aging_Society(print).pdf	462492
0792	print	0	original/print/text/New_Care_Models_Aging_Society(print).pdf	538363
0793	print	0	original/print/text/New_Care_Models_Aging_Society(print).pdf	614800
0794	print	0	original/print/text/New_Care_Models_Aging_Society(print).pdf	691465
0795	print	0	original/print/text/New_Care_Models_Aging_Society(print).pdf	767734
0796	print	0	original/print/text/New_Care_Models_Aging_Society(print).pdf	844174
0797	print	0	original/print/text/New_Care_Models_Aging_Society(print).pdf	920880
0798	print	0	original/print/text/New_Care_Models_Aging_Society(print).pdf	998021
0799	print	0	original/print/text/New_Care_Models_Aging_Society(print).pdf	1075038
