name	producer	zlib_replay	comp_bytes	zlib6_exact_mem	own_params_exact
0000	saveas	1	2868	8	0
0001	saveas	1	2960	8	0
0002	saveas	1	7953	7	0
0003	saveas	1	2671	8	0
0004	saveas	1	3191	8	0
0005	saveas	1	6499	8	0
0006	saveas	1	4625	8	0
0007	saveas	1	5626	7	0
0008	saveas	1	4846	8	1
0009	saveas	1	332	8	0
0010	saveas	1	9530	0	0
0011	saveas	1	25886	7	0
0012	saveas	1	337	8	0
0013	saveas	1	10818	7	0
0014	saveas	1	4578	7	0
0015	saveas	1	339	8	0
0016	saveas	1	11131	7	0
0017	saveas	1	977	8	0
0018	saveas	1	41318	7	0
0019	saveas	1	1189	8	0
0020	saveas	1	39144	7	0
0021	saveas	1	1896	7	0
0022	saveas	1	375	8	0
0023	saveas	1	14349	7	0
0024	saveas	1	659	8	0
0025	saveas	1	18319	7	0
0026	saveas	1	689	8	0
0027	saveas	1	25227	7	1
0028	saveas	1	2554	8	0
0029	saveas	1	7490	7	0
0030	saveas	1	9124	7	0
0031	saveas	1	311	8	0
0032	saveas	1	3323	8	1
0033	saveas	1	424	8	0
0034	saveas	1	7314	8	0
0035	saveas	1	437	8	0
0036	saveas	1	4317	8	1
0037	saveas	1	369	8	0
0038	saveas	1	12724	7	0
0039	saveas	1	633	8	0
0040	saveas	1	18184	7	0
0041	saveas	1	646	8	0
0042	saveas	1	14809	7	0
0043	saveas	1	2833	7	0
0044	saveas	1	3245	8	0
0045	saveas	1	2467	7	0
0046	saveas	1	6420	8	0
0047	saveas	1	2907	8	0
0048	saveas	1	3425	8	0
0049	saveas	1	5938	8	0
0050	saveas	1	6076	7	0
0051	saveas	1	5957	7	0
0052	saveas	1	5292	7	0
0053	saveas	1	3646	7	0
0054	saveas	1	10497	0	0
0055	saveas	1	220	8	1
0056	saveas	1	6027	8	0
0057	saveas	1	18198	7	0
0058	saveas	1	9108	8	1
0059	saveas	1	22992	7	0
0060	saveas	1	302	8	0
0061	saveas	1	4262	8	1
0062	saveas	1	1110	8	0
0063	saveas	1	67325	7	0
0064	saveas	1	479	8	0
0065	saveas	1	16666	7	0
0066	saveas	1	25886	7	0
0067	saveas	1	355	8	0
0068	saveas	1	4340	8	1
0069	saveas	1	732	8	0
0070	saveas	1	11299	0	0
0071	saveas	1	542	8	0
0072	saveas	1	26064	7	0
0073	saveas	1	6676	8	1
0074	saveas	1	9374	7	0
0075	saveas	1	3427	8	0
0076	saveas	1	3534	7	0
0077	saveas	1	424	8	0
0078	saveas	1	11235	7	0
0079	saveas	1	265	8	0
0080	saveas	1	4949	8	0
0081	saveas	1	377	8	0
0082	saveas	1	7789	7	0
0083	saveas	1	670	8	0
0084	saveas	1	23164	7	0
0085	saveas	1	526	8	0
0086	saveas	1	20781	7	0
0087	saveas	1	2906	8	0
0088	saveas	1	3409	8	1
0089	saveas	1	2686	8	0
0090	saveas	1	9108	8	0
0091	saveas	1	3784	8	0
0092	saveas	1	3688	7	0
0093	saveas	1	8624	8	0
0094	saveas	1	5070	7	0
0095	saveas	1	5918	8	0
0096	saveas	1	5149	7	0
0097	saveas	1	7563	7	0
0098	saveas	1	11047	7	0
0099	saveas	1	17841	7	0
0100	saveas	1	25886	7	0
0101	saveas	1	734	8	0
0102	saveas	1	32260	7	0
0103	saveas	1	508	8	0
0104	saveas	1	10796	7	0
0105	saveas	1	551	8	0
0106	saveas	1	31019	7	0
0107	saveas	1	513	8	0
0108	saveas	1	22469	7	1
0109	saveas	1	9455	7	1
0110	saveas	1	3274	8	0
0111	saveas	1	4548	8	1
0112	saveas	1	9800	7	0
0113	saveas	1	587	8	0
0114	saveas	1	12138	7	0
0115	saveas	1	483	8	0
0116	saveas	1	19801	7	0
0117	saveas	1	3744	7	0
0118	saveas	1	3399	8	0
0119	saveas	1	3041	8	0
0120	saveas	1	5594	7	0
0121	saveas	1	3239	8	0
0122	saveas	1	3657	8	0
0123	saveas	1	5814	8	0
0124	saveas	1	5361	7	0
0125	saveas	1	6404	7	0
0126	saveas	1	6107	7	0
0127	saveas	1	221	8	1
0128	saveas	1	7823	7	0
0129	saveas	1	25886	7	0
0130	saveas	1	6013	7	0
0131	saveas	1	19122	7	0
0132	saveas	1	348	8	0
0133	saveas	1	22440	7	1
0134	saveas	1	979	8	0
0135	saveas	1	25148	7	0
0136	saveas	1	590	8	0
0137	saveas	1	38316	7	0
0138	saveas	1	379	8	0
0139	saveas	1	8578	8	1
0140	saveas	1	548	8	0
0141	saveas	1	24146	7	0
0142	saveas	1	479	8	0
0143	saveas	1	5713	8	0
0144	saveas	1	22992	7	0
0145	saveas	1	217	8	1
0146	saveas	1	7327	7	0
0147	saveas	1	12179	7	0
0148	saveas	1	8736	7	0
0149	saveas	1	364	8	0
0150	saveas	1	8256	8	0
0151	saveas	1	415	8	0
0152	saveas	1	14787	7	0
0153	saveas	1	397	8	0
0154	saveas	1	8261	7	0
0155	saveas	1	656	8	0
0156	saveas	1	16359	7	0
0157	saveas	1	540	8	0
0158	saveas	1	5907	7	0
0159	saveas	1	3029	8	0
0160	saveas	1	3368	8	0
0161	saveas	1	2925	8	0
0162	saveas	1	6276	8	0
0163	saveas	1	3606	8	0
0164	saveas	1	3904	8	0
0165	saveas	1	6088	8	0
0166	saveas	1	5314	7	0
0167	saveas	1	6484	7	0
0168	saveas	1	6560	7	0
0169	saveas	1	6199	8	1
0170	saveas	1	25886	7	0
0171	saveas	1	6162	7	0
0172	saveas	1	14862	7	0
0173	saveas	1	359	8	0
0174	saveas	1	8034	8	1
0175	saveas	1	980	8	0
0176	saveas	1	45026	7	0
0177	saveas	1	591	8	0
0178	saveas	1	39755	7	0
0179	saveas	1	374	8	0
0180	saveas	1	9101	8	1
0181	saveas	1	620	8	0
0182	saveas	1	12058	7	0
0183	saveas	1	559	8	0
0184	saveas	1	25638	7	0
0185	saveas	1	218	8	1
0186	saveas	1	2595	8	0
0187	saveas	1	13597	7	0
0188	saveas	1	10635	7	0
0189	saveas	1	293	8	0
0190	saveas	1	4940	8	0
0191	saveas	1	489	8	0
0192	saveas	1	9118	7	0
0193	saveas	1	1454	8	0
0194	saveas	1	5692	8	0
0195	saveas	1	336	8	0
0196	saveas	1	7653	7	0
0197	saveas	1	650	8	0
0198	saveas	1	24282	7	0
0199	saveas	1	559	8	0
0200	saveas	1	6696	7	0
0201	saveas	1	3106	8	0
0202	saveas	1	3098	8	0
0203	saveas	1	2153	8	0
0204	saveas	1	8848	7	0
0205	saveas	1	2756	8	0
0206	saveas	1	3262	8	0
0207	saveas	1	6876	8	0
0208	saveas	1	4352	8	0
0209	saveas	1	5817	7	0
0210	saveas	1	5120	8	1
0211	saveas	1	6850	8	1
0212	saveas	1	25886	7	0
0213	saveas	1	220	8	1
0214	saveas	1	17633	7	0
0215	saveas	1	4689	7	0
0216	saveas	1	374	8	0
0217	saveas	1	22484	7	1
0218	saveas	1	6848	7	0
0219	saveas	1	1306	8	0
0220	saveas	1	43540	7	0
0221	saveas	1	1060	8	0
0222	saveas	1	25961	7	0
0223	saveas	1	433	8	0
0224	saveas	1	5339	8	0
0225	saveas	1	655	8	0
0226	saveas	1	9868	7	0
0227	saveas	1	611	8	0
0228	saveas	1	19269	7	0
0229	saveas	1	7531	7	0
0230	saveas	1	8793	7	0
0231	saveas	1	8476	8	1
0232	saveas	1	4615	7	0
0233	saveas	1	409	8	0
0234	saveas	1	9840	7	0
0235	saveas	1	408	8	0
0236	saveas	1	4396	8	1
0237	saveas	1	421	8	0
0238	saveas	1	3922	7	0
0239	saveas	1	676	8	0
0240	saveas	1	12532	7	0
0241	saveas	1	631	8	0
0242	saveas	1	14012	7	0
0243	saveas	1	2848	err	err
0244	saveas	1	3490	8	0
0245	saveas	1	2807	8	0
0246	saveas	1	5975	8	0
0247	saveas	1	3513	8	0
0248	saveas	1	3691	8	0
0249	saveas	1	6102	8	0
0250	saveas	1	5319	7	0
0251	saveas	1	6455	7	0
0252	saveas	1	6352	7	0
0253	saveas	1	6378	8	1
0254	saveas	1	25886	7	0
0255	saveas	1	19559	7	0
0256	saveas	1	6050	7	0
0257	saveas	1	22992	7	0
0258	saveas	1	313	8	0
0259	saveas	1	3867	8	1
0260	saveas	1	624	8	0
0261	saveas	1	22464	7	0
0262	saveas	1	970	8	0
0263	saveas	1	64258	7	0
0264	saveas	1	359	8	0
0265	saveas	1	4050	8	0
0266	saveas	1	517	8	0
0267	saveas	1	20703	7	0
0268	saveas	1	629	8	0
0269	saveas	1	13588	7	0
0270	saveas	1	7675	7	0
0271	saveas	1	11334	7	0
0272	saveas	1	12181	7	0
0273	saveas	1	284	8	0
0274	saveas	1	4580	8	0
0275	saveas	1	350	8	0
0276	saveas	1	7683	7	0
0277	saveas	1	356	8	0
0278	saveas	1	15228	7	0
0279	saveas	1	407	8	0
0280	saveas	1	3441	7	0
0281	saveas	1	537	8	0
0282	saveas	1	17470	7	0
0283	saveas	1	617	8	0
0284	saveas	1	14838	7	0
0285	saveas	1	3088	7	0
0286	saveas	1	3025	8	0
0287	saveas	1	2578	8	0
0288	saveas	1	6506	8	0
0289	saveas	1	2994	8	0
0290	saveas	1	3345	8	0
0291	saveas	1	6071	8	0
0292	saveas	1	6008	7	0
0293	saveas	1	5984	7	0
0294	saveas	1	5520	7	0
0295	saveas	1	8492	8	1
0296	saveas	1	7760	8	1
0297	saveas	1	229	8	1
0298	saveas	1	23176	7	0
0299	saveas	1	220	8	1
0300	saveas	1	6027	8	0
0301	saveas	1	18198	7	0
0302	saveas	1	301	8	0
0303	saveas	1	13250	7	0
0304	saveas	1	25886	7	0
0305	saveas	1	268	8	0
0306	saveas	1	8899	7	0
0307	saveas	1	937	8	0
0308	saveas	1	22773	7	0
0309	saveas	1	852	8	0
0310	saveas	1	55093	7	0
0311	saveas	1	578	8	0
0312	saveas	1	7564	7	0
0313	saveas	1	625	8	0
0314	saveas	1	21579	7	1
0315	saveas	1	7312	7	0
0316	saveas	1	3562	8	0
0317	saveas	1	318	8	0
0318	saveas	1	9997	7	0
0319	saveas	1	2884	8	1
0320	saveas	1	422	8	0
0321	saveas	1	4782	8	1
0322	saveas	1	283	8	0
0323	saveas	1	7311	7	0
0324	saveas	1	316	8	0
0325	saveas	1	4863	8	0
0326	saveas	1	607	8	0
0327	saveas	1	7483	7	0
0328	saveas	1	594	8	0
0329	saveas	1	21969	7	0
0330	saveas	1	2964	7	0
0331	saveas	1	2861	8	0
0332	saveas	1	2476	8	0
0333	saveas	1	6195	8	0
0334	saveas	1	2976	8	0
0335	saveas	1	3120	8	0
0336	saveas	1	5883	8	0
0337	saveas	1	6052	7	0
0338	saveas	1	5882	7	0
0339	saveas	1	4840	7	0
0340	saveas	1	16568	7	0
0341	saveas	1	10750	7	0
0342	saveas	1	220	8	1
0343	saveas	1	6027	8	0
0344	saveas	1	18198	7	0
0345	saveas	1	219	8	1
0346	saveas	1	5313	7	0
0347	saveas	1	25886	7	0
0348	saveas	1	292	8	1
0349	saveas	1	9496	7	0
0350	saveas	1	823	8	0
0351	saveas	1	26198	7	0
0352	saveas	1	668	8	0
0353	saveas	1	15538	7	0
0354	saveas	1	331	8	0
0355	saveas	1	4313	8	1
0356	saveas	1	569	8	0
0357	saveas	1	16478	0	0
0358	saveas	1	220	8	1
0359	saveas	1	23131	7	0
0360	saveas	1	605	8	0
0361	saveas	1	27653	7	0
0362	saveas	1	5682	7	0
0363	saveas	1	9299	7	0
0364	saveas	1	217	8	1
0365	saveas	1	10892	7	0
0366	saveas	1	351	8	0
0367	saveas	1	5784	7	0
0368	saveas	1	407	8	0
0369	saveas	1	9654	7	0
0370	saveas	1	219	8	1
0371	saveas	1	6900	8	0
0372	saveas	1	379	8	0
0373	saveas	1	11617	7	0
0374	saveas	1	633	8	0
0375	saveas	1	12858	7	0
0376	saveas	1	603	8	0
0377	saveas	1	24760	7	0
0378	saveas	1	2934	7	0
0379	saveas	1	3023	8	0
0380	saveas	1	1799	8	0
0381	saveas	1	9540	7	0
0382	saveas	1	3163	7	0
0383	saveas	1	3323	8	0
0384	saveas	1	8014	7	0
0385	saveas	1	4308	8	0
0386	saveas	1	5924	7	0
0387	saveas	1	6527	8	1
0388	saveas	1	17203	7	0
0389	saveas	1	25886	7	0
0390	saveas	1	7808	8	1
0391	saveas	1	4441	7	0
0392	saveas	1	377	8	0
0393	saveas	1	9406	7	1
0394	saveas	1	942	8	0
0395	saveas	1	22405	7	0
0396	saveas	1	1333	8	0
0397	saveas	1	86932	7	0
0398	saveas	1	458	8	0
0399	saveas	1	5229	8	1
0400	print	0	10289	0	0
0401	print	0	96378	0	0
0402	print	0	29654	0	0
0403	print	0	15991	0	0
0404	print	0	3516	0	0
0405	print	0	11095	0	0
0406	print	0	76888	0	0
0407	print	0	76638	0	0
0408	print	0	76845	0	0
0409	print	0	76352	0	0
0410	print	0	48367	0	0
0411	print	0	48020	0	0
0412	print	0	29798	0	0
0413	print	0	26264	0	0
0414	print	0	57087	0	0
0415	print	0	5965	0	0
0416	print	0	6465	0	0
0417	print	0	17625	0	0
0418	print	0	52248	0	0
0419	print	0	3395	0	0
0420	print	0	10018	0	0
0421	print	0	8948	0	0
0422	print	0	26987	0	0
0423	print	0	3204	0	0
0424	print	0	25759	0	0
0425	print	0	30954	0	0
0426	print	0	41966	0	0
0427	print	0	6212	0	0
0428	print	0	15023	0	0
0429	print	0	11360	0	0
0430	print	0	11667	0	0
0431	print	0	67208	0	0
0432	print	0	9738	0	0
0433	print	0	111322	0	0
0434	print	0	3954	0	0
0435	print	0	5342	0	0
0436	print	0	78506	0	0
0437	print	0	26037	0	0
0438	print	0	96378	0	0
0439	print	0	1966	0	0
0440	print	0	11895	0	0
0441	print	0	21755	0	0
0442	print	0	41496	0	0
0443	print	0	6068	0	0
0444	print	0	40778	0	0
0445	print	0	52462	0	0
0446	print	0	7376	0	0
0447	print	0	2668	0	0
0448	print	0	10244	0	0
0449	print	0	487945	0	0
0450	print	0	27640	0	0
0451	print	0	3659	0	0
0452	print	0	21279	0	0
0453	print	0	36028	0	0
0454	print	0	33589	0	0
0455	print	0	5914	0	0
0456	print	0	29916	0	0
0457	print	0	58837	0	0
0458	print	0	96378	0	0
0459	print	0	4091	0	0
0460	print	0	76688	0	0
0461	print	0	76433	0	0
0462	print	0	76941	0	0
0463	print	0	76935	0	0
0464	print	0	76631	0	0
0465	print	0	77427	0	0
0466	print	0	76631	0	0
0467	print	0	76826	0	0
0468	print	0	77021	0	0
0469	print	0	76426	0	0
0470	print	0	76553	0	0
0471	print	0	77262	0	0
0472	print	0	76542	0	0
0473	print	0	76862	0	0
0474	print	0	11888	0	0
0475	print	0	47287	0	0
0476	print	0	38803	0	0
0477	print	0	37668	0	0
0478	print	0	6518	0	0
0479	print	0	43473	0	0
0480	print	0	7212	0	0
0481	print	0	4957	0	0
0482	print	0	27220	0	0
0483	print	0	486307	0	0
0484	print	0	5309	0	0
0485	print	0	25669	0	0
0486	print	0	32529	0	0
0487	print	0	9735	0	0
0488	print	0	26640	0	0
0489	print	0	96378	0	0
0490	print	0	17486	0	0
0491	print	0	60492	0	0
0492	print	0	3382	0	0
0493	print	0	33151	0	0
0494	print	0	26254	0	0
0495	print	0	38326	0	0
0496	print	0	2179	0	0
0497	print	0	16584	0	0
0498	print	0	55827	0	0
0499	print	0	16128	0	0
0500	print	0	111322	0	0
0501	print	0	4836	0	0
0502	print	0	50460	0	0
0503	print	0	45868	0	0
0504	print	0	18874	0	0
0505	print	0	9900	0	0
0506	print	0	3977	0	0
0507	print	0	491971	0	0
0508	print	0	3480	0	0
0509	print	0	35588	0	0
0510	print	0	29670	0	0
0511	print	0	9805	0	0
0512	print	0	6467	0	0
0513	print	0	6783	0	0
0514	print	0	96378	0	0
0515	print	0	17647	0	0
0516	print	0	33601	0	0
0517	print	0	4234	0	0
0518	print	0	17514	0	0
0519	print	0	75045	0	0
0520	print	0	75667	0	0
0521	print	0	75394	0	0
0522	print	0	75343	0	0
0523	print	0	75655	0	0
0524	print	0	50339	0	0
0525	print	0	18935	0	0
0526	print	0	40658	0	0
0527	print	0	19691	0	0
0528	print	0	41193	0	0
0529	print	0	5956	0	0
0530	print	0	6511	0	0
0531	print	0	47089	0	0
0532	print	0	14495	0	0
0533	print	0	4001	0	0
0534	print	0	5491	0	0
0535	print	0	10776	0	0
0536	print	0	2619	0	0
0537	print	0	12473	0	0
0538	print	0	3906	0	0
0539	print	0	34999	0	0
0540	print	0	37167	0	0
0541	print	0	10615	0	0
0542	print	0	5718	0	0
0543	print	0	7438	0	0
0544	print	0	96378	0	0
0545	print	0	60766	0	0
0546	print	0	60544	0	0
0547	print	0	61378	0	0
0548	print	0	61281	0	0
0549	print	0	16113	0	0
0550	print	0	42624	0	0
0551	print	0	33189	0	0
0552	print	0	7014	0	0
0553	print	0	52838	0	0
0554	print	0	27121	0	0
0555	print	0	1961	0	0
0556	print	0	15746	0	0
0557	print	0	17512	0	0
0558	print	0	50584	0	0
0559	print	0	6649	0	0
0560	print	0	11365	0	0
0561	print	0	42866	0	0
0562	print	0	51662	0	0
0563	print	0	3472	0	0
0564	print	0	5111	0	0
0565	print	0	486351	0	0
0566	print	0	27082	0	0
0567	print	0	3591	0	0
0568	print	0	7780	0	0
0569	print	0	26055	0	0
0570	print	0	41182	0	0
0571	print	0	6621	0	0
0572	print	0	6952	0	0
0573	print	0	96378	0	0
0574	print	0	62626	0	0
0575	print	0	17531	0	0
0576	print	0	59164	0	0
0577	print	0	111322	0	0
0578	print	0	390	0	0
0579	print	0	5009	0	0
0580	print	0	31839	0	0
0581	print	0	75110	0	0
0582	print	0	2150	0	0
0583	print	0	14436	0	0
0584	print	0	52019	0	0
0585	print	0	21156	0	0
0586	print	0	6107	0	0
0587	print	0	11514	0	0
0588	print	0	54326	0	0
0589	print	0	45866	0	0
0590	print	0	4148	0	0
0591	print	0	5057	0	0
0592	print	0	30364	0	0
0593	print	0	492420	0	0
0594	print	0	4515	0	0
0595	print	0	7281	0	0
0596	print	0	44581	0	0
0597	print	0	28251	0	0
0598	print	0	6403	0	0
0599	print	0	9156	0	0
0600	print	0	8362	0	0
0601	print	0	111511	0	0
0602	print	0	11667	0	0
0603	print	0	67208	0	0
0604	print	0	32015	0	0
0605	print	0	96378	0	0
0606	print	0	3732	0	0
0607	print	0	23927	0	0
0608	print	0	65347	0	0
0609	print	0	21016	0	0
0610	print	0	18001	0	0
0611	print	0	53070	0	0
0612	print	0	5027	0	0
0613	print	0	11146	0	0
0614	print	0	7507	0	0
0615	print	0	53043	0	0
0616	print	0	3105	0	0
0617	print	0	9561	0	0
0618	print	0	27467	0	0
0619	print	0	8174	0	0
0620	print	0	2945	0	0
0621	print	0	32228	0	0
0622	print	0	11397	0	0
0623	print	0	34611	0	0
0624	print	0	6133	0	0
0625	print	0	29623	0	0
0626	print	0	11667	0	0
0627	print	0	67208	0	0
0628	print	0	16768	0	0
0629	print	0	96378	0	0
0630	print	0	13126	0	0
0631	print	0	35642	0	0
0632	print	0	16617	0	0
0633	print	0	24951	0	0
0634	print	0	11856	0	0
0635	print	0	24427	0	0
0636	print	0	111446	0	0
0637	print	0	43127	0	0
0638	print	0	5403	0	0
0639	print	0	15779	0	0
0640	print	0	43335	0	0
0641	print	0	53911	0	0
0642	print	0	3119	0	0
0643	print	0	7419	0	0
0644	print	0	486119	0	0
0645	print	0	7705	0	0
0646	print	0	2855	0	0
0647	print	0	24622	0	0
0648	print	0	26346	0	0
0649	print	0	37560	0	0
0650	print	0	6016	0	0
0651	print	0	96378	0	0
0652	print	0	8437	0	0
0653	print	0	15851	0	0
0654	print	0	31242	0	0
0655	print	0	18949	0	0
0656	print	0	23523	0	0
0657	print	0	97731	0	0
0658	print	0	1716	0	0
0659	print	0	12807	0	0
0660	print	0	17500	0	0
0661	print	0	54720	0	0
0662	print	0	8192	0	0
0663	print	0	40841	0	0
0664	print	0	12628	0	0
0665	print	0	51736	0	0
0666	print	0	3945	0	0
0667	print	0	26527	0	0
0668	print	0	486266	0	0
0669	print	0	6462	0	0
0670	print	0	3756	0	0
0671	print	0	7723	0	0
0672	print	0	25484	0	0
0673	print	0	42685	0	0
0674	print	0	7829	0	0
0675	print	0	28079	0	0
0676	print	0	96378	0	0
0677	print	0	16052	0	0
0678	print	0	58869	0	0
0679	print	0	61357	0	0
0680	print	0	36643	0	0
0681	print	0	77225	0	0
0682	print	0	51701	0	0
0683	print	0	43952	0	0
0684	print	0	17068	0	0
0685	print	0	51699	0	0
0686	print	0	16946	0	0
0687	print	0	6884	0	0
0688	print	0	16089	0	0
0689	print	0	51859	0	0
0690	print	0	42250	0	0
0691	print	0	3816	0	0
0692	print	0	7692	0	0
0693	print	0	27163	0	0
0694	print	0	486123	0	0
0695	print	0	3817	0	0
0696	print	0	26571	0	0
0697	print	0	41650	0	0
0698	print	0	26010	0	0
0699	print	0	7168	0	0
0700	print	0	14763	0	0
0701	print	0	96378	0	0
0702	print	0	62757	0	0
0703	print	0	63698	0	0
0704	print	0	11226	0	0
0705	print	0	32478	0	0
0706	print	0	32830	0	0
0707	print	0	24647	0	0
0708	print	0	26371	0	0
0709	print	0	42439	0	0
0710	print	0	17302	0	0
0711	print	0	19110	0	0
0712	print	0	6176	0	0
0713	print	0	49801	0	0
0714	print	0	44562	0	0
0715	print	0	15273	0	0
0716	print	0	4048	0	0
0717	print	0	26326	0	0
0718	print	0	491087	0	0
0719	print	0	8859	0	0
0720	print	0	3855	0	0
0721	print	0	34477	0	0
0722	print	0	28012	0	0
0723	print	0	10827	0	0
0724	print	0	7108	0	0
0725	print	0	9384	0	0
0726	print	0	15770	0	0
0727	print	0	111463	0	0
0728	print	0	11667	0	0
0729	print	0	67208	0	0
0730	print	0	11551	0	0
0731	print	0	3574	0	0
0732	print	0	7356	0	0
0733	print	0	71686	0	0
0734	print	0	21833	0	0
0735	print	0	96378	0	0
0736	print	0	2087	0	0
0737	print	0	13984	0	0
0738	print	0	65524	0	0
0739	print	0	42944	0	0
0740	print	0	6138	0	0
0741	print	0	6275	0	0
0742	print	0	13022	0	0
0743	print	0	54494	0	0
0744	print	0	3425	0	0
0745	print	0	26000	0	0
0746	print	0	11613	0	0
0747	print	0	9491	0	0
0748	print	0	2853	0	0
0749	print	0	26224	0	0
0750	print	0	43144	0	0
0751	print	0	12202	0	0
0752	print	0	6888	0	0
0753	print	0	25504	0	0
0754	print	0	17517	0	0
0755	print	0	111446	0	0
0756	print	0	11667	0	0
0757	print	0	67208	0	0
0758	print	0	96378	0	0
0759	print	0	3987	0	0
0760	print	0	28466	0	0
0761	print	0	77167	0	0
0762	print	0	76621	0	0
0763	print	0	76321	0	0
0764	print	0	75781	0	0
0765	print	0	76909	0	0
0766	print	0	76821	0	0
0767	print	0	76800	0	0
0768	print	0	76763	0	0
0769	print	0	76230	0	0
0770	print	0	54326	0	0
0771	print	0	38216	0	0
0772	print	0	28609	0	0
0773	print	0	6896	0	0
0774	print	0	15519	0	0
0775	print	0	53866	0	0
0776	print	0	3801	0	0
0777	print	0	7267	0	0
0778	print	0	29825	0	0
0779	print	0	3752	0	0
0780	print	0	23628	0	0
0781	print	0	45685	0	0
0782	print	0	7410	0	0
0783	print	0	96378	0	0
0784	print	0	11535	0	0
0785	print	0	29007	0	0
0786	print	0	15382	0	0
0787	print	0	76476	0	0
0788	print	0	77113	0	0
0789	print	0	76966	0	0
0790	print	0	77020	0	0
0791	print	0	75790	0	0
0792	print	0	76356	0	0
0793	print	0	76584	0	0
0794	print	0	76188	0	0
0795	print	0	76359	0	0
0796	print	0	76625	0	0
0797	print	0	77060	0	0
0798	print	0	76936	0	0
0799	print	0	34864	0	0
# preflate-rs panics caught: 14
