doc,kind,pymupdf_chars,pdfium_chars,ocr_chars,ocr_over_layer,ocr_words_in_layer,flag_layer_incomplete
print/text+img/global_agriculture_food_security_climate_impact(print),text+img,1797,1797,1797,1.0,1.0,False
print/text+img/global_ev_market_growth_statistics(print),text+img,1321,1321,1368,1.036,0.983,False
print/text+img/global_renewable_energy_generation_and_carbon_reduction_analysis(print),text+img,747,747,1487,1.991,0.553,True
print/text/AI_Development_MultiLanguage(print),text,1557,1557,1557,1.0,1.0,False
print/text/Evolution_Biodegradable_Plastics(print),text,1639,1639,1722,1.051,0.988,False
print/text/NeoHome_Smart_Appliances_Catalog_v5(print),text,1289,1289,1287,0.998,1.0,False
print/text/Next_Decade_Space_Exploration(print),text,1625,1625,1625,1.0,1.0,False
print/text/PetPal_Smart_PetCare_Products(print),text,901,901,929,1.031,0.971,False
print/text/UrbanRide_Electric_Bike_Scooter_Series(print),text,596,596,1013,1.7,0.66,True
print/text/global_cloud_datacenter_cooling_failure_report(print),text,520,520,525,1.01,0.943,False
print/text/health_wellbeing_digital_age_guidelines_multilang(print),text,1112,1112,1203,1.082,0.951,False
print/text/remote_work_home_office_guidelines(print),text,952,952,1144,1.202,0.896,False
print/text/smart_factory_robot_malfunction_analysis(print),text,686,686,687,1.001,1.0,False
saveas/text/AeroChef_Drone_Delivery_Cooking_Service(saveas),text,946,946,947,1.001,0.99,False
saveas/text/Evolution_Biodegradable_Plastics(saveas),text,1722,1722,1722,1.0,1.0,False
saveas/text/Lumina_Interior_Lighting_Designbook(saveas),text,964,964,965,1.001,1.0,False
saveas/text/NeoHome_Smart_Appliances_Catalog_v5(saveas),text,1289,1289,1287,0.998,1.0,False
saveas/text/open_source_software_contribution_guidelines_multilang(saveas),text,1433,1433,1433,1.0,1.0,False
saveas/text/remote_work_home_office_guidelines(saveas),text,1144,1144,1144,1.0,1.0,False
