file,mode,xref_type1_entries,headers_paired,missing_headers,missing_objs,pointer_pairs,true_deleted_len,bf_feasible,bf_L,bf_c,z3_sat,z3_L,z3_c,z3_unique,z3_p_lo,z3_p_hi,z3_s,brute_force_s,z3_agrees,consistent_restorations,distinct_restorations,byte_exact_among_them,eol_style_top_unique,eol_style_top_byte_exact
corrupted/print/text/AI_Development_MultiLanguage(print)_object_header.pdf,print,169,168,1,4,1,8,1,8,1,True,8,1,True,3,10,0.055,0.101,True,3,3,True,True,True
corrupted/print/text/AeroChef_Drone_Delivery_Cooking_Service(print)_object_header.pdf,print,197,196,1,4,1,8,1,8,1,True,8,1,True,3,10,0.048,0.133,True,3,3,True,True,True
corrupted/print/text/Aurora_VR_AR_Game_Lineup_Multilingual(print)_object_header.pdf,print,124,123,1,4,1,8,1,8,1,True,8,1,True,3,10,0.032,0.204,True,3,3,True,True,True
corrupted/print/text/Autonomous_Vehicle_Accident_Report(print)_object_header.pdf,print,166,165,1,4,1,8,1,8,1,True,8,1,True,3,10,0.036,0.121,True,3,3,True,True,True
corrupted/print/text/BioNext_Data_Leak_Report(print)_object_header.pdf,print,178,177,1,4,1,8,1,8,1,True,8,1,True,3,10,0.045,0.095,True,3,3,True,True,True
corrupted/print/text/Digital_Minimalism(print)_object_header.pdf,print,177,176,1,4,1,8,1,8,1,True,8,1,True,3,10,0.056,0.139,True,3,3,True,True,True
corrupted/print/text/E-Payment_Service_Outage_Report(print)_object_header.pdf,print,175,174,1,4,1,8,1,8,1,True,8,1,True,3,10,0.049,0.163,True,3,3,True,True,True
corrupted/print/text/EcoWave_Sustainable_Fashion_Collection(print)_object_header.pdf,print,181,180,1,4,1,8,1,8,1,True,8,1,True,3,10,0.072,0.102,True,3,3,True,True,True
corrupted/print/text/EduBot_AI_Learning_Robot_Series(print)_object_header.pdf,print,181,180,1,4,1,8,1,8,1,True,8,1,True,3,10,0.064,0.156,True,3,3,True,True,True
corrupted/print/text/Evolution_Biodegradable_Plastics(print)_object_header.pdf,print,165,164,1,4,1,8,1,8,1,True,8,1,True,3,10,0.073,0.19,True,3,3,True,True,True
corrupted/print/text/Evolution_Food_Culture_Alternative_Foods(print)_object_header.pdf,print,159,158,1,4,1,8,1,8,1,True,8,1,True,3,10,0.054,0.219,True,3,3,True,True,True
corrupted/print/text/International_Logistics_Fire_Report(print)_object_header.pdf,print,159,158,1,4,1,8,1,8,1,True,8,1,True,3,10,0.047,0.147,True,3,3,True,True,True
corrupted/print/text/Lumina_Interior_Lighting_Designbook(print)_object_header.pdf,print,197,196,1,4,1,8,1,8,1,True,8,1,True,3,10,0.078,0.104,True,3,3,True,True,True
corrupted/print/text/NeoHome_Smart_Appliances_Catalog_v5(print)_object_header.pdf,print,150,149,1,4,1,8,1,8,1,True,8,1,True,3,10,0.043,0.16,True,3,3,True,True,True
corrupted/print/text/New_Care_Models_Aging_Society(print)_object_header.pdf,print,121,120,1,4,1,8,1,8,1,True,8,1,True,3,10,0.034,0.145,True,3,3,True,True,True
corrupted/print/text/Next_Decade_Space_Exploration(print)_object_header.pdf,print,165,164,1,4,1,8,1,8,1,True,8,1,True,3,10,0.081,0.121,True,3,3,True,True,True
corrupted/print/text/OceanQuest_Modular_Water_Leisure_Equipment_Guide(print)_object_header.pdf,print,129,128,1,4,1,8,1,8,1,True,8,1,True,3,10,0.059,0.241,True,3,3,True,True,True
corrupted/print/text/PetPal_Smart_PetCare_Products(print)_object_header.pdf,print,187,186,1,4,1,8,1,8,1,True,8,1,True,3,10,0.057,0.409,True,3,3,True,True,True
corrupted/print/text/Quantum_Computing_Race(print)_object_header.pdf,print,181,180,1,4,1,8,1,8,1,True,8,1,True,3,10,0.046,0.179,True,3,3,True,True,True
corrupted/print/text/Robots_Automation_Future_Work(print)_object_header.pdf,print,169,168,1,4,1,8,1,8,1,True,8,1,True,3,10,0.049,0.123,True,3,3,True,True,True
corrupted/print/text/Security_Breach_Investigation_Report(print)_object_header.pdf,print,176,175,1,4,1,8,1,8,1,True,8,1,True,3,10,0.074,0.165,True,3,3,True,True,True
corrupted/print/text/SkyGarden_Indoor_Vertical_Garden_Solutions(print)_object_header.pdf,print,192,191,1,4,1,8,1,8,1,True,8,1,True,3,10,0.066,0.159,True,3,3,True,True,True
corrupted/print/text/Sustainable_Fashion_Innovation(print)_object_header.pdf,print,157,156,1,4,1,8,1,8,1,True,8,1,True,3,10,0.043,0.121,True,3,3,True,True,True
corrupted/print/text/UrbanRide_Electric_Bike_Scooter_Series(print)_object_header.pdf,print,183,182,1,4,1,8,1,8,1,True,8,1,True,3,10,0.046,0.147,True,3,3,True,True,True
corrupted/print/text/Urban_Fine_Particulate_Matter(print)_object_header.pdf,print,173,172,1,4,1,8,1,8,1,True,8,1,True,3,10,0.045,0.078,True,3,3,True,True,True
corrupted/print/text/ai_ethics_responsible_use_guidelines_multilang(print)_object_header.pdf,print,181,180,1,4,1,8,1,8,1,True,8,1,True,3,10,0.052,0.086,True,3,3,True,True,True
corrupted/print/text/climate_crisis_preparedness_community_action_guidelines_multilang(print)_object_header.pdf,print,167,166,1,4,1,8,1,8,1,True,8,1,True,3,10,0.047,0.181,True,3,3,True,True,True
corrupted/print/text/confidential_doc_leak_collusion_investigation(print)_object_header.pdf,print,173,172,1,4,1,8,1,8,1,True,8,1,True,3,10,0.044,0.122,True,3,3,True,True,True
corrupted/print/text/digital_data_security_guidelines(print)_object_header.pdf,print,174,173,1,4,1,8,1,8,1,True,8,1,True,3,10,0.043,0.08,True,3,3,True,True,True
corrupted/print/text/educational_technology_elearning_safety_guidelines_multilang(print)_object_header.pdf,print,157,156,1,4,1,8,1,8,1,True,8,1,True,3,10,0.044,0.092,True,3,3,True,True,True
corrupted/print/text/global_cloud_datacenter_cooling_failure_report(print)_object_header.pdf,print,191,190,1,4,1,8,1,8,1,True,8,1,True,3,10,0.082,0.139,True,3,3,True,True,True
corrupted/print/text/green_energy_sustainable_living_guidelines_multilang(print)_object_header.pdf,print,161,160,1,4,1,8,1,8,1,True,8,1,True,3,10,0.045,0.183,True,3,3,True,True,True
corrupted/print/text/health_wellbeing_digital_age_guidelines_multilang(print)_object_header.pdf,print,125,124,1,4,1,8,1,8,1,True,8,1,True,3,10,0.057,0.054,True,3,3,True,True,True
corrupted/print/text/illegal_item_trading_money_laundering_in_games(print)_object_header.pdf,print,174,173,1,4,1,8,1,8,1,True,8,1,True,3,10,0.051,0.148,True,3,3,True,True,True
corrupted/print/text/messenger_app_data_misuse_investigation(print)_object_header.pdf,print,143,142,1,4,1,8,1,8,1,True,8,1,True,3,10,0.043,0.08,True,3,3,True,True,True
corrupted/print/text/open_source_software_contribution_guidelines_multilang(print)_object_header.pdf,print,166,165,1,4,1,8,1,8,1,True,8,1,True,3,10,0.044,0.149,True,3,3,True,True,True
corrupted/print/text/personal_finance_cyber_fraud_prevention_guidelines_multilang(print)_object_header.pdf,print,181,180,1,4,1,8,1,8,1,True,8,1,True,3,10,0.047,0.223,True,3,3,True,True,True
corrupted/print/text/remote_work_home_office_guidelines(print)_object_header.pdf,print,166,165,1,4,1,8,1,8,1,True,8,1,True,3,10,0.062,0.113,True,3,3,True,True,True
corrupted/print/text/smart_city_data_privacy_guidelines_multilang(print)_object_header.pdf,print,141,140,1,4,1,8,1,8,1,True,8,1,True,3,10,0.038,0.099,True,3,3,True,True,True
corrupted/print/text/smart_factory_robot_malfunction_analysis(print)_object_header.pdf,print,137,136,1,4,1,8,1,8,1,True,8,1,True,3,10,0.039,0.176,True,3,3,True,True,True
corrupted/print/text+img/global_agriculture_food_security_climate_impact(print)_object_header.pdf,print,143,142,1,4,1,8,1,8,1,True,8,1,True,3,10,0.044,0.074,True,3,3,True,True,True
corrupted/print/text+img/global_ai_technology_investment_and_industry_adoption(print)_object_header.pdf,print,175,174,1,4,1,8,1,8,1,True,8,1,True,3,10,0.045,0.096,True,3,3,True,True,True
corrupted/print/text+img/global_climate_change_indicators_and_ghg_emissions(print)_object_header.pdf,print,178,177,1,4,1,8,1,8,1,True,8,1,True,3,10,0.058,0.22,True,3,3,True,True,True
corrupted/print/text+img/global_esports_and_gaming_industry_growth(print)_object_header.pdf,print,175,174,1,4,1,8,1,8,1,True,8,1,True,3,10,0.059,0.166,True,3,3,True,True,True
corrupted/print/text+img/global_ev_market_growth_statistics(print)_object_header.pdf,print,180,179,1,4,1,8,1,8,1,True,8,1,True,3,10,0.048,0.136,True,3,3,True,True,True
corrupted/print/text+img/global_healthcare_digital_health_patient_data_trends(print)_object_header.pdf,print,171,170,1,4,1,8,1,8,1,True,8,1,True,3,10,0.046,0.165,True,3,3,True,True,True
corrupted/print/text+img/global_renewable_energy_generation_and_carbon_reduction_analysis(print)_object_header.pdf,print,179,178,1,4,1,8,1,8,1,True,8,1,True,3,10,0.043,0.163,True,3,3,True,True,True
corrupted/print/text+img/international_tourism_trends_country_spending_patterns_multilang(print)_object_header.pdf,print,175,174,1,4,1,8,1,8,1,True,8,1,True,3,10,0.043,0.139,True,3,3,True,True,True
corrupted/print/text+img/mobile_payment_and_fintech_service_expansion(print)_object_header.pdf,print,179,178,1,4,1,8,1,8,1,True,8,1,True,3,10,0.053,0.154,True,3,3,True,True,True
corrupted/print/text+img/online_education_elearning_market_growth_analysis(print)_object_header.pdf,print,138,137,1,4,1,8,1,8,1,True,8,1,True,3,10,0.036,0.226,True,3,3,True,True,True
corrupted/saveas/text/AI_Development_MultiLanguage(saveas)_object_header.pdf,saveas,198,197,1,1,4,8,1,8,0,True,8,0,True,10,17,0.053,0.051,True,3,3,True,True,True
corrupted/saveas/text/AeroChef_Drone_Delivery_Cooking_Service(saveas)_object_header.pdf,saveas,198,197,1,1,4,8,1,8,0,True,8,0,True,10,17,0.054,0.06,True,3,3,True,True,True
corrupted/saveas/text/Aurora_VR_AR_Game_Lineup_Multilingual(saveas)_object_header.pdf,saveas,118,117,1,1,4,8,1,8,0,True,8,0,True,10,17,0.033,0.038,True,3,3,True,True,True
corrupted/saveas/text/Autonomous_Vehicle_Accident_Report(saveas)_object_header.pdf,saveas,190,189,1,1,4,8,1,8,0,True,8,0,True,10,17,0.052,0.051,True,3,3,True,True,True
corrupted/saveas/text/BioNext_Data_Leak_Report(saveas)_object_header.pdf,saveas,187,186,1,1,4,8,1,8,0,True,8,0,True,10,17,0.095,0.074,True,3,3,True,True,True
corrupted/saveas/text/Digital_Minimalism(saveas)_object_header.pdf,saveas,184,183,1,1,4,8,1,8,0,True,8,0,True,10,17,0.044,0.04,True,3,3,True,True,True
corrupted/saveas/text/E-Payment_Service_Outage_Report(saveas)_object_header.pdf,saveas,187,186,1,1,4,8,1,8,0,True,8,0,True,10,17,0.044,0.044,True,3,3,True,True,True
corrupted/saveas/text/EcoWave_Sustainable_Fashion_Collection(saveas)_object_header.pdf,saveas,205,204,1,1,4,8,1,8,0,True,8,0,True,10,17,0.047,0.056,True,3,3,True,True,True
corrupted/saveas/text/EduBot_AI_Learning_Robot_Series(saveas)_object_header.pdf,saveas,223,222,1,1,4,8,1,8,0,True,8,0,True,10,17,0.08,0.045,True,3,3,True,True,True
corrupted/saveas/text/Evolution_Biodegradable_Plastics(saveas)_object_header.pdf,saveas,177,176,1,1,4,8,1,8,0,True,8,0,True,10,17,0.075,0.057,True,3,3,True,True,True
corrupted/saveas/text/Evolution_Food_Culture_Alternative_Foods(saveas)_object_header.pdf,saveas,180,179,1,1,4,8,1,8,0,True,8,0,True,10,17,0.048,0.06,True,3,3,True,True,True
corrupted/saveas/text/International_Logistics_Fire_Report(saveas)_object_header.pdf,saveas,180,179,1,1,4,8,1,8,0,True,8,0,True,10,17,0.046,0.042,True,3,3,True,True,True
corrupted/saveas/text/Lumina_Interior_Lighting_Designbook(saveas)_object_header.pdf,saveas,226,225,1,1,4,8,1,8,0,True,8,0,True,10,17,0.057,0.048,True,3,3,True,True,True
corrupted/saveas/text/NeoHome_Smart_Appliances_Catalog_v5(saveas)_object_header.pdf,saveas,165,164,1,1,4,8,1,8,0,True,8,0,True,10,17,0.087,0.073,True,3,3,True,True,True
corrupted/saveas/text/New_Care_Models_Aging_Society(saveas)_object_header.pdf,saveas,121,120,1,1,4,8,1,8,0,True,8,0,True,10,17,0.046,0.083,True,3,3,True,True,True
corrupted/saveas/text/Next_Decade_Space_Exploration(saveas)_object_header.pdf,saveas,190,189,1,1,4,8,1,8,0,True,8,0,True,10,17,0.046,0.05,True,3,3,True,True,True
corrupted/saveas/text/OceanQuest_Modular_Water_Leisure_Equipment_Guide(saveas)_object_header.pdf,saveas,118,117,1,1,4,8,1,8,0,True,8,0,True,10,17,0.063,0.063,True,3,3,True,True,True
corrupted/saveas/text/PetPal_Smart_PetCare_Products(saveas)_object_header.pdf,saveas,216,215,1,1,4,8,1,8,0,True,8,0,True,10,17,0.088,0.104,True,3,3,True,True,True
corrupted/saveas/text/Quantum_Computing_Race(saveas)_object_header.pdf,saveas,191,190,1,1,4,8,1,8,0,True,8,0,True,10,17,0.093,0.066,True,3,3,True,True,True
corrupted/saveas/text/Robots_Automation_Future_Work(saveas)_object_header.pdf,saveas,184,183,1,1,4,8,1,8,0,True,8,0,True,10,17,0.079,0.065,True,3,3,True,True,True
corrupted/saveas/text/Security_Breach_Investigation_Report(saveas)_object_header.pdf,saveas,223,222,1,1,4,8,1,8,0,True,8,0,True,10,17,0.076,0.069,True,3,3,True,True,True
corrupted/saveas/text/SkyGarden_Indoor_Vertical_Garden_Solutions(saveas)_object_header.pdf,saveas,205,204,1,1,4,8,1,8,0,True,8,0,True,10,17,0.102,0.055,True,3,3,True,True,True
corrupted/saveas/text/Sustainable_Fashion_Innovation(saveas)_object_header.pdf,saveas,179,178,1,1,4,8,1,8,0,True,8,0,True,10,17,0.086,0.069,True,3,3,True,True,True
corrupted/saveas/text/UrbanRide_Electric_Bike_Scooter_Series(saveas)_object_header.pdf,saveas,219,218,1,1,4,8,1,8,0,True,8,0,True,10,17,0.135,0.079,True,3,3,True,True,True
corrupted/saveas/text/Urban_Fine_Particulate_Matter(saveas)_object_header.pdf,saveas,191,190,1,1,4,8,1,8,0,True,8,0,True,10,17,0.123,0.097,True,3,3,True,True,True
corrupted/saveas/text/ai_ethics_responsible_use_guidelines_multilang(saveas)_object_header.pdf,saveas,187,186,1,1,4,8,1,8,0,True,8,0,True,10,17,0.071,0.048,True,3,3,True,True,True
corrupted/saveas/text/climate_crisis_preparedness_community_action_guidelines_multilang(saveas)_object_header.pdf,saveas,181,180,1,1,4,8,1,8,0,True,8,0,True,10,17,0.055,0.054,True,3,3,True,True,True
corrupted/saveas/text/confidential_doc_leak_collusion_investigation(saveas)_object_header.pdf,saveas,219,218,1,1,4,8,1,8,0,True,8,0,True,10,17,0.063,0.049,True,3,3,True,True,True
corrupted/saveas/text/digital_data_security_guidelines(saveas)_object_header.pdf,saveas,178,177,1,1,4,8,1,8,0,True,8,0,True,10,17,0.059,0.059,True,3,3,True,True,True
corrupted/saveas/text/educational_technology_elearning_safety_guidelines_multilang(saveas)_object_header.pdf,saveas,184,183,1,1,4,8,1,8,0,True,8,0,True,10,17,0.056,0.07,True,3,3,True,True,True
corrupted/saveas/text/global_cloud_datacenter_cooling_failure_report(saveas)_object_header.pdf,saveas,218,217,1,1,4,8,1,8,0,True,8,0,True,10,17,0.071,0.067,True,3,3,True,True,True
corrupted/saveas/text/green_energy_sustainable_living_guidelines_multilang(saveas)_object_header.pdf,saveas,180,179,1,1,4,8,1,8,0,True,8,0,True,10,17,0.118,0.051,True,3,3,True,True,True
corrupted/saveas/text/health_wellbeing_digital_age_guidelines_multilang(saveas)_object_header.pdf,saveas,132,131,1,1,4,8,1,8,0,True,8,0,True,10,17,0.04,0.046,True,3,3,True,True,True
corrupted/saveas/text/illegal_item_trading_money_laundering_in_games(saveas)_object_header.pdf,saveas,227,226,1,1,4,8,1,8,0,True,8,0,True,10,17,0.108,0.12,True,3,3,True,True,True
corrupted/saveas/text/messenger_app_data_misuse_investigation(saveas)_object_header.pdf,saveas,173,172,1,1,4,8,1,8,0,True,8,0,True,10,17,0.064,0.053,True,3,3,True,True,True
corrupted/saveas/text/open_source_software_contribution_guidelines_multilang(saveas)_object_header.pdf,saveas,170,169,1,1,4,8,1,8,0,True,8,0,True,10,17,0.045,0.048,True,3,3,True,True,True
corrupted/saveas/text/personal_finance_cyber_fraud_prevention_guidelines_multilang(saveas)_object_header.pdf,saveas,171,170,1,1,4,8,1,8,0,True,8,0,True,10,17,0.052,0.053,True,3,3,True,True,True
corrupted/saveas/text/remote_work_home_office_guidelines(saveas)_object_header.pdf,saveas,166,165,1,1,4,8,1,8,0,True,8,0,True,10,17,0.075,0.053,True,3,3,True,True,True
corrupted/saveas/text/smart_city_data_privacy_guidelines_multilang(saveas)_object_header.pdf,saveas,148,147,1,1,4,8,1,8,0,True,8,0,True,10,17,0.074,0.066,True,3,3,True,True,True
corrupted/saveas/text/smart_factory_robot_malfunction_analysis(saveas)_object_header.pdf,saveas,170,169,1,1,4,8,1,8,0,True,8,0,True,10,17,0.058,0.058,True,3,3,True,True,True
corrupted/saveas/text+img/global_agriculture_food_security_climate_impact(saveas)_object_header.pdf,saveas,163,162,1,1,4,8,1,8,0,True,8,0,True,10,17,0.057,0.06,True,3,3,True,True,True
corrupted/saveas/text+img/global_ai_technology_investment_and_industry_adoption(saveas)_object_header.pdf,saveas,196,195,1,1,4,8,1,8,0,True,8,0,True,10,17,0.084,0.087,True,3,3,True,True,True
corrupted/saveas/text+img/global_climate_change_indicators_and_ghg_emissions(saveas)_object_header.pdf,saveas,208,207,1,1,4,8,1,8,0,True,8,0,True,10,17,0.07,0.075,True,3,3,True,True,True
corrupted/saveas/text+img/global_esports_and_gaming_industry_growth(saveas)_object_header.pdf,saveas,202,201,1,1,4,8,1,8,0,True,8,0,True,10,17,0.073,0.096,True,3,3,True,True,True
corrupted/saveas/text+img/global_ev_market_growth_statistics(saveas)_object_header.pdf,saveas,183,182,1,1,4,8,1,8,0,True,8,0,True,10,17,0.073,0.088,True,3,3,True,True,True
corrupted/saveas/text+img/global_healthcare_digital_health_patient_data_trends(saveas)_object_header.pdf,saveas,200,199,1,1,4,8,1,8,0,True,8,0,True,10,17,0.083,0.427,True,3,3,True,True,True
corrupted/saveas/text+img/global_renewable_energy_generation_and_carbon_reduction_analysis(saveas)_object_header.pdf,saveas,204,203,1,1,4,8,1,8,0,True,8,0,True,10,17,0.079,0.093,True,3,3,True,True,True
corrupted/saveas/text+img/international_tourism_trends_country_spending_patterns_multilang(saveas)_object_header.pdf,saveas,179,178,1,1,4,8,1,8,0,True,8,0,True,10,17,0.067,0.086,True,3,3,True,True,True
corrupted/saveas/text+img/mobile_payment_and_fintech_service_expansion(saveas)_object_header.pdf,saveas,197,196,1,1,4,8,1,8,0,True,8,0,True,10,17,0.07,0.099,True,3,3,True,True,True
corrupted/saveas/text+img/online_education_elearning_market_growth_analysis(saveas)_object_header.pdf,saveas,145,144,1,1,4,8,1,8,0,True,8,0,True,10,17,0.055,0.071,True,3,3,True,True,True
