file,mode,stream_start,comp_len,true_pos,orig_replayable,parse_error,b0,loc_offset,loc_setting,true_in_replay_window,adler_fits,adler_positions,true_in_adler_positions,true_in_trailer,true_in_method_set,method_positions,method_adler,method_adler_correct,method_replay,method_replay_correct,method_unique_adler_correct,method_unique_replay_correct,owin_adler,owin_adler_correct,owin_replay,owin_replay_correct,full_searched,full_adler,full_adler_correct,full_replay,t_localise_s,t_adler_s,t_search_s
corrupted/print/text/AI_Development_MultiLanguage(print)_stream_zlib.pdf,print,144,10295,4227,no,,372,3855,8/0,False,0,0,False,False,False,269,0,False,0,False,False,False,1,True,0,False,False,,,,0.54,0.2,3.12
corrupted/print/text/AI_Development_MultiLanguage(print)_stream_zlib.pdf,print,154928,3522,679,no,distance too far back,71,608,8/0,False,0,0,False,False,False,82,0,False,0,False,False,False,1,True,0,False,False,,,,0.03,0.0,0.09
corrupted/print/text/AI_Development_MultiLanguage(print)_stream_zlib.pdf,print,789093,8954,3656,no,,370,3286,8/0,False,0,0,False,False,False,269,0,False,0,False,False,False,1,True,0,False,False,,,,0.52,0.15,2.57
corrupted/print/text/AI_Development_MultiLanguage(print)_stream_zlib.pdf,print,856298,30960,28259,no,,387,27872,8/0,False,0,0,False,False,False,269,0,False,0,False,False,False,1,True,0,False,False,,,,1.84,0.69,13.12
corrupted/print/text/AeroChef_Drone_Delivery_Cooking_Service(print)_stream_zlib.pdf,print,443351,1972,774,no,distance too far back,70,704,8/0,False,0,0,False,False,False,81,0,False,0,False,False,False,1,True,0,False,False,,,,0.04,0.0,0.07
corrupted/print/text/AeroChef_Drone_Delivery_Cooking_Service(print)_stream_zlib.pdf,print,522770,6074,844,no,distance too far back,73,771,8/0,False,0,0,False,False,False,84,0,False,0,False,False,False,1,True,0,False,False,,,,0.04,0.0,0.19
corrupted/print/text/Aurora_VR_AR_Game_Lineup_Multilingual(print)_stream_zlib.pdf,print,144,29922,22622,no,,349,22273,8/0,False,0,0,False,False,False,269,0,False,0,False,False,False,1,True,0,False,False,,,,1.96,0.67,10.87
corrupted/print/text/Aurora_VR_AR_Game_Lineup_Multilingual(print)_stream_zlib.pdf,print,1469427,27226,2213,no,,347,1866,8/0,False,0,0,False,False,False,269,0,False,0,False,False,False,1,True,0,False,False,,,,1.44,0.35,10.48
corrupted/print/text/Autonomous_Vehicle_Accident_Report(print)_stream_zlib.pdf,print,240639,26260,19758,no,,320,19438,8/0,False,0,0,False,False,False,269,0,False,0,False,False,False,1,True,0,False,False,,,,1.47,0.51,11.15
corrupted/print/text/Autonomous_Vehicle_Accident_Report(print)_stream_zlib.pdf,print,511356,4842,4780,no,,71,4709,8/0,False,0,0,False,False,False,82,0,False,0,False,False,False,1,True,0,False,False,,,,0.29,0.05,0.14
corrupted/print/text/Autonomous_Vehicle_Accident_Report(print)_stream_zlib.pdf,print,644251,3983,1314,no,,75,1239,8/0,False,0,0,False,False,False,86,0,False,0,False,False,False,1,True,0,False,False,,,,0.19,0.03,0.41
corrupted/print/text/Autonomous_Vehicle_Accident_Report(print)_stream_zlib.pdf,print,1222070,6473,1319,no,distance too far back,72,1247,8/0,False,0,0,False,False,False,83,0,False,0,False,False,False,1,True,0,False,False,,,,0.1,0.0,0.12
corrupted/print/text/BioNext_Data_Leak_Report(print)_stream_zlib.pdf,print,157023,4240,1941,no,,76,1865,8/0,False,0,0,False,False,False,87,0,False,0,False,False,False,1,True,0,False,False,,,,0.2,0.03,0.44
corrupted/print/text/BioNext_Data_Leak_Report(print)_stream_zlib.pdf,print,807333,4007,211,no,,75,136,8/0,False,0,0,False,False,False,86,0,False,0,False,False,False,1,True,0,False,False,,,,0.18,0.03,0.24
corrupted/print/text/BioNext_Data_Leak_Report(print)_stream_zlib.pdf,print,829333,2625,856,no,,317,539,8/0,False,0,0,False,False,False,269,0,False,0,False,False,False,1,True,0,False,False,,,,0.16,0.05,2.19
corrupted/print/text/Digital_Minimalism(print)_stream_zlib.pdf,print,143,7444,5807,no,,385,5422,8/0,False,0,0,False,False,False,269,0,False,0,False,False,False,1,True,0,False,False,,,,0.35,0.11,2.22
corrupted/print/text/Digital_Minimalism(print)_stream_zlib.pdf,print,1231479,27088,14750,no,,350,14400,8/0,False,0,0,False,False,False,269,0,False,0,False,False,False,1,True,0,False,False,,,,1.93,0.38,9.33
corrupted/print/text/E-Payment_Service_Outage_Report(print)_stream_zlib.pdf,print,143,6958,3145,no,,389,2756,8/0,False,0,0,False,False,False,269,0,False,0,False,False,False,1,True,0,False,False,,,,0.48,0.23,2.43
corrupted/print/text/E-Payment_Service_Outage_Report(print)_stream_zlib.pdf,print,363220,31845,7760,no,,330,7430,8/0,False,0,0,False,False,False,269,0,False,0,False,False,False,1,True,0,False,False,,,,1.68,0.56,19.94
corrupted/print/text/E-Payment_Service_Outage_Report(print)_stream_zlib.pdf,print,569927,11520,10437,no,,379,10058,8/0,False,0,0,False,False,False,269,0,False,0,False,False,False,1,True,0,False,False,,,,0.76,0.3,3.4
corrupted/print/text/E-Payment_Service_Outage_Report(print)_stream_zlib.pdf,print,1217803,4521,154,no,distance too far back,74,80,8/0,False,0,0,False,False,False,85,0,False,0,False,False,False,1,True,0,False,False,,,,0.01,0.0,0.09
corrupted/print/text/EcoWave_Sustainable_Fashion_Collection(print)_stream_zlib.pdf,print,143,9162,165,no,distance too far back,2,163,8/0,False,0,0,False,False,False,13,0,False,0,False,False,False,1,True,0,False,False,,,,0.0,0.0,0.08
corrupted/print/text/EcoWave_Sustainable_Fashion_Collection(print)_stream_zlib.pdf,print,546479,7513,5886,no,,328,5558,8/0,False,0,0,False,False,False,269,0,False,0,False,False,False,1,True,0,False,False,,,,0.46,0.12,1.39
corrupted/print/text/EcoWave_Sustainable_Fashion_Collection(print)_stream_zlib.pdf,print,695175,11403,8110,no,,330,7780,8/0,False,0,0,False,False,False,269,0,False,0,False,False,False,1,True,0,False,False,,,,0.58,0.2,3.38
corrupted/print/text/EduBot_AI_Learning_Robot_Series(print)_stream_zlib.pdf,print,274739,16623,11565,no,,317,11248,8/0,False,0,0,False,False,False,269,0,False,0,False,False,False,1,True,0,False,False,,,,0.86,0.31,7.55
corrupted/print/text/EduBot_AI_Learning_Robot_Series(print)_stream_zlib.pdf,print,1138092,2861,2747,no,,72,2675,8/0,False,0,0,False,False,False,83,0,False,0,False,False,False,1,True,0,False,False,,,,0.15,0.03,0.12
corrupted/print/text/Evolution_Biodegradable_Plastics(print)_stream_zlib.pdf,print,106231,15857,12947,no,,339,12608,8/0,False,0,0,False,False,False,269,0,False,0,False,False,False,1,True,0,False,False,,,,0.91,0.22,5.16
corrupted/print/text/Evolution_Biodegradable_Plastics(print)_stream_zlib.pdf,print,298467,12813,1000,no,,299,701,8/0,False,0,0,False,False,False,269,0,False,0,False,False,False,1,True,0,False,False,,,,0.73,0.21,4.22
corrupted/print/text/Evolution_Biodegradable_Plastics(print)_stream_zlib.pdf,print,501011,3951,1818,no,,74,1744,8/0,False,0,0,False,False,False,85,0,False,0,False,False,False,1,True,0,False,False,,,,0.25,0.03,0.38
corrupted/print/text/Evolution_Biodegradable_Plastics(print)_stream_zlib.pdf,print,1039076,25490,10005,no,,342,9663,8/0,False,0,0,False,False,False,269,0,False,0,False,False,False,1,True,0,False,False,,,,1.34,0.37,9.93
corrupted/print/text/Evolution_Food_Culture_Alternative_Foods(print)_stream_zlib.pdf,print,561978,6890,363,no,distance too far back,72,291,8/0,False,0,0,False,False,False,83,0,False,0,False,False,False,1,True,0,False,False,,,,0.02,0.0,0.11
corrupted/print/text/Evolution_Food_Culture_Alternative_Foods(print)_stream_zlib.pdf,print,1308783,7174,4066,no,,74,3992,8/0,False,0,0,False,False,False,85,0,False,0,False,False,False,1,True,0,False,False,,,,0.37,0.08,0.76
corrupted/print/text/International_Logistics_Fire_Report(print)_stream_zlib.pdf,print,552248,15279,13669,no,,376,13293,8/0,False,0,0,False,False,False,269,0,False,0,False,False,False,1,True,0,False,False,,,,0.8,0.22,4.71
corrupted/print/text/Lumina_Interior_Lighting_Designbook(print)_stream_zlib.pdf,print,143,9390,3659,no,,371,3288,8/0,False,0,0,False,False,False,269,0,False,0,False,False,False,2,True,0,False,False,,,,0.43,0.24,3.25
corrupted/print/text/Lumina_Interior_Lighting_Designbook(print)_stream_zlib.pdf,print,234952,7362,874,no,distance too far back,296,578,8/0,False,0,0,False,False,False,269,0,False,0,False,False,False,1,True,0,False,False,,,,0.04,0.0,0.46
corrupted/print/text/Lumina_Interior_Lighting_Designbook(print)_stream_zlib.pdf,print,643798,3431,1961,no,,72,1889,8/0,False,0,0,False,False,False,83,0,False,0,False,False,False,1,True,0,False,False,,,,0.19,0.03,0.35
corrupted/print/text/NeoHome_Smart_Appliances_Catalog_v5(print)_stream_zlib.pdf,print,144,25510,16236,no,,331,15905,8/0,False,1,4,True,False,True,273,1,True,0,False,True,False,1,True,0,False,False,,,,1.39,0.38,9.43
corrupted/print/text/NeoHome_Smart_Appliances_Catalog_v5(print)_stream_zlib.pdf,print,1187380,15525,4503,no,distance too far back,329,4174,8/0,False,0,0,False,False,False,269,0,False,0,False,False,False,1,True,0,False,False,,,,0.46,0.02,2.29
corrupted/print/text/New_Care_Models_Aging_Society(print)_stream_zlib.pdf,print,97156,11541,6193,no,,373,5820,8/0,False,1,4,True,False,True,273,1,True,0,False,True,False,1,True,0,False,False,,,,0.55,0.2,3.5
corrupted/print/text/New_Care_Models_Aging_Society(print)_stream_zlib.pdf,print,1188569,17721,16978,no,,331,16647,8/0,False,0,0,False,False,False,269,0,False,0,False,False,False,1,True,0,False,False,,,,0.84,0.28,5.25
corrupted/print/text/Next_Decade_Space_Exploration(print)_stream_zlib.pdf,print,105634,16419,9787,no,,341,9446,8/0,False,0,0,False,False,False,269,0,False,0,False,False,False,1,True,0,False,False,,,,0.84,0.22,5.7
corrupted/print/text/Next_Decade_Space_Exploration(print)_stream_zlib.pdf,print,351731,18940,10358,no,,346,10012,8/0,False,0,0,False,False,False,269,0,False,0,False,False,False,1,True,0,False,False,,,,1.05,0.29,5.47
corrupted/print/text/Next_Decade_Space_Exploration(print)_stream_zlib.pdf,print,640032,6380,2230,no,distance too far back,73,2157,8/0,False,0,0,False,False,False,84,0,False,0,False,False,False,1,True,0,False,False,,,,0.11,0.0,0.18
corrupted/print/text/OceanQuest_Modular_Water_Leisure_Equipment_Guide(print)_stream_zlib.pdf,print,1761271,7493,4455,no,,73,4382,8/0,False,0,0,False,False,False,84,0,False,0,False,False,False,1,True,0,False,False,,,,0.42,0.07,0.69
corrupted/print/text/PetPal_Smart_PetCare_Products(print)_stream_zlib.pdf,print,865343,5186,4810,no,,77,4733,8/0,False,0,0,False,False,False,88,0,False,0,False,False,False,1,True,0,False,False,,,,0.27,0.05,0.24
corrupted/print/text/PetPal_Smart_PetCare_Products(print)_stream_zlib.pdf,print,1014529,6841,4249,no,,360,3889,8/0,False,0,0,False,False,False,269,0,False,0,False,False,False,1,True,0,False,False,,,,0.41,0.11,2.03
corrupted/print/text/Quantum_Computing_Race(print)_stream_zlib.pdf,print,104987,30376,996,no,,351,645,8/0,False,0,0,False,False,False,269,0,False,0,False,False,False,1,True,0,False,False,,,,1.6,0.52,14.33
corrupted/print/text/Quantum_Computing_Race(print)_stream_zlib.pdf,print,246867,1861,952,no,,67,885,8/0,False,0,0,False,False,False,78,0,False,0,False,False,False,1,True,0,False,False,,,,0.09,0.03,0.23
corrupted/print/text/Quantum_Computing_Race(print)_stream_zlib.pdf,print,1146688,7479,1609,no,distance too far back,72,1537,8/0,False,0,0,False,False,False,83,0,False,0,False,False,False,1,True,0,False,False,,,,0.08,0.0,0.15
corrupted/print/text/Robots_Automation_Future_Work(print)_stream_zlib.pdf,print,808378,16552,5189,no,,332,4857,8/0,False,0,0,False,False,False,269,0,False,0,False,False,False,1,True,0,False,False,,,,0.94,0.26,6.3
corrupted/print/text/Robots_Automation_Future_Work(print)_stream_zlib.pdf,print,981002,25212,10283,no,,340,9943,8/0,False,0,0,False,False,False,269,0,False,0,False,False,False,1,True,0,False,False,,,,1.27,0.36,10.19
corrupted/print/text/Security_Breach_Investigation_Report(print)_stream_zlib.pdf,print,253844,29127,9539,no,,311,9228,8/0,False,0,0,False,False,False,269,0,False,0,False,False,False,1,True,0,False,False,,,,1.44,0.54,12.36
corrupted/print/text/Security_Breach_Investigation_Report(print)_stream_zlib.pdf,print,1423334,27544,6670,no,,351,6319,8/0,False,0,0,False,False,False,269,0,False,0,False,False,False,1,True,0,False,False,,,,1.54,0.44,13.57
corrupted/print/text/Sustainable_Fashion_Innovation(print)_stream_zlib.pdf,print,143,9100,6040,no,,391,5649,8/0,False,0,0,False,False,False,269,0,False,0,False,False,False,1,True,0,False,False,,,,0.58,0.17,2.95
corrupted/print/text/Sustainable_Fashion_Innovation(print)_stream_zlib.pdf,print,357341,3781,2980,no,,71,2909,8/0,False,0,0,False,False,False,82,0,False,0,False,False,False,1,True,0,False,False,,,,0.25,0.03,0.21
corrupted/print/text/UrbanRide_Electric_Bike_Scooter_Series(print)_stream_zlib.pdf,print,463391,19419,17044,no,,315,16729,8/0,False,0,0,False,False,False,269,0,False,0,False,False,False,1,True,0,False,False,,,,1.03,0.34,9.35
corrupted/print/text/UrbanRide_Electric_Bike_Scooter_Series(print)_stream_zlib.pdf,print,550520,16780,366,no,distance too far back,118,248,8/1,False,0,0,False,False,False,129,0,False,0,False,False,False,1,True,0,False,False,,,,0.01,0.0,0.25
corrupted/print/text/UrbanRide_Electric_Bike_Scooter_Series(print)_stream_zlib.pdf,print,728607,19500,9093,no,,328,8765,8/0,False,0,0,False,False,False,269,0,False,0,False,False,False,1,True,0,False,False,,,,1.1,0.28,8.26
corrupted/print/text/UrbanRide_Electric_Bike_Scooter_Series(print)_stream_zlib.pdf,print,1258421,20346,3389,no,,337,3052,8/0,False,0,0,False,False,False,269,0,False,0,False,False,False,1,True,0,False,False,,,,1.58,0.41,16.18
corrupted/print/text/Urban_Fine_Particulate_Matter(print)_stream_zlib.pdf,print,107937,10727,1075,no,,369,706,8/0,False,0,0,False,False,False,269,0,False,0,False,False,False,1,True,0,False,False,,,,0.81,0.29,6.51
corrupted/print/text/Urban_Fine_Particulate_Matter(print)_stream_zlib.pdf,print,507732,7553,3996,no,,367,3629,8/0,False,0,0,False,False,False,269,0,False,0,False,False,False,1,True,0,False,False,,,,0.84,0.17,4.03
corrupted/print/text/Urban_Fine_Particulate_Matter(print)_stream_zlib.pdf,print,643022,7874,381,no,,73,308,8/0,False,1,4,True,False,True,88,1,True,0,False,True,False,1,True,0,False,False,,,,0.89,0.14,1.47
corrupted/print/text/ai_ethics_responsible_use_guidelines_multilang(print)_stream_zlib.pdf,print,437313,12077,7498,no,,380,7118,8/0,False,0,0,False,False,False,269,0,False,0,False,False,False,1,True,0,False,False,,,,1.21,0.32,6.25
corrupted/print/text/ai_ethics_responsible_use_guidelines_multilang(print)_stream_zlib.pdf,print,711143,6676,2318,no,,73,2245,8/0,False,0,0,False,False,False,84,0,False,0,False,False,False,1,True,0,False,False,,,,0.7,0.11,1.57
corrupted/print/text/climate_crisis_preparedness_community_action_guidelines_multilang(print)_stream_zlib.pdf,print,221348,11456,3317,no,,322,2995,8/0,False,1,4,True,False,True,273,1,True,0,False,True,False,1,True,0,False,False,,,,1.04,0.27,7.63
corrupted/print/text/climate_crisis_preparedness_community_action_guidelines_multilang(print)_stream_zlib.pdf,print,1005046,7653,1141,no,distance too far back,73,1068,8/0,False,0,0,False,False,False,84,0,False,0,False,False,False,1,True,0,False,False,,,,0.07,0.01,0.25
corrupted/print/text/climate_crisis_preparedness_community_action_guidelines_multilang(print)_stream_zlib.pdf,print,1603074,24492,14115,no,,376,13739,8/0,False,0,0,False,False,False,269,0,False,0,False,False,False,1,True,0,False,False,,,,2.11,0.6,20.44
corrupted/print/text/confidential_doc_leak_collusion_investigation(print)_stream_zlib.pdf,print,16246,32529,8331,no,,347,7984,8/0,False,0,0,False,False,False,269,0,False,0,False,False,False,1,True,0,False,False,,,,2.88,0.73,23.39
corrupted/print/text/confidential_doc_leak_collusion_investigation(print)_stream_zlib.pdf,print,584263,7971,2505,no,,368,2137,8/0,False,0,0,False,False,False,269,0,False,0,False,False,False,1,True,0,False,False,,,,0.63,0.15,4.12
corrupted/print/text/confidential_doc_leak_collusion_investigation(print)_stream_zlib.pdf,print,1187273,4753,3053,no,,72,2981,8/0,False,0,0,False,False,False,83,0,False,0,False,False,False,1,True,0,False,False,,,,0.47,0.1,0.5
corrupted/print/text/digital_data_security_guidelines(print)_stream_zlib.pdf,print,433519,20196,5071,no,,366,4705,8/0,False,0,0,False,False,False,269,0,False,0,False,False,False,1,True,0,False,False,,,,1.31,0.34,16.3
corrupted/print/text/digital_data_security_guidelines(print)_stream_zlib.pdf,print,534092,6388,5438,no,,328,5110,8/0,False,1,4,True,False,True,273,1,True,0,False,True,False,1,True,0,False,False,,,,0.46,0.12,2.11
corrupted/print/text/digital_data_security_guidelines(print)_stream_zlib.pdf,print,696316,27957,23254,no,,384,22870,8/0,False,0,0,False,False,False,269,0,False,0,False,False,False,1,True,0,False,False,,,,3.26,0.79,26.97
corrupted/print/text/educational_technology_elearning_safety_guidelines_multilang(print)_stream_zlib.pdf,print,585659,9323,7560,no,,329,7231,8/0,False,0,0,False,False,False,269,0,False,0,False,False,False,1,True,0,False,False,,,,0.93,0.37,4.99
corrupted/print/text/global_cloud_datacenter_cooling_failure_report(print)_stream_zlib.pdf,print,10807,30777,30324,no,,347,29977,8/0,False,0,0,False,False,False,269,0,False,0,False,False,False,1,True,0,False,False,,,,3.68,1.08,21.7
corrupted/print/text/global_cloud_datacenter_cooling_failure_report(print)_stream_zlib.pdf,print,884117,10865,2958,no,,356,2602,8/0,False,0,0,False,False,False,269,0,False,0,False,False,False,1,True,0,False,False,,,,1.26,0.31,8.3
corrupted/print/text/global_cloud_datacenter_cooling_failure_report(print)_stream_zlib.pdf,print,964641,29603,26454,no,,381,26073,8/0,False,0,0,False,False,False,269,0,False,0,False,False,False,1,True,0,False,False,,,,3.15,0.89,20.07
corrupted/print/text/green_energy_sustainable_living_guidelines_multilang(print)_stream_zlib.pdf,print,390357,26015,1275,no,distance too far back,78,1197,8/0,False,0,0,False,False,False,89,0,False,0,False,False,False,1,True,0,False,False,,,,0.14,0.01,0.57
corrupted/print/text/green_energy_sustainable_living_guidelines_multilang(print)_stream_zlib.pdf,print,746636,7001,5326,no,,359,4967,8/0,False,0,0,False,False,False,269,0,False,0,False,False,False,1,True,0,False,False,,,,0.79,0.21,3.19
corrupted/print/text/health_wellbeing_digital_age_guidelines_multilang(print)_stream_zlib.pdf,print,135274,29563,19865,no,,78,19787,8/0,False,0,0,False,False,False,89,0,False,0,False,False,False,1,True,0,False,False,,,,1.87,0.34,3.95
corrupted/print/text/health_wellbeing_digital_age_guidelines_multilang(print)_stream_zlib.pdf,print,331233,2865,1359,no,,69,1290,8/0,False,0,0,False,False,False,80,0,False,0,False,False,False,1,True,0,False,False,,,,0.22,0.03,0.4
corrupted/print/text/health_wellbeing_digital_age_guidelines_multilang(print)_stream_zlib.pdf,print,373813,2984,2189,no,,68,2121,8/0,False,0,0,False,False,False,79,0,False,0,False,False,False,1,True,0,False,False,,,,0.28,0.05,0.3
corrupted/print/text/illegal_item_trading_money_laundering_in_games(print)_stream_zlib.pdf,print,144,29032,20533,no,,347,20186,8/0,False,0,0,False,False,False,269,0,False,0,False,False,False,1,True,0,False,False,,,,2.39,0.65,14.41
corrupted/print/text/illegal_item_trading_money_laundering_in_games(print)_stream_zlib.pdf,print,862313,28143,14370,no,,341,14029,8/0,False,0,0,False,False,False,269,0,False,0,False,False,False,1,True,0,False,False,,,,2.26,0.54,12.27
corrupted/print/text/messenger_app_data_misuse_investigation(print)_stream_zlib.pdf,print,6941,11673,3343,no,,351,2992,8/0,False,0,0,False,False,False,269,0,False,0,False,False,False,1,True,0,False,False,,,,0.76,0.29,4.83
corrupted/print/text/messenger_app_data_misuse_investigation(print)_stream_zlib.pdf,print,647602,3150,1640,no,,70,1570,8/0,False,0,0,False,False,False,81,0,False,0,False,False,False,1,True,0,False,False,,,,0.19,0.03,0.53
corrupted/print/text/open_source_software_contribution_guidelines_multilang(print)_stream_zlib.pdf,print,143,7529,6850,no,,387,6463,8/0,False,0,0,False,False,False,269,0,False,0,False,False,False,1,True,0,False,False,,,,0.54,0.25,3.55
corrupted/print/text/open_source_software_contribution_guidelines_multilang(print)_stream_zlib.pdf,print,548550,15209,14706,no,,375,14331,8/0,False,0,0,False,False,False,269,0,False,0,False,False,False,1,True,0,False,False,,,,1.33,0.33,6.98
corrupted/print/text/open_source_software_contribution_guidelines_multilang(print)_stream_zlib.pdf,print,1175122,6781,2471,no,distance too far back,72,2399,8/0,False,0,0,False,False,False,83,0,False,0,False,False,False,1,True,0,False,False,,,,0.24,0.01,0.63
corrupted/print/text/personal_finance_cyber_fraud_prevention_guidelines_multilang(print)_stream_zlib.pdf,print,147185,3326,1367,no,,71,1296,8/0,False,0,0,False,False,False,82,0,False,0,False,False,False,1,True,0,False,False,,,,0.24,0.04,0.38
corrupted/print/text/personal_finance_cyber_fraud_prevention_guidelines_multilang(print)_stream_zlib.pdf,print,1034306,6353,4558,no,,72,4486,8/0,False,0,0,False,False,False,83,0,False,0,False,False,False,1,True,0,False,False,,,,0.49,0.08,0.7
corrupted/print/text/personal_finance_cyber_fraud_prevention_guidelines_multilang(print)_stream_zlib.pdf,print,1722660,6262,5205,no,,73,5132,8/0,False,0,0,False,False,False,84,0,False,0,False,False,False,1,True,0,False,False,,,,0.36,0.06,0.42
corrupted/print/text/remote_work_home_office_guidelines(print)_stream_zlib.pdf,print,392076,11850,4507,no,,374,4133,8/0,False,1,4,True,False,True,273,1,True,0,False,True,False,1,True,0,False,False,,,,0.75,0.17,4.37
corrupted/print/text/remote_work_home_office_guidelines(print)_stream_zlib.pdf,print,967363,7198,3413,no,,332,3081,8/0,False,0,0,False,False,False,269,0,False,0,False,False,False,1,True,0,False,False,,,,0.45,0.12,2.12
corrupted/print/text/smart_city_data_privacy_guidelines_multilang(print)_stream_zlib.pdf,print,290355,30420,25485,no,,372,25113,8/0,False,2,8,True,False,True,277,1,True,0,False,True,False,1,True,0,False,False,,,,1.72,0.48,13.19
corrupted/print/text/smart_city_data_privacy_guidelines_multilang(print)_stream_zlib.pdf,print,401650,3375,1878,no,,68,1810,8/0,False,0,0,False,False,False,79,0,False,0,False,False,False,1,True,0,False,False,,,,0.19,0.03,0.31
corrupted/print/text/smart_city_data_privacy_guidelines_multilang(print)_stream_zlib.pdf,print,968331,11922,5523,no,,327,5196,8/0,False,1,4,True,False,True,273,1,True,0,False,True,False,1,True,0,False,False,,,,0.72,0.18,4.05
corrupted/print/text/smart_factory_robot_malfunction_analysis(print)_stream_zlib.pdf,print,713141,2916,21,no,distance too far back,2,19,8/0,False,0,0,False,False,False,13,0,False,0,False,False,False,1,True,0,False,False,,,,0.0,0.0,0.03
corrupted/print/text+img/global_agriculture_food_security_climate_impact(print)_stream_zlib.pdf,print,144,27097,23897,no,,346,23551,8/0,False,0,0,False,False,False,269,0,False,0,False,False,False,1,True,0,False,False,,,,1.5,0.41,10.19
corrupted/print/text+img/global_agriculture_food_security_climate_impact(print)_stream_zlib.pdf,print,421869,18284,13657,no,,300,13357,8/0,False,0,0,False,False,False,269,0,False,0,False,False,False,1,True,0,False,False,,,,1.01,0.29,4.88
corrupted/print/text+img/global_agriculture_food_security_climate_impact(print)_stream_zlib.pdf,print,648917,10268,921,no,distance too far back,80,841,8/0,False,0,0,False,False,False,91,0,False,0,False,False,False,1,True,0,False,False,,,,0.05,0.0,0.15
corrupted/print/text+img/global_ai_technology_investment_and_industry_adoption(print)_stream_zlib.pdf,print,453373,1867,614,no,distance too far back,73,541,8/0,False,0,0,False,False,False,84,0,False,0,False,False,False,1,True,0,False,False,,,,0.03,0.0,0.08
corrupted/print/text+img/global_ai_technology_investment_and_industry_adoption(print)_stream_zlib.pdf,print,720668,3467,2203,no,,74,2129,8/0,False,0,0,False,False,False,85,0,False,0,False,False,False,1,True,0,False,False,,,,0.21,0.03,0.23
corrupted/print/text+img/global_climate_change_indicators_and_ghg_emissions(print)_stream_zlib.pdf,print,104587,31012,6189,no,,351,5838,8/0,False,0,0,False,False,False,269,0,False,0,False,False,False,1,True,0,False,False,,,,2.03,0.51,15.73
corrupted/print/text+img/global_climate_change_indicators_and_ghg_emissions(print)_stream_zlib.pdf,print,789834,6841,2300,no,distance too far back,73,2227,8/0,False,0,0,False,False,False,84,0,False,0,False,False,False,1,True,0,False,False,,,,0.23,0.01,0.13
corrupted/print/text+img/global_esports_and_gaming_industry_growth(print)_stream_zlib.pdf,print,237665,18852,12514,no,,75,12439,8/0,False,0,0,False,False,False,86,0,False,0,False,False,False,1,True,0,False,False,,,,1.15,0.14,1.6
corrupted/print/text+img/global_esports_and_gaming_industry_growth(print)_stream_zlib.pdf,print,691464,7146,6964,no,,76,6888,8/0,False,0,0,False,False,False,87,0,False,0,False,False,False,1,True,0,False,False,,,,0.4,0.1,0.22
corrupted/print/text+img/global_esports_and_gaming_industry_growth(print)_stream_zlib.pdf,print,1334773,10723,10177,no,,327,9850,8/0,False,0,0,False,False,False,269,0,False,0,False,False,False,1,True,0,False,False,,,,0.6,0.15,2.88
corrupted/print/text+img/global_ev_market_growth_statistics(print)_stream_zlib.pdf,print,791513,31747,23593,no,,372,23221,8/0,False,0,0,False,False,False,269,0,False,0,False,False,False,1,True,0,False,False,,,,1.73,0.46,11.66
corrupted/print/text+img/global_ev_market_growth_statistics(print)_stream_zlib.pdf,print,1012915,9946,1587,no,,368,1219,8/0,False,0,0,False,False,False,269,0,False,0,False,False,False,1,True,0,False,False,,,,0.47,0.15,3.42
corrupted/print/text+img/global_healthcare_digital_health_patient_data_trends(print)_stream_zlib.pdf,print,630637,6591,1025,no,,412,613,8/0,False,0,0,False,False,False,269,0,False,0,False,False,False,1,True,0,False,False,,,,0.58,0.17,24.27
corrupted/print/text+img/global_healthcare_digital_health_patient_data_trends(print)_stream_zlib.pdf,print,1426719,3841,170,no,,73,97,8/0,False,0,0,False,False,False,84,0,False,0,False,False,False,1,True,0,False,False,,,,0.17,0.03,0.21
corrupted/print/text+img/global_renewable_energy_generation_and_carbon_reduction_analysis(print)_stream_zlib.pdf,print,614526,16866,305,no,,302,3,8/0,True,0,0,False,False,True,269,1,True,0,False,True,False,1,True,0,False,False,,,,0.78,0.23,4.28
corrupted/print/text+img/global_renewable_energy_generation_and_carbon_reduction_analysis(print)_stream_zlib.pdf,print,1482657,7890,2495,no,,337,2158,8/0,False,0,0,False,False,False,269,0,False,0,False,False,False,1,True,0,False,False,,,,0.41,0.13,2.14
corrupted/print/text+img/international_tourism_trends_country_spending_patterns_multilang(print)_stream_zlib.pdf,print,399559,21329,5770,no,,350,5420,8/0,False,0,0,False,False,False,269,0,False,0,False,False,False,1,True,0,False,False,,,,1.08,0.31,7.82
corrupted/print/text+img/international_tourism_trends_country_spending_patterns_multilang(print)_stream_zlib.pdf,print,603420,29974,21532,no,,337,21195,8/0,False,0,0,False,False,False,269,0,False,0,False,False,False,1,True,0,False,False,,,,1.61,0.39,8.93
corrupted/print/text+img/mobile_payment_and_fintech_service_expansion(print)_stream_zlib.pdf,print,437224,31275,15387,no,,339,15048,8/0,False,0,0,False,False,False,269,0,False,0,False,False,False,1,True,0,False,False,,,,2.01,0.38,9.7
corrupted/print/text+img/mobile_payment_and_fintech_service_expansion(print)_stream_zlib.pdf,print,833927,7865,4637,no,,317,4320,8/0,False,0,0,False,False,False,269,0,False,0,False,False,False,1,True,0,False,False,,,,0.37,0.1,1.62
corrupted/print/text+img/mobile_payment_and_fintech_service_expansion(print)_stream_zlib.pdf,print,873716,8174,3681,no,,324,3357,8/0,False,1,4,True,False,True,273,1,True,0,False,True,False,1,True,0,False,False,,,,0.42,0.12,2.35
corrupted/print/text+img/online_education_elearning_market_growth_analysis(print)_stream_zlib.pdf,print,143,7202,2244,no,,390,1854,8/0,False,0,0,False,False,False,269,0,False,0,False,False,False,1,True,0,False,False,,,,0.33,0.13,2.4
corrupted/print/text+img/online_education_elearning_market_growth_analysis(print)_stream_zlib.pdf,print,1263635,25392,678,no,distance too far back,76,602,8/0,False,0,0,False,False,False,87,0,False,0,False,False,False,1,True,0,False,False,,,,0.04,0.0,0.28
corrupted/print/text+img/online_education_elearning_market_growth_analysis(print)_stream_zlib.pdf,print,1956540,4085,2080,no,distance too far back,73,2007,8/0,False,0,0,False,False,False,84,0,False,0,False,False,False,1,True,0,False,False,,,,0.14,0.01,0.11
corrupted/saveas/text/AI_Development_MultiLanguage(saveas)_stream_zlib.pdf,saveas,13820,7959,5410,7/0,,5408,2,7/0,True,0,0,False,False,True,269,1,True,1,True,True,True,1,True,1,True,False,,,,0.42,0.08,2.28
corrupted/saveas/text/AI_Development_MultiLanguage(saveas)_stream_zlib.pdf,saveas,116222,11137,933,7/0,distance too far back,446,487,3/0,False,0,0,False,False,False,269,0,False,0,False,False,False,1,True,1,True,False,,,,0.04,0.0,0.43
corrupted/saveas/text/AI_Development_MultiLanguage(saveas)_stream_zlib.pdf,saveas,215298,14355,4756,7/0,,14351,-9595,7/0,False,0,0,False,False,False,260,0,False,0,False,False,False,1,True,1,True,False,,,,0.66,0.2,1.7
corrupted/saveas/text/AI_Development_MultiLanguage(saveas)_stream_zlib.pdf,saveas,289131,9130,2658,7/0,,9126,-6468,7/0,False,0,0,False,False,False,260,0,False,0,False,False,False,1,True,1,True,False,,,,0.46,0.15,1.09
corrupted/saveas/text/AI_Development_MultiLanguage(saveas)_stream_zlib.pdf,saveas,317463,12730,3018,7/0,,12726,-9708,7/0,False,0,0,False,False,False,260,0,False,0,False,False,False,1,True,1,True,False,,,,0.59,0.17,1.73
corrupted/saveas/text/AeroChef_Drone_Delivery_Cooking_Service(saveas)_stream_zlib.pdf,saveas,44868,6082,4469,7/0,,4466,3,7/0,True,0,0,False,False,True,269,1,True,1,True,True,True,1,True,1,True,False,,,,0.35,0.06,1.46
corrupted/saveas/text/AeroChef_Drone_Delivery_Cooking_Service(saveas)_stream_zlib.pdf,saveas,135083,308,24,8/0,distance too far back,2,22,8/0,False,0,0,False,False,False,13,0,False,0,False,False,False,1,True,1,True,True,1,True,1,0.0,0.0,0.02
corrupted/saveas/text/AeroChef_Drone_Delivery_Cooking_Service(saveas)_stream_zlib.pdf,saveas,259092,738,562,8/0,,563,-1,8/0,True,0,0,False,False,True,269,1,True,1,True,True,True,1,True,1,True,True,1,True,1,0.04,0.01,0.66
corrupted/saveas/text/AeroChef_Drone_Delivery_Cooking_Service(saveas)_stream_zlib.pdf,saveas,307916,9380,4092,7/0,,4127,-35,8/0,True,0,0,False,False,True,269,1,True,1,True,True,True,1,True,1,True,False,,,,0.46,0.17,3.12
corrupted/saveas/text/AeroChef_Drone_Delivery_Cooking_Service(saveas)_stream_zlib.pdf,saveas,325775,11241,10825,7/0,,10830,-5,7/0,True,0,0,False,False,True,269,1,True,1,True,True,True,1,True,1,True,False,,,,0.56,0.2,0.5
corrupted/saveas/text/AeroChef_Drone_Delivery_Cooking_Service(saveas)_stream_zlib.pdf,saveas,344901,7795,7141,7/0,,7139,2,7/0,True,0,0,False,False,True,269,2,True,1,True,False,True,2,True,1,True,False,,,,0.43,0.22,0.7
corrupted/saveas/text/Aurora_VR_AR_Game_Lineup_Multilingual(saveas)_stream_zlib.pdf,saveas,22744,3790,2232,8/0,,2233,-1,8/0,True,0,0,False,False,True,269,1,True,1,True,True,True,1,True,1,True,False,,,,0.2,0.04,1.16
corrupted/saveas/text/Aurora_VR_AR_Game_Lineup_Multilingual(saveas)_stream_zlib.pdf,saveas,60439,7569,1588,7/0,distance too far back,7565,-5977,8/0,False,0,0,False,False,False,260,0,False,0,False,False,False,1,True,1,True,False,,,,0.09,0.0,0.07
corrupted/saveas/text/Aurora_VR_AR_Game_Lineup_Multilingual(saveas)_stream_zlib.pdf,saveas,123859,740,584,8/0,,608,-24,8/0,True,0,0,False,False,True,269,1,True,1,True,True,True,1,True,1,True,True,1,True,1,0.04,0.01,0.75
corrupted/saveas/text/Aurora_VR_AR_Game_Lineup_Multilingual(saveas)_stream_zlib.pdf,saveas,226781,9461,9404,7/0,,9407,-3,7/0,True,0,0,False,False,True,269,1,True,1,True,True,True,1,True,1,True,False,,,,0.47,0.16,0.28
corrupted/saveas/text/Aurora_VR_AR_Game_Lineup_Multilingual(saveas)_stream_zlib.pdf,saveas,270333,19807,16537,7/0,,16536,1,7/0,True,0,0,False,False,True,269,1,True,1,True,True,True,1,True,1,True,False,,,,0.98,0.27,1.99
corrupted/saveas/text/Autonomous_Vehicle_Accident_Report(saveas)_stream_zlib.pdf,saveas,23348,3245,3025,8/0,,3025,0,8/0,True,0,0,False,False,True,269,1,True,1,True,True,True,1,True,1,True,False,,,,0.16,0.03,0.37
corrupted/saveas/text/Autonomous_Vehicle_Accident_Report(saveas)_stream_zlib.pdf,saveas,50250,6410,5810,7/0,,5809,1,7/0,True,0,0,False,False,True,269,1,True,1,True,True,True,1,True,1,True,False,,,,0.32,0.06,0.8
corrupted/saveas/text/Autonomous_Vehicle_Accident_Report(saveas)_stream_zlib.pdf,saveas,98082,6019,4394,7/0,,4437,-43,7/0,True,0,0,False,False,True,269,1,True,1,True,True,True,1,True,1,True,False,,,,0.29,0.1,1.08
corrupted/saveas/text/Autonomous_Vehicle_Accident_Report(saveas)_stream_zlib.pdf,saveas,147826,25154,1285,7/0,,1288,-3,8/0,True,0,0,False,False,True,269,1,True,1,True,True,True,1,True,1,True,False,,,,1.48,0.47,11.78
corrupted/saveas/text/Autonomous_Vehicle_Accident_Report(saveas)_stream_zlib.pdf,saveas,279994,7333,6131,7/0,,7329,-1198,7/0,False,0,0,False,False,False,260,0,False,0,False,False,False,1,True,1,True,False,,,,0.47,0.17,0.45
corrupted/saveas/text/Autonomous_Vehicle_Accident_Report(saveas)_stream_zlib.pdf,saveas,310757,8262,5324,8/0,,5327,-3,8/0,True,0,0,False,False,True,269,1,True,1,True,True,True,1,True,1,True,False,,,,0.41,0.12,1.7
corrupted/saveas/text/Autonomous_Vehicle_Accident_Report(saveas)_stream_zlib.pdf,saveas,346410,16365,8235,7/0,,16361,-8126,7/0,False,0,0,False,False,False,260,0,False,0,False,False,False,1,True,1,True,False,,,,0.77,0.31,1.5
corrupted/saveas/text/BioNext_Data_Leak_Report(saveas)_stream_zlib.pdf,saveas,22850,3612,1894,8/0,,1892,2,8/0,True,0,0,False,False,True,269,1,True,1,True,True,True,1,True,1,True,False,,,,0.19,0.04,1.22
corrupted/saveas/text/BioNext_Data_Leak_Report(saveas)_stream_zlib.pdf,saveas,71247,25892,9073,7/0,,9089,-16,7/0,True,0,0,False,False,True,269,1,True,1,True,True,True,1,True,1,True,False,,,,1.44,0.41,11.85
corrupted/saveas/text/BioNext_Data_Leak_Report(saveas)_stream_zlib.pdf,saveas,239934,25644,20214,7/0,,20230,-16,7/0,True,0,0,False,False,True,269,1,True,1,True,True,True,1,True,1,True,False,,,,1.42,0.43,3.08
corrupted/saveas/text/BioNext_Data_Leak_Report(saveas)_stream_zlib.pdf,saveas,296064,4946,64,8/0,distance too far back,2,62,8/0,False,0,0,False,False,False,13,0,False,0,False,False,False,1,True,1,True,False,,,,0.0,0.0,0.04
corrupted/saveas/text/Digital_Minimalism(saveas)_stream_zlib.pdf,saveas,25005,2762,2070,8/0,,2071,-1,8/0,True,0,0,False,False,True,269,1,True,1,True,True,True,1,True,1,True,False,,,,0.1,0.02,0.26
corrupted/saveas/text/Digital_Minimalism(saveas)_stream_zlib.pdf,saveas,50849,5823,5528,7/0,,5536,-8,7/0,True,0,0,False,False,True,269,1,True,1,True,True,True,1,True,1,True,False,,,,0.32,0.08,0.52
corrupted/saveas/text/Digital_Minimalism(saveas)_stream_zlib.pdf,saveas,119291,22490,12578,7/0,,12605,-27,7/0,True,0,0,False,False,True,269,1,True,1,True,True,True,1,True,1,True,False,,,,1.22,0.36,6.05
corrupted/saveas/text/Digital_Minimalism(saveas)_stream_zlib.pdf,saveas,264308,7537,1143,7/0,,1141,2,8/0,True,0,0,False,False,True,269,1,True,1,True,True,True,1,True,1,True,False,,,,0.42,0.11,4.32
corrupted/saveas/text/Digital_Minimalism(saveas)_stream_zlib.pdf,saveas,296125,9846,5301,7/0,,5308,-7,7/0,True,0,0,False,False,True,269,1,True,1,True,True,True,1,True,1,True,False,,,,0.48,0.23,3.01
corrupted/saveas/text/Digital_Minimalism(saveas)_stream_zlib.pdf,saveas,317785,682,125,8/0,distance too far back,94,31,8/1,False,0,0,False,False,False,105,0,False,0,False,False,False,1,True,1,True,True,1,True,1,0.0,0.0,0.09
corrupted/saveas/text/E-Payment_Service_Outage_Report(saveas)_stream_zlib.pdf,saveas,616,3496,1892,8/0,,3492,-1600,8/0,False,0,0,False,False,False,260,0,False,0,False,False,False,1,True,1,True,False,,,,0.22,0.04,0.56
corrupted/saveas/text/E-Payment_Service_Outage_Report(saveas)_stream_zlib.pdf,saveas,50804,6461,3812,7/0,,6457,-2645,7/0,False,0,0,False,False,False,260,0,False,0,False,False,False,1,True,1,True,False,,,,0.42,0.06,0.87
corrupted/saveas/text/E-Payment_Service_Outage_Report(saveas)_stream_zlib.pdf,saveas,123024,22998,15963,7/0,,16360,-397,7/0,False,0,0,False,False,False,269,0,False,0,False,False,False,1,True,1,True,False,,,,1.54,0.34,6.4
corrupted/saveas/text/E-Payment_Service_Outage_Report(saveas)_stream_zlib.pdf,saveas,269053,13594,12784,7/0,,12789,-5,7/0,True,0,0,False,False,True,269,1,True,1,True,True,True,1,True,1,True,False,,,,0.91,0.21,0.72
corrupted/saveas/text/E-Payment_Service_Outage_Report(saveas)_stream_zlib.pdf,saveas,304427,12187,7678,7/0,,7688,-10,7/0,True,0,0,False,False,True,269,1,True,1,True,True,True,1,True,1,True,False,,,,0.63,0.24,2.84
corrupted/saveas/text/E-Payment_Service_Outage_Report(saveas)_stream_zlib.pdf,saveas,331880,15234,10542,7/0,,10594,-52,7/0,True,0,0,False,False,True,269,1,True,1,True,True,True,1,True,1,True,False,,,,0.77,0.26,2.52
corrupted/saveas/text/EcoWave_Sustainable_Fashion_Collection(saveas)_stream_zlib.pdf,saveas,80424,235,71,8/0,,231,-160,8/0,True,0,0,False,False,True,233,1,True,1,True,True,True,1,True,1,True,True,1,True,1,0.01,0.0,0.14
corrupted/saveas/text/EcoWave_Sustainable_Fashion_Collection(saveas)_stream_zlib.pdf,saveas,169398,274,135,8/0,,153,-18,8/0,True,0,0,False,False,True,164,1,True,1,True,True,True,1,True,1,True,True,1,True,1,0.01,0.01,0.18
corrupted/saveas/text/EcoWave_Sustainable_Fashion_Collection(saveas)_stream_zlib.pdf,saveas,270409,631,178,8/0,distance too far back,627,-449,8/0,False,0,0,False,False,False,260,0,False,0,False,False,False,1,True,1,True,True,1,True,1,0.01,0.0,0.1
corrupted/saveas/text/EcoWave_Sustainable_Fashion_Collection(saveas)_stream_zlib.pdf,saveas,305861,324,241,8/0,,320,-79,8/0,True,0,0,False,False,True,260,1,True,1,True,True,True,1,True,1,True,True,1,True,1,0.02,0.01,0.23
corrupted/saveas/text/EcoWave_Sustainable_Fashion_Collection(saveas)_stream_zlib.pdf,saveas,351029,21975,5203,7/0,,5240,-37,7/0,True,0,0,False,False,True,269,1,True,1,True,True,True,1,True,1,True,False,,,,1.06,0.33,12.76
corrupted/saveas/text/EduBot_AI_Learning_Robot_Series(saveas)_stream_zlib.pdf,saveas,58667,4846,1094,7/0,,1092,2,8/0,True,0,0,False,False,True,269,1,True,1,True,True,True,1,True,1,True,False,,,,0.28,0.05,1.57
corrupted/saveas/text/EduBot_AI_Learning_Robot_Series(saveas)_stream_zlib.pdf,saveas,116470,225,206,8/0,,221,-15,8/0,True,0,0,False,False,True,223,1,True,1,True,True,True,1,True,1,True,True,1,True,1,0.01,0.01,0.16
corrupted/saveas/text/EduBot_AI_Learning_Robot_Series(saveas)_stream_zlib.pdf,saveas,188763,15544,7735,7/0,,15540,-7805,7/0,False,0,0,False,False,False,260,0,False,0,False,False,False,1,True,1,True,False,,,,0.82,0.39,1.57
corrupted/saveas/text/EduBot_AI_Learning_Robot_Series(saveas)_stream_zlib.pdf,saveas,298280,223,49,8/0,distance too far back,2,47,8/0,False,0,0,False,False,False,13,0,False,0,False,False,False,1,True,1,True,True,1,True,1,0.0,0.0,0.02
corrupted/saveas/text/EduBot_AI_Learning_Robot_Series(saveas)_stream_zlib.pdf,saveas,349893,12864,5561,7/0,,5604,-43,7/0,True,0,0,False,False,True,269,1,True,1,True,True,True,1,True,1,True,False,,,,0.62,0.22,4.74
corrupted/saveas/text/Evolution_Biodegradable_Plastics(saveas)_stream_zlib.pdf,saveas,24107,3169,2658,6/0,,2657,1,6/0,True,0,0,False,False,True,269,1,True,1,True,True,True,1,True,1,True,False,,,,0.14,0.03,0.52
corrupted/saveas/text/Evolution_Biodegradable_Plastics(saveas)_stream_zlib.pdf,saveas,64612,17209,16534,7/0,,16538,-4,7/0,True,0,0,False,False,True,269,1,True,1,True,True,True,1,True,1,True,False,,,,0.88,0.26,0.59
corrupted/saveas/text/Evolution_Biodegradable_Plastics(saveas)_stream_zlib.pdf,saveas,121374,9412,1896,7/0,,8971,-7075,7/0,False,0,0,False,False,False,269,0,False,0,False,False,False,1,True,1,True,False,,,,0.51,0.18,2.03
corrupted/saveas/text/Evolution_Biodegradable_Plastics(saveas)_stream_zlib.pdf,saveas,245288,5235,2088,8/0,,5231,-3143,8/0,False,0,0,False,False,False,260,0,False,0,False,False,False,1,True,1,True,False,,,,0.39,0.09,0.67
corrupted/saveas/text/Evolution_Biodegradable_Plastics(saveas)_stream_zlib.pdf,saveas,315647,9793,8277,7/0,,9789,-1512,7/0,False,1,4,True,False,True,264,1,True,1,True,True,True,1,True,1,True,False,,,,0.5,0.19,0.52
corrupted/saveas/text/Evolution_Food_Culture_Alternative_Foods(saveas)_stream_zlib.pdf,saveas,50969,5782,500,7/0,,511,-11,8/0,True,0,0,False,False,True,269,1,True,1,True,True,True,1,True,1,True,False,,,,0.32,0.06,1.11
corrupted/saveas/text/Evolution_Food_Culture_Alternative_Foods(saveas)_stream_zlib.pdf,saveas,103067,17320,14925,7/0,,14937,-12,7/0,True,0,0,False,False,True,269,1,True,1,True,True,True,1,True,1,True,False,,,,1.2,0.23,1.57
corrupted/saveas/text/Evolution_Food_Culture_Alternative_Foods(saveas)_stream_zlib.pdf,saveas,296531,8691,6716,8/0,,8687,-1971,8/0,False,0,0,False,False,False,260,0,False,0,False,False,False,1,True,1,True,False,,,,0.4,0.14,0.57
corrupted/saveas/text/Evolution_Food_Culture_Alternative_Foods(saveas)_stream_zlib.pdf,saveas,327888,9654,6334,7/0,,6360,-26,7/0,True,0,0,False,False,True,269,1,True,1,True,True,True,1,True,1,True,False,,,,0.47,0.18,2.26
corrupted/saveas/text/Evolution_Food_Culture_Alternative_Foods(saveas)_stream_zlib.pdf,saveas,386777,2823,501,7/0,distance too far back,2819,-2318,8/0,False,0,0,False,False,False,260,0,False,0,False,False,False,1,True,1,True,False,,,,0.04,0.0,0.05
corrupted/saveas/text/International_Logistics_Fire_Report(saveas)_stream_zlib.pdf,saveas,45846,5340,1428,7/0,,1425,3,8/0,True,0,0,False,False,True,269,1,True,1,True,True,True,1,True,1,True,False,,,,0.36,0.08,2.11
corrupted/saveas/text/International_Logistics_Fire_Report(saveas)_stream_zlib.pdf,saveas,68835,25892,8460,7/0,,8515,-55,7/0,True,0,0,False,False,True,269,1,True,1,True,True,True,1,True,1,True,False,,,,1.58,0.41,12.76
corrupted/saveas/text/International_Logistics_Fire_Report(saveas)_stream_zlib.pdf,saveas,199978,9665,115,7/0,distance too far back,2,113,8/0,False,0,0,False,False,False,13,0,False,0,False,False,False,1,True,1,True,False,,,,0.0,0.0,0.04
corrupted/saveas/text/International_Logistics_Fire_Report(saveas)_stream_zlib.pdf,saveas,281619,365,6,8/0,out of input,120,-114,8/1,True,0,0,False,False,True,131,1,True,1,True,True,True,1,True,1,True,True,1,True,1,0.02,0.0,0.0
corrupted/saveas/text/International_Logistics_Fire_Report(saveas)_stream_zlib.pdf,saveas,306684,6923,3199,7/0,,3207,-8,7/0,True,0,0,False,False,True,269,1,True,1,True,True,True,1,True,1,True,False,,,,0.4,0.12,2.06
corrupted/saveas/text/Lumina_Interior_Lighting_Designbook(saveas)_stream_zlib.pdf,saveas,39163,6335,5746,8/0,,5746,0,8/0,True,0,0,False,False,True,269,1,True,1,True,True,True,1,True,1,True,False,,,,0.38,0.1,0.64
corrupted/saveas/text/Lumina_Interior_Lighting_Designbook(saveas)_stream_zlib.pdf,saveas,106229,6033,2526,8/0,,2547,-21,8/0,True,0,0,False,False,True,269,1,True,1,True,True,True,1,True,1,True,False,,,,0.29,0.1,1.85
corrupted/saveas/text/Lumina_Interior_Lighting_Designbook(saveas)_stream_zlib.pdf,saveas,236897,25892,22186,7/0,,25888,-3702,7/0,False,0,0,False,False,False,260,0,False,0,False,False,False,1,True,1,True,False,,,,1.3,0.39,0.72
corrupted/saveas/text/Lumina_Interior_Lighting_Designbook(saveas)_stream_zlib.pdf,saveas,345882,11524,545,7/0,distance too far back,117,428,2/1,False,0,0,False,False,False,128,0,False,0,False,False,False,1,True,1,True,False,,,,0.02,0.0,0.24
corrupted/saveas/text/Lumina_Interior_Lighting_Designbook(saveas)_stream_zlib.pdf,saveas,411508,8298,916,7/0,,8294,-7378,7/0,False,0,0,False,False,False,260,0,False,0,False,False,False,1,True,1,True,False,,,,0.38,0.14,1.06
corrupted/saveas/text/NeoHome_Smart_Appliances_Catalog_v5(saveas)_stream_zlib.pdf,saveas,64238,2841,1614,7/0,,1610,4,7/0,True,0,0,False,False,True,269,1,True,1,True,True,True,1,True,1,True,False,,,,0.14,0.03,0.61
corrupted/saveas/text/NeoHome_Smart_Appliances_Catalog_v5(saveas)_stream_zlib.pdf,saveas,104234,226,180,8/0,,185,-5,8/0,True,0,0,False,False,True,196,1,True,1,True,True,True,1,True,1,True,True,1,True,1,0.01,0.0,0.14
corrupted/saveas/text/NeoHome_Smart_Appliances_Catalog_v5(saveas)_stream_zlib.pdf,saveas,253971,722,150,8/0,distance too far back,718,-568,8/0,False,0,0,False,False,False,260,0,False,0,False,False,False,1,True,1,True,True,1,True,1,0.01,0.0,0.08
corrupted/saveas/text/NeoHome_Smart_Appliances_Catalog_v5(saveas)_stream_zlib.pdf,saveas,301560,464,443,8/0,distance too far back,460,-17,8/0,True,0,0,False,False,True,260,1,True,1,True,True,True,1,True,1,True,True,1,True,1,0.02,0.0,0.32
corrupted/saveas/text/NeoHome_Smart_Appliances_Catalog_v5(saveas)_stream_zlib.pdf,saveas,321894,657,463,8/0,,470,-7,8/0,True,0,0,False,False,True,269,1,True,1,True,True,True,1,True,1,True,True,1,True,1,0.04,0.01,0.71
corrupted/saveas/text/New_Care_Models_Aging_Society(saveas)_stream_zlib.pdf,saveas,21399,2610,752,8/0,distance too far back,754,-2,8/0,True,0,0,False,False,True,269,1,True,1,True,True,True,1,True,1,True,False,,,,0.06,0.0,0.24
corrupted/saveas/text/New_Care_Models_Aging_Society(saveas)_stream_zlib.pdf,saveas,75096,25892,5629,7/0,,25888,-20259,7/0,False,0,0,False,False,False,260,0,False,0,False,False,False,1,True,1,True,False,,,,1.66,0.45,3.97
corrupted/saveas/text/New_Care_Models_Aging_Society(saveas)_stream_zlib.pdf,saveas,214393,19085,12928,7/0,,12925,3,7/0,True,0,0,False,False,True,269,1,True,1,True,True,True,1,True,1,True,False,,,,0.94,0.29,4.12
corrupted/saveas/text/New_Care_Models_Aging_Society(saveas)_stream_zlib.pdf,saveas,292922,704,67,8/0,,700,-633,8/0,False,1,4,True,False,True,264,1,True,1,True,True,True,1,True,1,True,True,1,True,1,0.04,0.01,0.8
corrupted/saveas/text/Next_Decade_Space_Exploration(saveas)_stream_zlib.pdf,saveas,28381,3411,1353,8/0,,3407,-2054,8/0,False,0,0,False,False,False,260,0,False,0,False,False,False,1,True,1,True,False,,,,0.21,0.04,0.51
corrupted/saveas/text/Next_Decade_Space_Exploration(saveas)_stream_zlib.pdf,saveas,60520,7235,5634,8/0,,5634,0,8/0,True,0,0,False,False,True,269,1,True,1,True,True,True,1,True,1,True,False,,,,0.35,0.15,1.1
corrupted/saveas/text/Next_Decade_Space_Exploration(saveas)_stream_zlib.pdf,saveas,100512,10187,5556,7/0,,5594,-38,7/0,True,0,0,False,False,True,269,1,True,1,True,True,True,1,True,1,True,False,,,,0.53,0.19,2.27
corrupted/saveas/text/Next_Decade_Space_Exploration(saveas)_stream_zlib.pdf,saveas,297796,638,375,8/0,distance too far back,374,1,8/0,True,0,0,False,False,True,269,1,True,1,True,True,True,1,True,1,True,True,1,True,1,0.03,0.0,0.3
corrupted/saveas/text/Next_Decade_Space_Exploration(saveas)_stream_zlib.pdf,saveas,353144,323,134,8/0,,319,-185,8/0,True,0,0,False,False,True,260,1,True,1,True,True,True,1,True,1,True,True,1,True,1,0.02,0.01,0.2
corrupted/saveas/text/Next_Decade_Space_Exploration(saveas)_stream_zlib.pdf,saveas,406780,7462,1553,7/0,,1554,-1,7/0,True,0,0,False,False,True,269,1,True,1,True,True,True,1,True,1,True,False,,,,0.36,0.11,2.93
corrupted/saveas/text/OceanQuest_Modular_Water_Leisure_Equipment_Guide(saveas)_stream_zlib.pdf,saveas,19965,2742,1236,8/0,,1236,0,8/0,True,0,0,False,False,True,269,1,True,1,True,True,True,1,True,1,True,False,,,,0.13,0.03,0.82
corrupted/saveas/text/OceanQuest_Modular_Water_Leisure_Equipment_Guide(saveas)_stream_zlib.pdf,saveas,77562,25892,11510,7/0,,11579,-69,7/0,True,0,0,False,False,True,269,1,True,1,True,True,True,1,True,1,True,False,,,,1.55,0.46,9.5
corrupted/saveas/text/OceanQuest_Modular_Water_Leisure_Equipment_Guide(saveas)_stream_zlib.pdf,saveas,197852,4445,1453,8/0,,4441,-2988,8/0,False,0,0,False,False,False,260,0,False,0,False,False,False,1,True,1,True,False,,,,0.26,0.08,0.58
corrupted/saveas/text/OceanQuest_Modular_Water_Leisure_Equipment_Guide(saveas)_stream_zlib.pdf,saveas,227550,5304,1139,7/0,,1139,0,7/0,True,0,0,False,False,True,269,1,True,1,True,True,True,1,True,1,True,False,,,,0.29,0.09,2.17
corrupted/saveas/text/PetPal_Smart_PetCare_Products(saveas)_stream_zlib.pdf,saveas,60150,6006,128,7/0,distance too far back,6002,-5874,8/0,False,0,0,False,False,False,260,0,False,0,False,False,False,1,True,1,True,False,,,,0.01,0.0,0.05
corrupted/saveas/text/PetPal_Smart_PetCare_Products(saveas)_stream_zlib.pdf,saveas,100895,18204,8401,7/0,,18200,-9799,7/0,False,1,4,True,False,True,264,1,True,1,True,True,True,1,True,1,True,False,,,,0.97,0.33,1.65
corrupted/saveas/text/PetPal_Smart_PetCare_Products(saveas)_stream_zlib.pdf,saveas,193800,1121,849,8/0,,853,-4,8/0,True,0,0,False,False,True,269,1,True,1,True,True,True,1,True,1,True,True,1,True,1,0.07,0.02,2.12
corrupted/saveas/text/PetPal_Smart_PetCare_Products(saveas)_stream_zlib.pdf,saveas,284410,9292,7034,7/0,,9288,-2254,7/0,False,0,0,False,False,False,260,0,False,0,False,False,False,1,True,1,True,False,,,,0.56,0.15,0.62
corrupted/saveas/text/PetPal_Smart_PetCare_Products(saveas)_stream_zlib.pdf,saveas,366803,657,57,8/0,distance too far back,2,55,8/0,False,0,0,False,False,False,13,0,False,0,False,False,False,1,True,1,True,True,1,True,1,0.0,0.0,0.03
corrupted/saveas/text/Quantum_Computing_Race(saveas)_stream_zlib.pdf,saveas,616,3037,2375,8/0,,2377,-2,8/0,True,0,0,False,False,True,269,1,True,1,True,True,True,1,True,1,True,False,,,,0.17,0.03,0.82
corrupted/saveas/text/Quantum_Computing_Race(saveas)_stream_zlib.pdf,saveas,72605,25892,18574,7/0,,18627,-53,7/0,True,0,0,False,False,True,269,1,True,1,True,True,True,1,True,1,True,False,,,,2.13,0.62,6.39
corrupted/saveas/text/Quantum_Computing_Race(saveas)_stream_zlib.pdf,saveas,121882,425,246,8/0,,247,-1,8/0,True,0,0,False,False,True,258,1,True,1,True,True,True,1,True,1,True,True,1,True,1,0.02,0.01,0.65
corrupted/saveas/text/Quantum_Computing_Race(saveas)_stream_zlib.pdf,saveas,211230,421,58,8/0,,135,-77,8/0,True,0,0,False,False,True,146,1,True,1,True,True,True,1,True,1,True,True,1,True,1,0.02,0.01,0.36
corrupted/saveas/text/Quantum_Computing_Race(saveas)_stream_zlib.pdf,saveas,284307,3108,2346,8/0,,2406,-60,8/0,True,0,0,False,False,True,269,1,True,1,True,True,True,1,True,1,True,False,,,,0.23,0.09,0.85
corrupted/saveas/text/Quantum_Computing_Race(saveas)_stream_zlib.pdf,saveas,319533,22998,20633,7/0,,20646,-13,7/0,True,0,0,False,False,True,269,1,True,1,True,True,True,1,True,1,True,False,,,,1.68,0.41,2.52
corrupted/saveas/text/Quantum_Computing_Race(saveas)_stream_zlib.pdf,saveas,378070,2994,2418,7/0,,2418,0,8/0,True,0,0,False,False,True,269,1,True,1,True,True,True,1,True,1,True,False,,,,0.22,0.11,1.26
corrupted/saveas/text/Robots_Automation_Future_Work(saveas)_stream_zlib.pdf,saveas,125448,346,332,8/0,,342,-10,8/0,True,0,0,False,False,True,260,1,True,1,True,True,True,1,True,1,True,True,1,True,1,0.05,0.02,0.5
corrupted/saveas/text/Robots_Automation_Future_Work(saveas)_stream_zlib.pdf,saveas,303138,8284,2984,7/0,,8280,-5296,7/0,False,0,0,False,False,False,260,0,False,0,False,False,False,1,True,1,True,False,,,,0.49,0.18,1.45
corrupted/saveas/text/Robots_Automation_Future_Work(saveas)_stream_zlib.pdf,saveas,370356,11701,8135,7/0,,8174,-39,7/0,True,0,0,False,False,True,269,1,True,1,True,True,True,1,True,1,True,False,,,,1.01,0.24,3.27
corrupted/saveas/text/Security_Breach_Investigation_Report(saveas)_stream_zlib.pdf,saveas,627,3931,496,8/0,,507,-11,8/0,True,0,0,False,False,True,269,1,True,1,True,True,True,1,True,1,True,False,,,,0.22,0.05,1.47
corrupted/saveas/text/Security_Breach_Investigation_Report(saveas)_stream_zlib.pdf,saveas,72246,225,193,8/0,distance too far back,221,-28,8/0,True,0,0,False,False,True,223,1,True,1,True,True,True,1,True,1,True,True,1,True,1,0.01,0.0,0.15
corrupted/saveas/text/Security_Breach_Investigation_Report(saveas)_stream_zlib.pdf,saveas,114720,19382,4341,7/0,,4350,-9,6/0,True,0,0,False,False,True,269,1,True,1,True,True,True,1,True,1,True,False,,,,1.99,0.5,20.93
corrupted/saveas/text/Security_Breach_Investigation_Report(saveas)_stream_zlib.pdf,saveas,237859,393,44,8/0,,2,42,8/0,False,0,0,False,False,False,13,0,False,0,False,False,False,1,True,1,True,True,1,True,1,0.0,0.0,0.03
corrupted/saveas/text/Security_Breach_Investigation_Report(saveas)_stream_zlib.pdf,saveas,299884,225,90,8/0,,2,88,8/0,False,0,0,False,False,False,13,0,False,0,False,False,False,1,True,1,True,True,1,True,1,0.0,0.01,0.08
corrupted/saveas/text/Security_Breach_Investigation_Report(saveas)_stream_zlib.pdf,saveas,320282,10439,3155,7/0,,4843,-1688,7/0,False,0,0,False,False,False,269,0,False,0,False,False,False,1,True,1,True,False,,,,0.77,0.21,6.77
corrupted/saveas/text/Security_Breach_Investigation_Report(saveas)_stream_zlib.pdf,saveas,387699,13634,1059,7/0,distance too far back,1204,-145,4/0,True,0,0,False,False,True,269,1,True,1,True,True,True,1,True,1,True,False,,,,0.29,0.07,2.06
corrupted/saveas/text/SkyGarden_Indoor_Vertical_Garden_Solutions(saveas)_stream_zlib.pdf,saveas,653,2928,1755,8/0,,1756,-1,8/0,True,0,0,False,False,True,269,1,True,1,True,True,True,1,True,1,True,False,,,,0.25,0.07,1.27
corrupted/saveas/text/SkyGarden_Indoor_Vertical_Garden_Solutions(saveas)_stream_zlib.pdf,saveas,50528,6187,4067,7/0,distance too far back,4067,0,8/0,True,0,0,False,False,True,269,1,True,1,True,True,True,1,True,1,True,False,,,,0.28,0.01,0.53
corrupted/saveas/text/SkyGarden_Indoor_Vertical_Garden_Solutions(saveas)_stream_zlib.pdf,saveas,137506,226,17,8/0,distance too far back,2,15,8/0,False,0,0,False,False,False,13,0,False,0,False,False,False,1,True,1,True,True,1,True,1,0.0,0.0,0.03
corrupted/saveas/text/SkyGarden_Indoor_Vertical_Garden_Solutions(saveas)_stream_zlib.pdf,saveas,231080,28574,14828,7/0,,14834,-6,7/0,True,0,0,False,False,True,269,1,True,1,True,True,True,1,True,1,True,False,,,,1.81,0.57,18.43
corrupted/saveas/text/SkyGarden_Indoor_Vertical_Garden_Solutions(saveas)_stream_zlib.pdf,saveas,310804,23867,10951,7/0,,10966,-15,7/0,True,0,0,False,False,True,269,1,True,1,True,True,True,1,True,1,True,False,,,,1.55,0.35,15.68
corrupted/saveas/text/SkyGarden_Indoor_Vertical_Garden_Solutions(saveas)_stream_zlib.pdf,saveas,360717,10624,369,7/0,,647,-278,5/0,False,0,0,False,False,False,269,0,False,0,False,False,False,1,True,1,True,False,,,,1.07,0.26,9.26
corrupted/saveas/text/SkyGarden_Indoor_Vertical_Garden_Solutions(saveas)_stream_zlib.pdf,saveas,382942,23360,7019,7/0,,7120,-101,7/0,True,0,0,False,False,True,269,1,True,1,True,True,True,1,True,1,True,False,,,,1.89,0.37,16.53
corrupted/saveas/text/Sustainable_Fashion_Innovation(saveas)_stream_zlib.pdf,saveas,30893,3757,3252,8/0,,3252,0,8/0,True,0,0,False,False,True,269,1,True,1,True,True,True,1,True,1,True,False,,,,0.18,0.03,0.53
corrupted/saveas/text/Sustainable_Fashion_Innovation(saveas)_stream_zlib.pdf,saveas,60139,6690,1606,7/0,distance too far back,1604,2,8/0,True,0,0,False,False,True,269,1,True,1,True,True,True,1,True,1,True,False,,,,0.07,0.0,0.22
corrupted/saveas/text/Sustainable_Fashion_Innovation(saveas)_stream_zlib.pdf,saveas,131162,15376,15355,7/0,,15354,1,7/0,True,0,0,False,False,True,269,1,True,1,True,True,True,1,True,1,True,False,,,,0.83,0.33,0.31
corrupted/saveas/text/Sustainable_Fashion_Innovation(saveas)_stream_zlib.pdf,saveas,291520,450,243,8/0,,249,-6,8/0,True,0,0,False,False,True,260,1,True,1,True,True,True,1,True,1,True,True,1,True,1,0.03,0.01,0.42
corrupted/saveas/text/Sustainable_Fashion_Innovation(saveas)_stream_zlib.pdf,saveas,342972,3075,1020,7/0,,1017,3,8/0,True,0,0,False,False,True,269,1,True,1,True,True,True,1,True,1,True,False,,,,0.17,0.04,2.14
corrupted/saveas/text/UrbanRide_Electric_Bike_Scooter_Series(saveas)_stream_zlib.pdf,saveas,61174,6328,678,7/0,distance too far back,6324,-5646,8/0,False,0,0,False,False,False,260,0,False,0,False,False,False,1,True,1,True,False,,,,0.05,0.0,0.12
corrupted/saveas/text/UrbanRide_Electric_Bike_Scooter_Series(saveas)_stream_zlib.pdf,saveas,106033,6033,2461,8/0,,2491,-30,8/0,True,0,0,False,False,True,269,1,True,1,True,True,True,1,True,1,True,False,,,,0.32,0.11,2.72
corrupted/saveas/text/UrbanRide_Electric_Bike_Scooter_Series(saveas)_stream_zlib.pdf,saveas,181169,28001,20786,7/0,,20805,-19,7/0,True,0,0,False,False,True,269,1,True,1,True,True,True,1,True,1,True,False,,,,1.98,0.54,7.42
corrupted/saveas/text/UrbanRide_Electric_Bike_Scooter_Series(saveas)_stream_zlib.pdf,saveas,303922,9349,8278,7/0,,8280,-2,7/0,True,0,0,False,False,True,269,1,True,1,True,True,True,1,True,1,True,False,,,,0.53,0.18,1.07
corrupted/saveas/text/UrbanRide_Electric_Bike_Scooter_Series(saveas)_stream_zlib.pdf,saveas,323834,13068,1570,7/0,,1746,-176,5/0,True,0,0,False,False,True,269,1,True,1,True,True,True,1,True,1,True,False,,,,0.78,0.46,10.62
corrupted/saveas/text/UrbanRide_Electric_Bike_Scooter_Series(saveas)_stream_zlib.pdf,saveas,391698,3152,360,7/0,distance too far back,3148,-2788,8/0,False,0,0,False,False,False,260,0,False,0,False,False,False,1,True,1,True,False,,,,0.05,0.0,0.08
corrupted/saveas/text/Urban_Fine_Particulate_Matter(saveas)_stream_zlib.pdf,saveas,63419,16884,8621,7/0,,16880,-8259,7/0,False,1,4,False,False,False,264,0,False,0,False,False,False,1,True,1,True,False,,,,1.63,0.3,3.0
corrupted/saveas/text/Urban_Fine_Particulate_Matter(saveas)_stream_zlib.pdf,saveas,127652,15423,475,7/0,distance too far back,146,329,2/1,False,0,0,False,False,False,157,0,False,0,False,False,False,1,True,1,True,False,,,,0.03,0.0,0.51
corrupted/saveas/text/Urban_Fine_Particulate_Matter(saveas)_stream_zlib.pdf,saveas,276337,10871,10573,7/0,,10576,-3,7/0,True,0,0,False,False,True,269,1,True,1,True,True,True,1,True,1,True,False,,,,0.83,0.37,0.62
corrupted/saveas/text/Urban_Fine_Particulate_Matter(saveas)_stream_zlib.pdf,saveas,331111,9682,3718,7/0,,3727,-9,7/0,True,0,0,False,False,True,269,1,True,1,True,True,True,1,True,1,True,False,,,,0.78,0.23,5.65
corrupted/saveas/text/Urban_Fine_Particulate_Matter(saveas)_stream_zlib.pdf,saveas,419954,2858,2631,7/0,,2628,3,8/0,True,0,0,False,False,True,269,1,True,1,True,True,True,1,True,1,True,False,,,,0.28,0.07,0.54
corrupted/saveas/text/ai_ethics_responsible_use_guidelines_multilang(saveas)_stream_zlib.pdf,saveas,66586,7503,395,8/0,,400,-5,8/0,True,0,0,False,False,True,269,1,True,1,True,True,True,1,True,1,True,False,,,,0.52,0.19,3.99
corrupted/saveas/text/ai_ethics_responsible_use_guidelines_multilang(saveas)_stream_zlib.pdf,saveas,112906,19928,12781,7/0,,12797,-16,7/0,True,0,0,False,False,True,269,1,True,1,True,True,True,1,True,1,True,False,,,,1.41,0.48,5.27
corrupted/saveas/text/ai_ethics_responsible_use_guidelines_multilang(saveas)_stream_zlib.pdf,saveas,259165,26858,14481,7/0,,14597,-116,7/0,True,0,0,False,False,True,269,1,True,1,True,True,True,1,True,1,True,False,,,,2.16,0.56,12.66
corrupted/saveas/text/ai_ethics_responsible_use_guidelines_multilang(saveas)_stream_zlib.pdf,saveas,308027,335,25,8/0,distance too far back,2,23,8/0,False,0,0,False,False,False,13,0,False,0,False,False,False,1,True,1,True,True,1,True,1,0.0,0.0,0.04
corrupted/saveas/text/ai_ethics_responsible_use_guidelines_multilang(saveas)_stream_zlib.pdf,saveas,349710,433,265,8/0,,280,-15,8/0,True,0,0,False,False,True,269,1,True,1,True,True,True,1,True,1,True,True,1,True,1,0.03,0.01,0.41
corrupted/saveas/text/climate_crisis_preparedness_community_action_guidelines_multilang(saveas)_stream_zlib.pdf,saveas,24385,3259,111,8/0,distance too far back,2,109,8/0,False,0,0,False,False,False,13,0,False,0,False,False,False,1,True,1,True,False,,,,0.0,0.0,0.04
corrupted/saveas/text/climate_crisis_preparedness_community_action_guidelines_multilang(saveas)_stream_zlib.pdf,saveas,64300,4610,3895,7/0,,3893,2,8/0,True,0,0,False,False,True,269,2,True,1,True,False,True,1,True,1,True,False,,,,0.35,0.05,0.94
corrupted/saveas/text/climate_crisis_preparedness_community_action_guidelines_multilang(saveas)_stream_zlib.pdf,saveas,105720,25892,2218,7/0,,2223,-5,8/0,True,0,0,False,False,True,269,1,True,1,True,True,True,1,True,1,True,False,,,,2.01,0.54,25.79
corrupted/saveas/text/climate_crisis_preparedness_community_action_guidelines_multilang(saveas)_stream_zlib.pdf,saveas,222390,8624,1911,8/0,,1910,1,8/0,True,0,0,False,False,True,269,1,True,1,True,True,True,1,True,1,True,False,,,,0.53,0.19,5.78
corrupted/saveas/text/climate_crisis_preparedness_community_action_guidelines_multilang(saveas)_stream_zlib.pdf,saveas,253789,12281,933,7/0,,941,-8,4/0,True,0,0,False,False,True,269,1,True,1,True,True,True,1,True,1,True,False,,,,0.91,0.26,6.33
corrupted/saveas/text/climate_crisis_preparedness_community_action_guidelines_multilang(saveas)_stream_zlib.pdf,saveas,307441,9258,6905,8/0,,6911,-6,8/0,True,0,0,False,False,True,269,1,True,1,True,True,True,1,True,1,True,False,,,,0.72,0.2,1.6
corrupted/saveas/text/climate_crisis_preparedness_community_action_guidelines_multilang(saveas)_stream_zlib.pdf,saveas,330870,9143,8843,8/0,,9139,-296,8/0,False,0,0,False,False,False,260,0,False,0,False,False,False,1,True,1,True,False,,,,0.57,0.16,0.3
corrupted/saveas/text/confidential_doc_leak_collusion_investigation(saveas)_stream_zlib.pdf,saveas,56985,225,201,8/0,,205,-4,8/0,True,0,0,False,False,True,216,1,True,1,True,True,True,1,True,1,True,True,1,True,1,0.01,0.0,0.15
corrupted/saveas/text/confidential_doc_leak_collusion_investigation(saveas)_stream_zlib.pdf,saveas,139377,749,323,8/0,,328,-5,8/0,True,0,0,False,False,True,269,1,True,1,True,True,True,1,True,1,True,True,1,True,1,0.04,0.01,0.82
corrupted/saveas/text/confidential_doc_leak_collusion_investigation(saveas)_stream_zlib.pdf,saveas,205086,626,297,8/0,,310,-13,8/0,True,0,0,False,False,True,269,1,True,1,True,True,True,1,True,1,True,True,1,True,1,0.03,0.01,0.57
corrupted/saveas/text/confidential_doc_leak_collusion_investigation(saveas)_stream_zlib.pdf,saveas,246382,392,359,8/0,,368,-9,8/0,True,1,4,False,False,True,272,1,True,1,True,True,True,1,True,1,True,True,1,True,1,0.02,0.01,0.31
corrupted/saveas/text/confidential_doc_leak_collusion_investigation(saveas)_stream_zlib.pdf,saveas,254341,13103,5338,7/0,,5439,-101,7/0,True,0,0,False,False,True,269,1,True,1,True,True,True,1,True,1,True,False,,,,0.65,0.21,4.44
corrupted/saveas/text/confidential_doc_leak_collusion_investigation(saveas)_stream_zlib.pdf,saveas,288568,620,68,8/0,distance too far back,2,66,8/0,False,0,0,False,False,False,13,0,False,0,False,False,False,1,True,1,True,True,1,True,1,0.0,0.0,0.03
corrupted/saveas/text/digital_data_security_guidelines(saveas)_stream_zlib.pdf,saveas,606,3124,847,8/0,distance too far back,3120,-2273,8/0,False,0,0,False,False,False,260,0,False,0,False,False,False,1,True,1,True,False,,,,0.04,0.01,0.04
corrupted/saveas/text/digital_data_security_guidelines(saveas)_stream_zlib.pdf,saveas,28017,3468,1337,8/0,distance too far back,1338,-1,8/0,True,0,0,False,False,True,269,1,True,1,True,True,True,1,True,1,True,False,,,,0.07,0.0,0.32
corrupted/saveas/text/digital_data_security_guidelines(saveas)_stream_zlib.pdf,saveas,115879,8571,3724,8/0,,3739,-15,8/0,True,0,0,False,False,True,269,1,True,1,True,True,True,1,True,1,True,False,,,,0.58,0.18,3.52
corrupted/saveas/text/digital_data_security_guidelines(saveas)_stream_zlib.pdf,saveas,262002,27120,3064,7/0,,27116,-24052,7/0,False,1,4,True,False,True,264,1,True,1,True,True,True,1,True,1,True,False,,,,1.37,0.39,7.73
corrupted/saveas/text/digital_data_security_guidelines(saveas)_stream_zlib.pdf,saveas,340086,12555,3319,7/0,,3317,2,7/0,True,0,0,False,False,True,269,1,True,1,True,True,True,1,True,1,True,False,,,,0.59,0.17,12.07
corrupted/saveas/text/digital_data_security_guidelines(saveas)_stream_zlib.pdf,saveas,370205,16680,16633,7/0,,16632,1,7/0,True,1,4,True,False,True,269,1,True,1,True,True,True,1,True,1,True,False,,,,1.81,0.37,0.38
corrupted/saveas/text/educational_technology_elearning_safety_guidelines_multilang(saveas)_stream_zlib.pdf,saveas,57940,4518,2977,8/0,,2975,2,8/0,True,0,0,False,False,True,269,1,True,1,True,True,True,1,True,1,True,False,,,,0.37,0.07,2.85
corrupted/saveas/text/educational_technology_elearning_safety_guidelines_multilang(saveas)_stream_zlib.pdf,saveas,99570,317,219,8/0,,231,-12,8/0,True,0,0,False,False,True,242,1,True,1,True,True,True,1,True,1,True,True,1,True,1,0.06,0.02,0.36
corrupted/saveas/text/educational_technology_elearning_safety_guidelines_multilang(saveas)_stream_zlib.pdf,saveas,338949,3749,3265,7/0,,3745,-480,7/0,False,0,0,False,False,False,260,0,False,0,False,False,False,1,True,1,True,False,,,,0.16,0.07,0.42
corrupted/saveas/text/educational_technology_elearning_safety_guidelines_multilang(saveas)_stream_zlib.pdf,saveas,374987,24276,14312,7/0,,14317,-5,7/0,True,0,0,False,False,True,269,1,True,1,True,True,True,1,True,1,True,False,,,,1.97,0.67,10.23
corrupted/saveas/text/global_cloud_datacenter_cooling_failure_report(saveas)_stream_zlib.pdf,saveas,160047,717,684,8/0,,702,-18,8/0,True,0,0,False,False,True,269,1,True,1,True,True,True,1,True,1,True,True,1,True,1,0.04,0.01,0.95
corrupted/saveas/text/global_cloud_datacenter_cooling_failure_report(saveas)_stream_zlib.pdf,saveas,269942,2907,1929,8/0,,2903,-974,8/0,False,0,0,False,False,False,260,0,False,0,False,False,False,1,True,1,True,False,,,,0.19,0.09,0.65
corrupted/saveas/text/global_cloud_datacenter_cooling_failure_report(saveas)_stream_zlib.pdf,saveas,329007,16783,8952,7/0,,16779,-7827,7/0,False,1,4,True,False,True,264,1,True,1,True,True,True,1,True,1,True,False,,,,1.12,0.37,1.85
corrupted/saveas/text/green_energy_sustainable_living_guidelines_multilang(saveas)_stream_zlib.pdf,saveas,26167,3394,2942,8/0,,2940,2,8/0,True,0,0,False,False,True,269,1,True,1,True,True,True,1,True,1,True,False,,,,0.21,0.06,0.78
corrupted/saveas/text/green_energy_sustainable_living_guidelines_multilang(saveas)_stream_zlib.pdf,saveas,53781,5819,2127,7/0,,2132,-5,8/0,True,0,0,False,False,True,269,1,True,1,True,True,True,1,True,1,True,False,,,,0.45,0.09,3.75
corrupted/saveas/text/green_energy_sustainable_living_guidelines_multilang(saveas)_stream_zlib.pdf,saveas,118083,10020,6722,7/0,,6723,-1,8/0,True,0,0,False,False,True,269,1,True,1,True,True,True,1,True,1,True,False,,,,0.76,0.17,2.62
corrupted/saveas/text/green_energy_sustainable_living_guidelines_multilang(saveas)_stream_zlib.pdf,saveas,228738,630,33,8/0,distance too far back,2,31,8/0,False,0,0,False,False,False,13,0,False,0,False,False,False,1,True,1,True,True,1,True,1,0.0,0.0,0.04
corrupted/saveas/text/green_energy_sustainable_living_guidelines_multilang(saveas)_stream_zlib.pdf,saveas,277476,4188,1564,8/0,,1564,0,8/0,True,0,0,False,False,True,269,1,True,1,True,True,True,1,True,1,True,False,,,,0.28,0.09,1.92
corrupted/saveas/text/green_energy_sustainable_living_guidelines_multilang(saveas)_stream_zlib.pdf,saveas,298477,11532,9307,7/0,,9344,-37,7/0,True,0,0,False,False,True,269,1,True,1,True,True,True,1,True,1,True,False,,,,0.86,0.25,2.42
corrupted/saveas/text/health_wellbeing_digital_age_guidelines_multilang(saveas)_stream_zlib.pdf,saveas,65252,16549,3485,7/0,,16545,-13060,7/0,False,1,4,True,False,True,264,1,True,1,True,True,True,1,True,1,True,False,,,,0.96,0.25,5.02
corrupted/saveas/text/health_wellbeing_digital_age_guidelines_multilang(saveas)_stream_zlib.pdf,saveas,167296,4158,2711,8/0,,2813,-102,8/0,True,0,0,False,False,True,269,1,True,1,True,True,True,1,True,1,True,False,,,,0.43,0.13,1.62
corrupted/saveas/text/health_wellbeing_digital_age_guidelines_multilang(saveas)_stream_zlib.pdf,saveas,205191,337,116,8/0,,158,-42,8/0,True,0,0,False,False,True,169,1,True,1,True,True,True,1,True,1,True,True,1,True,1,0.03,0.02,0.41
corrupted/saveas/text/illegal_item_trading_money_laundering_in_games(saveas)_stream_zlib.pdf,saveas,643,2504,957,8/0,distance too far back,959,-2,8/0,True,0,0,False,False,True,269,1,True,1,True,True,True,1,True,1,True,False,,,,0.12,0.0,0.9
corrupted/saveas/text/illegal_item_trading_money_laundering_in_games(saveas)_stream_zlib.pdf,saveas,58274,227,66,8/0,distance too far back,2,64,8/0,False,0,0,False,False,False,13,0,False,0,False,False,False,1,True,1,True,True,1,True,1,0.0,0.0,0.05
corrupted/saveas/text/illegal_item_trading_money_laundering_in_games(saveas)_stream_zlib.pdf,saveas,94028,19727,8835,7/0,,8866,-31,7/0,True,0,0,False,False,True,269,1,True,1,True,True,True,1,True,1,True,False,,,,1.31,0.46,14.55
corrupted/saveas/text/illegal_item_trading_money_laundering_in_games(saveas)_stream_zlib.pdf,saveas,214357,13479,7067,7/0,,7088,-21,7/0,True,0,0,False,False,True,269,1,True,1,True,True,True,1,True,1,True,False,,,,1.29,0.4,6.67
corrupted/saveas/text/illegal_item_trading_money_laundering_in_games(saveas)_stream_zlib.pdf,saveas,328590,14889,6964,7/0,,7018,-54,7/0,True,0,0,False,False,True,269,1,True,1,True,True,True,1,True,1,True,False,,,,0.97,0.25,4.77
corrupted/saveas/text/illegal_item_trading_money_laundering_in_games(saveas)_stream_zlib.pdf,saveas,361938,13306,5249,7/0,,13302,-8053,7/0,False,1,4,True,False,True,264,1,True,1,True,True,True,1,True,1,True,False,,,,1.34,0.57,1.97
corrupted/saveas/text/messenger_app_data_misuse_investigation(saveas)_stream_zlib.pdf,saveas,27259,3940,1124,8/0,,1122,2,8/0,True,0,0,False,False,True,269,1,True,1,True,True,True,1,True,1,True,False,,,,0.43,0.09,2.48
corrupted/saveas/text/messenger_app_data_misuse_investigation(saveas)_stream_zlib.pdf,saveas,53520,20425,431,7/0,distance too far back,126,305,2/1,False,0,0,False,False,False,137,0,False,0,False,False,False,1,True,1,True,False,,,,0.02,0.0,0.33
corrupted/saveas/text/messenger_app_data_misuse_investigation(saveas)_stream_zlib.pdf,saveas,183385,4488,999,8/0,,4484,-3485,8/0,False,1,4,True,False,True,264,1,True,1,True,True,True,1,True,1,True,False,,,,0.26,0.08,1.07
corrupted/saveas/text/open_source_software_contribution_guidelines_multilang(saveas)_stream_zlib.pdf,saveas,616,3723,890,8/0,,898,-8,8/0,True,0,0,False,False,True,269,1,True,1,True,True,True,1,True,1,True,False,,,,0.21,0.04,1.73
corrupted/saveas/text/open_source_software_contribution_guidelines_multilang(saveas)_stream_zlib.pdf,saveas,77061,25892,13173,7/0,,13189,-16,7/0,True,0,0,False,False,True,269,1,True,1,True,True,True,1,True,1,True,False,,,,1.78,0.7,10.31
corrupted/saveas/text/open_source_software_contribution_guidelines_multilang(saveas)_stream_zlib.pdf,saveas,192482,22998,16536,7/0,,16543,-7,7/0,True,0,0,False,False,True,269,1,True,1,True,True,True,1,True,1,True,False,,,,1.61,0.54,6.2
corrupted/saveas/text/open_source_software_contribution_guidelines_multilang(saveas)_stream_zlib.pdf,saveas,249645,7715,730,7/0,,731,-1,8/0,True,0,0,False,False,True,269,1,True,1,True,True,True,1,True,1,True,False,,,,0.43,0.13,4.12
corrupted/saveas/text/open_source_software_contribution_guidelines_multilang(saveas)_stream_zlib.pdf,saveas,284537,328,221,8/0,,324,-103,8/0,True,0,0,False,False,True,260,1,True,1,True,True,True,1,True,1,True,True,1,True,1,0.02,0.01,0.33
corrupted/saveas/text/open_source_software_contribution_guidelines_multilang(saveas)_stream_zlib.pdf,saveas,340224,3286,2859,7/0,,2856,3,8/0,True,0,0,False,False,True,269,1,True,1,True,True,True,1,True,1,True,False,,,,0.32,0.05,0.74
corrupted/saveas/text/personal_finance_cyber_fraud_prevention_guidelines_multilang(saveas)_stream_zlib.pdf,saveas,23297,3315,2989,8/0,,2992,-3,8/0,True,0,0,False,False,True,269,1,True,1,True,True,True,1,True,1,True,False,,,,0.24,0.05,0.56
corrupted/saveas/text/personal_finance_cyber_fraud_prevention_guidelines_multilang(saveas)_stream_zlib.pdf,saveas,61099,4453,3746,7/0,,4449,-703,7/0,False,0,0,False,False,False,260,0,False,0,False,False,False,1,True,1,True,False,,,,0.3,0.05,0.61
corrupted/saveas/text/personal_finance_cyber_fraud_prevention_guidelines_multilang(saveas)_stream_zlib.pdf,saveas,110349,312,281,8/0,,299,-18,8/0,True,0,0,False,False,True,269,1,True,1,True,True,True,1,True,1,True,True,1,True,1,0.02,0.01,0.27
corrupted/saveas/text/personal_finance_cyber_fraud_prevention_guidelines_multilang(saveas)_stream_zlib.pdf,saveas,233031,684,147,8/0,,182,-35,8/0,True,0,0,False,False,True,193,1,True,1,True,True,True,1,True,1,True,True,1,True,1,0.07,0.03,0.9
corrupted/saveas/text/personal_finance_cyber_fraud_prevention_guidelines_multilang(saveas)_stream_zlib.pdf,saveas,285941,410,61,8/0,distance too far back,2,59,8/0,False,0,0,False,False,False,13,0,False,0,False,False,False,1,True,1,True,True,1,True,1,0.0,0.0,0.07
corrupted/saveas/text/personal_finance_cyber_fraud_prevention_guidelines_multilang(saveas)_stream_zlib.pdf,saveas,317480,7787,7364,7/0,,7377,-13,7/0,True,0,0,False,False,True,269,1,True,1,True,True,True,1,True,1,True,False,,,,0.39,0.11,0.41
corrupted/saveas/text/remote_work_home_office_guidelines(saveas)_stream_zlib.pdf,saveas,11102,6576,1832,8/0,distance too far back,6572,-4740,8/0,False,0,0,False,False,False,260,0,False,0,False,False,False,1,True,1,True,False,,,,0.13,0.0,0.1
corrupted/saveas/text/remote_work_home_office_guidelines(saveas)_stream_zlib.pdf,saveas,109282,11991,9082,7/0,,11987,-2905,7/0,False,0,0,False,False,False,260,0,False,0,False,False,False,1,True,1,True,False,,,,0.53,0.2,0.55
corrupted/saveas/text/remote_work_home_office_guidelines(saveas)_stream_zlib.pdf,saveas,242577,328,74,8/0,distance too far back,2,72,8/0,False,0,0,False,False,False,13,0,False,0,False,False,False,1,True,1,True,True,1,True,1,0.0,0.0,0.03
corrupted/saveas/text/remote_work_home_office_guidelines(saveas)_stream_zlib.pdf,saveas,285107,8025,2580,7/0,,3691,-1111,8/0,False,0,0,False,False,False,269,0,False,0,False,False,False,1,True,1,True,False,,,,0.44,0.12,2.98
corrupted/saveas/text/remote_work_home_office_guidelines(saveas)_stream_zlib.pdf,saveas,320807,341,103,8/0,,103,0,8/0,True,0,0,False,False,True,114,1,True,1,True,True,True,1,True,1,True,True,1,True,1,0.02,0.01,0.25
corrupted/saveas/text/remote_work_home_office_guidelines(saveas)_stream_zlib.pdf,saveas,342978,697,596,8/0,,593,3,8/0,True,0,0,False,False,True,269,1,True,1,True,True,True,1,True,1,True,True,1,True,1,0.04,0.01,0.62
corrupted/saveas/text/smart_city_data_privacy_guidelines_multilang(saveas)_stream_zlib.pdf,saveas,32246,7658,1922,7/0,,1926,-4,8/0,True,0,0,False,False,True,269,1,True,1,True,True,True,1,True,1,True,False,,,,0.42,0.08,3.75
corrupted/saveas/text/smart_city_data_privacy_guidelines_multilang(saveas)_stream_zlib.pdf,saveas,90810,335,36,8/0,distance too far back,2,34,8/0,False,0,0,False,False,False,13,0,False,0,False,False,False,1,True,1,True,True,1,True,1,0.0,0.0,0.03
corrupted/saveas/text/smart_city_data_privacy_guidelines_multilang(saveas)_stream_zlib.pdf,saveas,132595,1341,173,8/0,,1337,-1164,8/0,False,0,0,False,False,False,260,0,False,0,False,False,False,1,True,1,True,True,1,True,1,0.08,0.02,1.89
corrupted/saveas/text/smart_city_data_privacy_guidelines_multilang(saveas)_stream_zlib.pdf,saveas,248448,704,682,8/0,,678,4,8/0,True,0,0,False,False,True,269,1,True,1,True,True,True,1,True,1,True,True,1,True,1,0.03,0.01,0.66
corrupted/saveas/text/smart_city_data_privacy_guidelines_multilang(saveas)_stream_zlib.pdf,saveas,298804,5879,5799,7/0,,5799,0,7/0,True,0,0,False,False,True,269,1,True,1,True,True,True,1,True,1,True,False,,,,0.3,0.09,0.33
corrupted/saveas/text/smart_city_data_privacy_guidelines_multilang(saveas)_stream_zlib.pdf,saveas,328792,477,160,8/0,distance too far back,473,-313,8/0,False,0,0,False,False,False,260,0,False,0,False,False,False,1,True,1,True,True,1,True,1,0.01,0.0,0.12
corrupted/saveas/text/smart_factory_robot_malfunction_analysis(saveas)_stream_zlib.pdf,saveas,17358,2576,2534,8/0,,2535,-1,8/0,True,0,0,False,False,True,269,1,True,1,True,True,True,1,True,1,True,False,,,,0.16,0.03,0.24
corrupted/saveas/text/smart_factory_robot_malfunction_analysis(saveas)_stream_zlib.pdf,saveas,107308,26080,18132,7/0,,18154,-22,7/0,True,0,0,False,False,True,269,1,True,1,True,True,True,1,True,1,True,False,,,,1.54,0.4,6.14
corrupted/saveas/text/smart_factory_robot_malfunction_analysis(saveas)_stream_zlib.pdf,saveas,201359,8300,917,7/0,,1060,-143,8/0,True,0,0,False,False,True,269,1,True,1,True,True,True,1,True,1,True,False,,,,0.44,0.12,4.83
corrupted/saveas/text/smart_factory_robot_malfunction_analysis(saveas)_stream_zlib.pdf,saveas,232244,14595,9311,7/0,out of input,9311,0,7/0,True,0,0,False,False,True,269,1,True,1,True,True,True,1,True,1,True,False,,,,0.95,0.06,3.18
corrupted/saveas/text+img/global_agriculture_food_security_climate_impact(saveas)_stream_zlib.pdf,saveas,616,3260,167,8/0,distance too far back,108,59,8/1,False,0,0,False,False,False,119,0,False,0,False,False,False,1,True,1,True,False,,,,0.01,0.0,0.11
corrupted/saveas/text+img/global_agriculture_food_security_climate_impact(saveas)_stream_zlib.pdf,saveas,45679,3512,945,6/0,distance too far back,945,0,8/0,True,0,0,False,False,True,269,1,True,1,True,True,True,1,True,1,True,False,,,,0.04,0.0,0.27
corrupted/saveas/text+img/global_agriculture_food_security_climate_impact(saveas)_stream_zlib.pdf,saveas,108359,309,201,8/0,,216,-15,8/0,True,0,0,False,False,True,227,1,True,1,True,True,True,1,True,1,True,True,1,True,1,0.03,0.01,0.25
corrupted/saveas/text+img/global_agriculture_food_security_climate_impact(saveas)_stream_zlib.pdf,saveas,252943,14015,8907,7/0,,8956,-49,7/0,True,0,0,False,False,True,269,1,True,1,True,True,True,1,True,1,True,False,,,,1.15,0.31,4.18
corrupted/saveas/text+img/global_agriculture_food_security_climate_impact(saveas)_stream_zlib.pdf,saveas,291773,8411,6611,7/0,,6613,-2,8/0,True,0,0,False,False,True,269,1,True,1,True,True,True,1,True,1,True,False,,,,0.74,0.19,1.75
corrupted/saveas/text+img/global_agriculture_food_security_climate_impact(saveas)_stream_zlib.pdf,saveas,305482,3710,2616,8/0,,2678,-62,8/0,True,0,0,False,False,True,269,1,True,1,True,True,True,1,True,1,True,False,,,,0.22,0.13,0.93
corrupted/saveas/text+img/global_ai_technology_investment_and_industry_adoption(saveas)_stream_zlib.pdf,saveas,97041,5780,3849,7/0,,3849,0,8/0,True,0,0,False,False,True,269,1,True,1,True,True,True,1,True,1,True,False,,,,0.55,0.06,2.37
corrupted/saveas/text+img/global_ai_technology_investment_and_industry_adoption(saveas)_stream_zlib.pdf,saveas,112510,25892,11451,7/0,,11710,-259,7/0,False,0,0,False,False,False,269,0,False,0,False,False,False,1,True,1,True,False,,,,2.57,0.69,11.87
corrupted/saveas/text+img/global_ai_technology_investment_and_industry_adoption(saveas)_stream_zlib.pdf,saveas,299052,22998,2222,7/0,,2222,0,8/0,True,0,0,False,False,True,269,1,True,1,True,True,True,1,True,1,True,False,,,,2.34,0.42,21.56
corrupted/saveas/text+img/global_ai_technology_investment_and_industry_adoption(saveas)_stream_zlib.pdf,saveas,356609,740,571,8/0,distance too far back,570,1,8/0,True,0,0,False,False,True,269,1,True,1,True,True,True,1,True,1,True,True,1,True,1,0.05,0.0,0.77
corrupted/saveas/text+img/global_ai_technology_investment_and_industry_adoption(saveas)_stream_zlib.pdf,saveas,417673,8792,5400,7/0,,5398,2,7/0,True,0,0,False,False,True,269,1,True,1,True,True,True,1,True,1,True,False,,,,0.52,0.21,2.61
corrupted/saveas/text+img/global_climate_change_indicators_and_ghg_emissions(saveas)_stream_zlib.pdf,saveas,21817,1987,1452,8/0,,1451,1,8/0,True,0,0,False,False,True,269,1,True,1,True,True,True,1,True,1,True,False,,,,0.1,0.03,0.67
corrupted/saveas/text+img/global_climate_change_indicators_and_ghg_emissions(saveas)_stream_zlib.pdf,saveas,334812,9493,817,7/0,,815,2,8/0,True,0,0,False,False,True,269,1,True,1,True,True,True,1,True,1,True,False,,,,0.48,0.12,2.73
corrupted/saveas/text+img/global_climate_change_indicators_and_ghg_emissions(saveas)_stream_zlib.pdf,saveas,375503,14258,14128,7/0,,14193,-65,7/0,True,0,0,False,False,True,269,1,True,1,True,True,True,1,True,1,True,False,,,,0.66,0.25,0.29
corrupted/saveas/text+img/global_climate_change_indicators_and_ghg_emissions(saveas)_stream_zlib.pdf,saveas,413881,18018,6532,7/0,,18014,-11482,7/0,False,0,0,False,False,False,260,0,False,0,False,False,False,1,True,1,True,False,,,,1.08,0.28,3.33
corrupted/saveas/text+img/global_esports_and_gaming_industry_growth(saveas)_stream_zlib.pdf,saveas,29143,8288,2158,7/0,distance too far back,8284,-6126,8/0,False,0,0,False,False,False,260,0,False,0,False,False,False,1,True,1,True,False,,,,0.11,0.01,0.08
corrupted/saveas/text+img/global_esports_and_gaming_industry_growth(saveas)_stream_zlib.pdf,saveas,155670,23022,10957,7/0,,10964,-7,7/0,True,0,0,False,False,True,269,1,True,1,True,True,True,1,True,1,True,False,,,,1.59,0.56,12.84
corrupted/saveas/text+img/global_esports_and_gaming_industry_growth(saveas)_stream_zlib.pdf,saveas,414584,6850,6099,7/0,,6099,0,7/0,True,0,0,False,False,True,269,1,True,1,True,True,True,1,True,1,True,False,,,,0.63,0.14,0.97
corrupted/saveas/text+img/global_esports_and_gaming_industry_growth(saveas)_stream_zlib.pdf,saveas,484138,6830,4572,7/0,,4636,-64,7/0,True,0,0,False,False,True,269,1,True,1,True,True,True,1,True,1,True,False,,,,0.47,0.13,1.7
corrupted/saveas/text+img/global_ev_market_growth_statistics(saveas)_stream_zlib.pdf,saveas,97034,4683,4273,8/0,,4274,-1,8/0,True,0,0,False,False,True,269,1,True,1,True,True,True,1,True,1,True,False,,,,0.31,0.05,1.07
corrupted/saveas/text+img/global_ev_market_growth_statistics(saveas)_stream_zlib.pdf,saveas,191294,344,29,8/0,too many code lengths,340,-311,8/0,False,0,0,False,False,False,260,0,False,0,False,False,False,1,True,1,True,True,1,True,1,0.0,0.0,0.02
corrupted/saveas/text+img/global_ev_market_growth_statistics(saveas)_stream_zlib.pdf,saveas,275227,16355,6922,7/0,,6923,-1,7/0,True,0,0,False,False,True,269,1,True,1,True,True,True,1,True,1,True,False,,,,1.34,0.31,7.67
corrupted/saveas/text+img/global_ev_market_growth_statistics(saveas)_stream_zlib.pdf,saveas,366796,3517,3380,7/0,,3388,-8,7/0,True,0,0,False,False,True,269,1,True,1,True,True,True,1,True,1,True,False,,,,0.21,0.07,0.3
corrupted/saveas/text+img/global_ev_market_growth_statistics(saveas)_stream_zlib.pdf,saveas,389070,15310,9043,7/0,,15306,-6263,7/0,False,1,4,True,False,True,264,1,True,1,True,True,True,1,True,1,True,False,,,,0.79,0.21,1.32
corrupted/saveas/text+img/global_healthcare_digital_health_patient_data_trends(saveas)_stream_zlib.pdf,saveas,644,3156,1048,8/0,,1049,-1,8/0,True,0,0,False,False,True,269,1,True,1,True,True,True,1,True,1,True,False,,,,0.17,0.03,0.99
corrupted/saveas/text+img/global_healthcare_digital_health_patient_data_trends(saveas)_stream_zlib.pdf,saveas,65098,131,117,8/0,,117,0,8/0,True,0,0,False,False,True,128,1,True,1,True,True,True,1,True,1,True,True,1,True,1,0.03,0.01,0.26
corrupted/saveas/text+img/global_healthcare_digital_health_patient_data_trends(saveas)_stream_zlib.pdf,saveas,84018,4518,1843,8/0,distance too far back,1841,2,8/0,True,0,0,False,False,True,269,1,True,1,True,True,True,1,True,1,True,False,,,,0.17,0.0,0.22
corrupted/saveas/text+img/global_healthcare_digital_health_patient_data_trends(saveas)_stream_zlib.pdf,saveas,102997,3879,2901,6/0,,2901,0,6/0,True,0,0,False,False,True,269,1,True,1,True,True,True,1,True,1,True,False,,,,0.25,0.07,0.79
corrupted/saveas/text+img/global_healthcare_digital_health_patient_data_trends(saveas)_stream_zlib.pdf,saveas,133287,19868,9589,7/0,,9828,-239,7/0,True,0,0,False,False,True,269,1,True,1,True,True,True,1,True,1,True,False,,,,1.33,0.28,16.15
corrupted/saveas/text+img/global_healthcare_digital_health_patient_data_trends(saveas)_stream_zlib.pdf,saveas,2797147,12258,12247,7/0,out of input,12251,-4,7/0,True,0,0,False,False,True,263,1,True,1,True,True,True,1,True,1,True,False,,,,0.9,0.04,0.29
corrupted/saveas/text+img/global_healthcare_digital_health_patient_data_trends(saveas)_stream_zlib.pdf,saveas,2972940,340,248,8/0,,254,-6,8/0,True,0,0,False,False,True,265,1,True,1,True,True,True,1,True,1,True,True,1,True,1,0.02,0.01,0.26
corrupted/saveas/text+img/global_healthcare_digital_health_patient_data_trends(saveas)_stream_zlib.pdf,saveas,3026885,24786,7223,7/0,,7234,-11,7/0,True,0,0,False,False,True,269,1,True,1,True,True,True,1,True,1,True,False,,,,1.5,0.45,26.8
corrupted/saveas/text+img/global_renewable_energy_generation_and_carbon_reduction_analysis(saveas)_stream_zlib.pdf,saveas,104157,4404,618,8/0,,619,-1,8/0,True,0,0,False,False,True,269,1,True,1,True,True,True,1,True,1,True,False,,,,0.75,0.24,2.58
corrupted/saveas/text+img/global_renewable_energy_generation_and_carbon_reduction_analysis(saveas)_stream_zlib.pdf,saveas,171309,31075,29191,7/0,,29195,-4,7/0,True,0,0,False,False,True,269,1,True,1,True,True,True,1,True,1,True,False,,,,3.73,1.19,4.82
corrupted/saveas/text+img/global_renewable_energy_generation_and_carbon_reduction_analysis(saveas)_stream_zlib.pdf,saveas,294000,620,347,8/0,,358,-11,8/0,True,0,0,False,False,True,269,1,True,1,True,True,True,1,True,1,True,True,1,True,1,0.1,0.05,1.2
corrupted/saveas/text+img/global_renewable_energy_generation_and_carbon_reduction_analysis(saveas)_stream_zlib.pdf,saveas,339603,11112,10847,7/0,,10848,-1,7/0,True,0,0,False,False,True,269,1,True,1,True,True,True,1,True,1,True,False,,,,1.28,0.63,0.85
corrupted/saveas/text+img/global_renewable_energy_generation_and_carbon_reduction_analysis(saveas)_stream_zlib.pdf,saveas,368456,451,248,8/0,,255,-7,8/0,True,0,0,False,False,True,266,1,True,1,True,True,True,1,True,1,True,True,1,True,1,0.05,0.02,0.84
corrupted/saveas/text+img/global_renewable_energy_generation_and_carbon_reduction_analysis(saveas)_stream_zlib.pdf,saveas,397768,678,402,8/0,,415,-13,8/0,True,0,0,False,False,True,269,1,True,1,True,True,True,1,True,1,True,True,1,True,1,0.08,0.02,1.31
corrupted/saveas/text+img/international_tourism_trends_country_spending_patterns_multilang(saveas)_stream_zlib.pdf,saveas,606,3142,1821,8/0,,1820,1,8/0,True,0,0,False,False,True,269,1,True,1,True,True,True,1,True,1,True,False,,,,0.32,0.08,2.17
corrupted/saveas/text+img/international_tourism_trends_country_spending_patterns_multilang(saveas)_stream_zlib.pdf,saveas,75712,8062,6916,7/0,,6914,2,7/0,True,0,0,False,False,True,269,1,True,1,True,True,True,1,True,1,True,False,,,,1.14,0.2,2.96
corrupted/saveas/text+img/international_tourism_trends_country_spending_patterns_multilang(saveas)_stream_zlib.pdf,saveas,176431,1317,863,8/0,,866,-3,8/0,True,0,0,False,False,True,269,1,True,1,True,True,True,1,True,1,True,True,1,True,1,0.16,0.05,4.67
corrupted/saveas/text+img/international_tourism_trends_country_spending_patterns_multilang(saveas)_stream_zlib.pdf,saveas,247498,10841,1073,7/0,,10837,-9764,7/0,False,1,4,True,False,True,264,1,True,1,True,True,True,1,True,1,True,False,,,,1.65,0.38,4.46
corrupted/saveas/text+img/international_tourism_trends_country_spending_patterns_multilang(saveas)_stream_zlib.pdf,saveas,351448,7270,4182,7/0,distance too far back,4180,2,7/0,True,0,0,False,False,True,269,2,True,1,True,False,True,2,True,1,True,False,,,,0.51,0.02,1.34
corrupted/saveas/text+img/mobile_payment_and_fintech_service_expansion(saveas)_stream_zlib.pdf,saveas,11960,8737,3344,7/0,,3351,-7,8/0,True,0,0,False,False,True,269,1,True,1,True,True,True,1,True,1,True,False,,,,2.02,0.25,13.59
corrupted/saveas/text+img/mobile_payment_and_fintech_service_expansion(saveas)_stream_zlib.pdf,saveas,111562,25892,4352,7/0,,25888,-21536,7/0,False,1,4,False,False,False,264,0,False,0,False,False,False,1,True,1,True,False,,,,5.02,1.04,11.92
corrupted/saveas/text+img/mobile_payment_and_fintech_service_expansion(saveas)_stream_zlib.pdf,saveas,169639,326,64,8/0,distance too far back,2,62,8/0,False,0,0,False,False,False,13,0,False,0,False,False,False,1,True,1,True,True,1,True,1,0.0,0.0,0.1
corrupted/saveas/text+img/mobile_payment_and_fintech_service_expansion(saveas)_stream_zlib.pdf,saveas,226229,1087,771,8/0,,1083,-312,8/0,False,0,0,False,False,False,260,1,False,1,False,False,False,1,True,1,True,True,3,True,3,0.26,0.08,3.54
corrupted/saveas/text+img/mobile_payment_and_fintech_service_expansion(saveas)_stream_zlib.pdf,saveas,353637,693,461,8/0,distance too far back,689,-228,8/0,True,0,0,False,False,True,260,1,True,1,True,True,True,1,True,1,True,True,1,True,1,0.06,0.0,1.28
corrupted/saveas/text+img/mobile_payment_and_fintech_service_expansion(saveas)_stream_zlib.pdf,saveas,400198,5787,4114,7/0,,5783,-1669,7/0,False,1,4,True,False,True,264,1,True,1,True,True,True,1,True,1,True,False,,,,0.99,0.28,1.75
corrupted/saveas/text+img/mobile_payment_and_fintech_service_expansion(saveas)_stream_zlib.pdf,saveas,415539,5074,3142,8/0,,5070,-1928,8/0,False,0,0,False,False,False,260,0,False,0,False,False,False,1,True,1,True,False,,,,0.75,0.25,1.59
corrupted/saveas/text+img/mobile_payment_and_fintech_service_expansion(saveas)_stream_zlib.pdf,saveas,429549,13888,13010,7/0,,13016,-6,7/0,True,0,0,False,False,True,269,1,True,1,True,True,True,1,True,1,True,False,,,,2.36,0.72,2.13
corrupted/saveas/text+img/online_education_elearning_market_growth_analysis(saveas)_stream_zlib.pdf,saveas,34155,1965,1555,8/0,,1554,1,8/0,True,0,0,False,False,True,269,1,True,1,True,True,True,1,True,1,True,False,,,,0.33,0.09,1.32
corrupted/saveas/text+img/online_education_elearning_market_growth_analysis(saveas)_stream_zlib.pdf,saveas,147283,21795,19708,7/0,,19723,-15,7/0,True,0,0,False,False,True,269,1,True,1,True,True,True,1,True,1,True,False,,,,3.79,0.97,7.81
corrupted/saveas/text+img/online_education_elearning_market_growth_analysis(saveas)_stream_zlib.pdf,saveas,274242,22998,2052,7/0,,22994,-20942,7/0,False,0,0,False,False,False,260,0,False,0,False,False,False,1,True,1,True,False,,,,4.11,1.26,13.92
corrupted/saveas/text+img/online_education_elearning_market_growth_analysis(saveas)_stream_zlib.pdf,saveas,370122,13819,743,7/0,,849,-106,5/0,True,0,0,False,False,True,269,1,True,1,True,True,True,1,True,1,True,False,,,,2.0,0.82,15.04
corrupted/saveas/text+img/online_education_elearning_market_growth_analysis(saveas)_stream_zlib.pdf,saveas,425009,3017,1529,7/0,,1528,1,8/0,True,0,0,False,False,True,269,1,True,1,True,True,True,1,True,1,True,False,,,,0.57,0.11,4.24
