file,slot,fonts_merged,truth_conflicts,codes,tokens,tokens_scored,tokens_correct,token_acc,truth_outside_alphabet,digit_tokens,digit_correct,kept_m0,kept_m2,kept_m5,kept_m10,kept_correct_m0,kept_correct_m2,kept_correct_m5,kept_correct_m10
original/print/text/Autonomous_Vehicle_Accident_Report(print).pdf,0,1,0,25,61,61,42,0.6885,0,0,0,46,40,37,35,40,40,37,35
original/print/text/Autonomous_Vehicle_Accident_Report(print).pdf,1,1,0,1,20,20,20,1.0,0,0,0,20,20,20,20,20,20,20,20
original/print/text/Autonomous_Vehicle_Accident_Report(print).pdf,2,1,0,54,813,812,739,0.9101,1,38,14,765,761,744,724,736,734,725,714
original/print/text/Autonomous_Vehicle_Accident_Report(print).pdf,3,1,0,20,21,3,2,0.6667,18,0,0,2,2,2,2,2,2,2,2
original/print/text/Autonomous_Vehicle_Accident_Report(print).pdf,4,1,0,147,280,96,33,0.3438,184,35,0,93,74,71,66,33,33,33,33
original/print/text/Autonomous_Vehicle_Accident_Report(print).pdf,5,1,0,67,104,22,0,0.0,82,17,0,19,16,12,10,0,0,0,0
original/print/text/Autonomous_Vehicle_Accident_Report(print).pdf,6,1,0,25,45,8,7,0.875,32,0,0,7,7,7,7,7,7,7,7
original/print/text/Autonomous_Vehicle_Accident_Report(print).pdf,7,1,0,84,549,189,116,0.6138,313,34,0,177,173,144,126,116,116,116,116
original/print/text/Autonomous_Vehicle_Accident_Report(print).pdf,8,1,0,56,186,59,37,0.6271,108,17,0,57,55,52,46,37,37,37,37
original/print/text/Autonomous_Vehicle_Accident_Report(print).pdf,10,1,0,24,73,70,0,0.0,3,0,0,65,59,50,36,0,0,0,0
original/print/text/Autonomous_Vehicle_Accident_Report(print).pdf,11,1,0,55,701,684,182,0.2661,17,38,7,621,599,592,545,182,175,175,175
original/print/text/Autonomous_Vehicle_Accident_Report(print).pdf,12,1,0,45,246,240,64,0.2667,6,17,6,212,202,190,159,58,58,55,55
original/print/text/Autonomous_Vehicle_Accident_Report(print).pdf,13,1,0,46,332,314,206,0.6561,18,17,0,292,281,251,214,206,206,206,194
original/print/text/Autonomous_Vehicle_Accident_Report(print).pdf,14,1,0,52,713,681,246,0.3612,32,38,5,616,608,569,460,237,235,231,223
original/print/text/Autonomous_Vehicle_Accident_Report(print).pdf,15,1,0,25,51,11,10,0.9091,8,0,0,11,10,10,10,10,10,10,10
original/print/text/Autonomous_Vehicle_Accident_Report(print).pdf,16,1,0,113,613,187,109,0.5829,116,38,0,186,178,173,158,109,109,109,109
original/print/text/Autonomous_Vehicle_Accident_Report(print).pdf,17,1,0,68,233,74,52,0.7027,159,17,0,67,62,53,52,52,52,52,52
original/print/text/Digital_Minimalism(print).pdf,0,1,0,24,77,77,26,0.3377,0,0,0,70,64,55,47,26,26,26,26
original/print/text/Digital_Minimalism(print).pdf,1,1,0,1,24,24,24,1.0,0,0,0,24,24,24,24,24,24,24,24
original/print/text/Digital_Minimalism(print).pdf,2,1,0,37,842,842,826,0.981,0,0,0,826,825,825,816,826,825,825,816
original/print/text/Digital_Minimalism(print).pdf,3,1,0,20,21,0,0,,21,0,0,0,0,0,0,0,0,0,0
original/print/text/Digital_Minimalism(print).pdf,5,2,7,336,534,8,0,0.0,526,0,0,8,8,8,8,0,0,0,0
original/print/text/Digital_Minimalism(print).pdf,6,1,0,37,66,13,12,0.9231,38,0,0,13,12,12,12,12,12,12,12
original/print/text/Digital_Minimalism(print).pdf,7,1,0,85,835,180,170,0.9444,561,0,0,180,179,175,170,170,170,170,170
original/print/text/Digital_Minimalism(print).pdf,8,1,0,76,558,125,121,0.968,372,0,0,123,123,119,119,119,119,119,119
original/print/text/Digital_Minimalism(print).pdf,9,1,0,21,87,85,19,0.2235,2,0,0,80,70,70,65,19,19,19,19
original/print/text/Digital_Minimalism(print).pdf,10,1,0,36,1138,1123,608,0.5414,15,0,0,1071,1062,1062,974,607,601,601,558
original/print/text/Digital_Minimalism(print).pdf,11,1,0,33,633,626,556,0.8882,7,0,0,559,555,555,545,556,555,555,545
original/print/text/Digital_Minimalism(print).pdf,12,1,0,22,82,80,56,0.7,2,0,0,77,74,71,65,56,56,55,55
original/print/text/Digital_Minimalism(print).pdf,13,1,0,40,1177,1143,1102,0.9641,34,0,0,1117,1103,1102,1102,1102,1102,1102,1102
original/print/text/Digital_Minimalism(print).pdf,14,1,0,34,620,606,570,0.9406,14,0,0,581,576,562,546,570,566,562,546
original/print/text/Digital_Minimalism(print).pdf,15,1,0,35,75,11,0,0.0,64,0,0,10,10,10,10,0,0,0,0
original/print/text/Digital_Minimalism(print).pdf,16,1,0,98,788,136,127,0.9338,141,0,0,135,135,135,127,127,127,127,127
original/print/text/Digital_Minimalism(print).pdf,17,1,0,78,469,86,81,0.9419,83,0,0,86,86,86,81,81,81,81,81
original/print/text/EcoWave_Sustainable_Fashion_Collection(print).pdf,0,1,0,19,39,39,3,0.0769,0,0,0,37,26,20,9,3,0,0,0
original/print/text/EcoWave_Sustainable_Fashion_Collection(print).pdf,1,1,0,31,586,586,564,0.9625,0,0,0,564,559,558,558,564,559,558,558
original/print/text/EcoWave_Sustainable_Fashion_Collection(print).pdf,3,1,0,1,30,0,0,,0,0,0,0,0,0,0,0,0,0,0
original/print/text/EcoWave_Sustainable_Fashion_Collection(print).pdf,4,1,0,1,30,30,30,1.0,0,0,0,30,30,30,30,30,30,30,30
original/print/text/EcoWave_Sustainable_Fashion_Collection(print).pdf,5,1,0,46,467,466,113,0.2425,1,3,0,435,415,402,389,113,113,113,113
original/print/text/EcoWave_Sustainable_Fashion_Collection(print).pdf,6,1,0,1,11,11,11,1.0,0,0,0,11,11,11,11,11,11,11,11
original/print/text/EcoWave_Sustainable_Fashion_Collection(print).pdf,7,1,0,130,190,17,0,0.0,173,0,0,15,10,8,4,0,0,0,0
original/print/text/EcoWave_Sustainable_Fashion_Collection(print).pdf,8,1,0,105,157,44,33,0.75,113,3,0,42,42,41,39,33,33,33,33
original/print/text/EcoWave_Sustainable_Fashion_Collection(print).pdf,9,1,0,75,417,95,77,0.8105,280,3,0,88,86,79,77,77,77,77,77
original/print/text/EcoWave_Sustainable_Fashion_Collection(print).pdf,10,1,0,87,531,126,108,0.8571,338,0,0,123,118,115,111,108,108,107,107
original/print/text/EcoWave_Sustainable_Fashion_Collection(print).pdf,11,1,0,19,37,36,2,0.0556,1,0,0,32,22,19,14,0,0,0,0
original/print/text/EcoWave_Sustainable_Fashion_Collection(print).pdf,12,1,0,38,660,651,534,0.8203,9,0,0,578,576,570,570,533,533,533,533
original/print/text/EcoWave_Sustainable_Fashion_Collection(print).pdf,13,1,0,46,500,488,134,0.2746,12,3,0,470,457,452,421,134,134,134,134
original/print/text/EcoWave_Sustainable_Fashion_Collection(print).pdf,14,1,0,18,35,35,6,0.1714,0,0,0,30,26,12,12,6,6,5,5
original/print/text/EcoWave_Sustainable_Fashion_Collection(print).pdf,15,1,0,37,723,698,597,0.8553,25,0,0,633,631,622,606,597,597,597,581
original/print/text/EcoWave_Sustainable_Fashion_Collection(print).pdf,16,1,0,48,460,442,291,0.6584,18,3,0,396,389,377,353,285,282,279,272
original/print/text/EcoWave_Sustainable_Fashion_Collection(print).pdf,17,1,0,21,34,13,6,0.4615,2,0,0,10,7,6,6,6,6,6,6
original/print/text/EcoWave_Sustainable_Fashion_Collection(print).pdf,18,1,0,92,515,107,84,0.785,408,0,0,101,100,98,93,84,84,84,84
original/print/text/EcoWave_Sustainable_Fashion_Collection(print).pdf,19,1,0,78,405,97,88,0.9072,51,3,0,94,94,88,88,88,88,88,88
original/print/text/Evolution_Biodegradable_Plastics(print).pdf,0,1,0,1,36,36,36,1.0,0,0,0,36,36,36,36,36,36,36,36
original/print/text/Evolution_Biodegradable_Plastics(print).pdf,1,1,0,32,1002,1002,982,0.98,0,0,0,982,982,982,981,982,982,982,981
original/print/text/Evolution_Biodegradable_Plastics(print).pdf,2,1,0,34,897,897,798,0.8896,0,0,0,799,798,798,798,798,798,798,798
original/print/text/Evolution_Biodegradable_Plastics(print).pdf,3,1,0,24,26,0,0,,26,0,0,0,0,0,0,0,0,0,0
original/print/text/Evolution_Biodegradable_Plastics(print).pdf,4,1,0,123,176,2,0,0.0,174,0,0,2,0,0,0,0,0,0,0
original/print/text/Evolution_Biodegradable_Plastics(print).pdf,5,1,0,187,313,6,0,0.0,307,0,0,6,6,6,6,0,0,0,0
original/print/text/Evolution_Biodegradable_Plastics(print).pdf,6,1,0,42,87,16,15,0.9375,56,0,0,15,15,15,15,15,15,15,15
original/print/text/Evolution_Biodegradable_Plastics(print).pdf,7,1,0,74,579,123,118,0.9593,377,0,0,123,118,118,118,118,118,118,118
original/print/text/Evolution_Biodegradable_Plastics(print).pdf,8,1,0,96,964,198,191,0.9646,638,0,0,193,191,191,191,191,191,191,191
original/print/text/Evolution_Biodegradable_Plastics(print).pdf,9,1,0,24,109,105,33,0.3143,4,0,0,97,95,93,60,33,32,32,32
original/print/text/Evolution_Biodegradable_Plastics(print).pdf,10,1,0,34,747,726,698,0.9614,21,0,0,704,702,698,698,698,698,698,698
original/print/text/Evolution_Biodegradable_Plastics(print).pdf,11,1,0,36,1353,1328,217,0.1634,25,0,0,1278,1252,1252,1249,217,217,217,217
original/print/text/Evolution_Biodegradable_Plastics(print).pdf,12,1,0,24,112,108,28,0.2593,4,0,0,103,98,85,73,28,28,28,28
original/print/text/Evolution_Biodegradable_Plastics(print).pdf,13,1,0,35,758,733,662,0.9031,25,0,0,649,634,629,623,634,629,629,623
original/print/text/Evolution_Biodegradable_Plastics(print).pdf,14,1,0,35,1379,1345,1267,0.942,34,0,0,1272,1272,1272,1272,1266,1266,1266,1266
original/print/text/Evolution_Biodegradable_Plastics(print).pdf,15,1,0,34,83,14,13,0.9286,69,0,0,13,13,13,13,13,13,13,13
original/print/text/Evolution_Biodegradable_Plastics(print).pdf,16,1,0,84,563,104,99,0.9519,101,0,0,104,104,99,99,99,99,99,99
original/print/text/Evolution_Biodegradable_Plastics(print).pdf,17,1,0,97,954,166,156,0.9398,198,0,0,166,166,166,166,156,156,156,156
original/print/text/International_Logistics_Fire_Report(print).pdf,0,1,0,19,56,56,19,0.3393,0,0,0,52,48,42,34,19,19,16,16
original/print/text/International_Logistics_Fire_Report(print).pdf,1,1,0,1,20,20,20,1.0,0,0,0,20,20,20,20,20,20,20,20
original/print/text/International_Logistics_Fire_Report(print).pdf,2,1,0,52,583,582,509,0.8746,1,23,0,544,534,516,505,509,507,498,492
original/print/text/International_Logistics_Fire_Report(print).pdf,3,1,0,96,192,100,26,0.26,92,30,0,98,93,85,61,26,26,26,26
original/print/text/International_Logistics_Fire_Report(print).pdf,4,1,0,129,242,86,38,0.4419,156,26,0,80,80,76,63,38,38,38,38
original/print/text/International_Logistics_Fire_Report(print).pdf,5,1,0,30,39,5,5,1.0,19,0,0,5,5,5,0,5,5,5,0
original/print/text/International_Logistics_Fire_Report(print).pdf,6,1,0,87,336,146,77,0.5274,162,28,0,134,127,125,110,77,77,77,72
original/print/text/International_Logistics_Fire_Report(print).pdf,7,1,0,95,545,166,116,0.6988,299,24,0,161,156,155,123,116,116,116,110
original/print/text/International_Logistics_Fire_Report(print).pdf,8,1,0,19,70,68,8,0.1176,2,0,0,63,56,55,46,8,8,8,8
original/print/text/International_Logistics_Fire_Report(print).pdf,9,1,0,47,454,446,82,0.1839,8,28,3,415,401,367,356,82,79,79,79
original/print/text/International_Logistics_Fire_Report(print).pdf,10,1,0,55,648,632,338,0.5348,16,24,0,609,595,564,540,338,337,337,333
original/print/text/International_Logistics_Fire_Report(print).pdf,11,1,0,19,73,72,0,0.0,1,0,0,71,70,53,47,0,0,0,0
original/print/text/International_Logistics_Fire_Report(print).pdf,12,1,0,50,465,451,156,0.3459,14,28,0,414,407,390,299,152,152,152,152
original/print/text/International_Logistics_Fire_Report(print).pdf,13,1,0,55,661,635,522,0.822,26,24,0,586,574,554,542,522,519,516,516
original/print/text/International_Logistics_Fire_Report(print).pdf,14,1,0,21,38,8,8,1.0,2,0,0,8,8,8,8,8,8,8,8
original/print/text/International_Logistics_Fire_Report(print).pdf,15,1,0,95,383,153,74,0.4837,53,28,0,140,136,125,108,74,74,74,74
original/print/text/International_Logistics_Fire_Report(print).pdf,16,1,0,94,611,174,125,0.7184,437,24,0,172,162,144,140,125,125,125,125
original/print/text/NeoHome_Smart_Appliances_Catalog_v5(print).pdf,0,1,0,19,33,33,1,0.0303,0,0,0,26,22,18,8,1,0,0,0
original/print/text/NeoHome_Smart_Appliances_Catalog_v5(print).pdf,1,1,0,55,1456,1454,1383,0.9512,2,5,0,1394,1384,1376,1376,1379,1379,1376,1376
original/print/text/NeoHome_Smart_Appliances_Catalog_v5(print).pdf,2,1,0,1,24,24,0,0.0,0,0,0,24,24,24,24,0,0,0,0
original/print/text/NeoHome_Smart_Appliances_Catalog_v5(print).pdf,3,1,0,1,30,0,0,,0,0,0,0,0,0,0,0,0,0,0
original/print/text/NeoHome_Smart_Appliances_Catalog_v5(print).pdf,4,1,0,1,30,30,30,1.0,0,0,0,30,30,30,30,30,30,30,30
original/print/text/NeoHome_Smart_Appliances_Catalog_v5(print).pdf,5,1,0,1,14,14,14,1.0,0,0,0,14,14,14,14,14,14,14,14
original/print/text/NeoHome_Smart_Appliances_Catalog_v5(print).pdf,6,1,0,12,15,9,0,0.0,6,0,0,9,7,4,0,0,0,0,0
original/print/text/NeoHome_Smart_Appliances_Catalog_v5(print).pdf,7,1,0,19,26,11,0,0.0,13,0,0,10,7,0,0,0,0,0,0
original/print/text/NeoHome_Smart_Appliances_Catalog_v5(print).pdf,8,1,0,115,1162,276,228,0.8261,768,5,0,258,258,250,238,228,228,228,228
original/print/text/NeoHome_Smart_Appliances_Catalog_v5(print).pdf,9,1,0,21,51,49,12,0.2449,2,0,0,48,42,31,27,12,12,12,12
original/print/text/NeoHome_Smart_Appliances_Catalog_v5(print).pdf,10,1,0,54,1587,1564,1435,0.9175,23,5,0,1508,1479,1461,1431,1435,1431,1431,1431
original/print/text/NeoHome_Smart_Appliances_Catalog_v5(print).pdf,11,1,0,21,59,57,11,0.193,2,0,0,54,47,36,22,11,11,11,5
original/print/text/NeoHome_Smart_Appliances_Catalog_v5(print).pdf,12,1,0,58,1500,1451,1113,0.7671,49,5,0,1358,1347,1342,1336,1111,1111,1111,1111
original/print/text/NeoHome_Smart_Appliances_Catalog_v5(print).pdf,13,1,0,20,28,4,0,0.0,24,0,0,4,4,4,4,0,0,0,0
original/print/text/NeoHome_Smart_Appliances_Catalog_v5(print).pdf,14,1,0,107,1213,224,205,0.9152,230,4,0,213,211,205,205,205,205,205,205
original/print/text/Next_Decade_Space_Exploration(print).pdf,0,1,0,29,94,94,70,0.7447,0,0,0,80,77,72,58,70,70,70,58
original/print/text/Next_Decade_Space_Exploration(print).pdf,1,1,0,1,29,29,29,1.0,0,0,0,29,29,29,29,29,29,29,29
original/print/text/Next_Decade_Space_Exploration(print).pdf,2,1,0,42,972,972,908,0.9342,0,0,0,918,916,908,907,908,908,908,907
original/print/text/Next_Decade_Space_Exploration(print).pdf,3,1,0,36,827,827,799,0.9661,0,0,0,802,802,785,783,799,799,785,783
original/print/text/Next_Decade_Space_Exploration(print).pdf,4,1,0,24,27,0,0,,27,0,0,0,0,0,0,0,0,0,0
original/print/text/Next_Decade_Space_Exploration(print).pdf,5,1,0,179,273,28,0,0.0,245,0,0,25,23,18,3,0,0,0,0
original/print/text/Next_Decade_Space_Exploration(print).pdf,6,1,0,149,223,0,0,,223,0,0,0,0,0,0,0,0,0,0
original/print/text/Next_Decade_Space_Exploration(print).pdf,7,1,0,35,68,15,13,0.8667,45,0,0,13,13,13,13,13,13,13,13
original/print/text/Next_Decade_Space_Exploration(print).pdf,8,1,0,87,666,155,135,0.871,423,0,0,149,149,144,141,135,135,135,135
original/print/text/Next_Decade_Space_Exploration(print).pdf,9,1,0,79,575,120,116,0.9667,386,0,0,120,117,117,116,116,116,116,116
original/print/text/Next_Decade_Space_Exploration(print).pdf,10,1,0,37,1291,1257,1204,0.9578,34,0,0,1204,1204,1204,1204,1204,1204,1204,1204
original/print/text/Next_Decade_Space_Exploration(print).pdf,11,1,0,43,652,641,414,0.6459,11,0,0,566,558,553,526,414,410,405,379
original/print/text/Next_Decade_Space_Exploration(print).pdf,12,1,0,24,111,108,46,0.4259,3,0,0,99,95,67,67,45,44,44,44
original/print/text/Next_Decade_Space_Exploration(print).pdf,13,1,0,38,611,597,141,0.2362,14,0,0,554,553,550,544,141,141,141,137
original/print/text/Next_Decade_Space_Exploration(print).pdf,14,1,0,40,1230,1195,1147,0.9598,35,0,0,1156,1155,1147,1145,1147,1147,1147,1145
original/print/text/Next_Decade_Space_Exploration(print).pdf,15,1,0,33,83,14,13,0.9286,17,0,0,14,13,13,13,13,13,13,13
original/print/text/Next_Decade_Space_Exploration(print).pdf,16,1,0,97,433,101,73,0.7228,84,0,0,92,86,81,81,73,73,73,73
original/print/text/Next_Decade_Space_Exploration(print).pdf,17,1,0,101,778,151,127,0.8411,627,0,0,144,131,127,127,127,127,127,127
original/print/text/PetPal_Smart_PetCare_Products(print).pdf,0,1,0,32,606,601,591,0.9834,5,0,0,595,595,595,589,591,591,591,585
original/print/text/PetPal_Smart_PetCare_Products(print).pdf,1,1,0,1,30,0,0,,0,0,0,0,0,0,0,0,0,0,0
original/print/text/PetPal_Smart_PetCare_Products(print).pdf,2,1,0,1,30,30,30,1.0,0,0,0,30,30,30,30,30,30,30,30
original/print/text/PetPal_Smart_PetCare_Products(print).pdf,3,1,0,44,436,436,297,0.6812,0,0,0,323,317,301,285,297,295,295,285
original/print/text/PetPal_Smart_PetCare_Products(print).pdf,4,1,0,1,34,34,0,0.0,0,0,0,34,34,34,34,0,0,0,0
original/print/text/PetPal_Smart_PetCare_Products(print).pdf,5,1,0,1,11,11,11,1.0,0,0,0,11,11,11,11,11,11,11,11
original/print/text/PetPal_Smart_PetCare_Products(print).pdf,6,1,0,14,16,8,0,0.0,8,0,0,7,2,0,0,0,0,0,0
original/print/text/PetPal_Smart_PetCare_Products(print).pdf,7,1,0,62,114,47,15,0.3191,67,0,0,35,29,21,16,11,11,11,8
original/print/text/PetPal_Smart_PetCare_Products(print).pdf,8,1,0,20,29,10,0,0.0,16,0,0,10,7,4,4,0,0,0,0
original/print/text/PetPal_Smart_PetCare_Products(print).pdf,9,1,0,89,518,121,105,0.8678,341,0,0,121,119,116,113,105,105,105,105
original/print/text/PetPal_Smart_PetCare_Products(print).pdf,10,1,0,79,360,82,66,0.8049,239,0,0,76,75,71,66,66,66,66,66
original/print/text/PetPal_Smart_PetCare_Products(print).pdf,11,1,0,16,53,53,15,0.283,0,0,0,42,36,30,18,13,9,7,7
original/print/text/PetPal_Smart_PetCare_Products(print).pdf,12,1,0,44,984,970,903,0.9309,14,0,0,914,911,900,899,903,901,900,899
original/print/text/PetPal_Smart_PetCare_Products(print).pdf,13,1,0,43,229,225,73,0.3244,4,0,0,185,172,150,137,73,73,67,57
original/print/text/PetPal_Smart_PetCare_Products(print).pdf,14,1,0,16,49,49,21,0.4286,0,0,0,48,38,34,26,21,21,21,21
original/print/text/PetPal_Smart_PetCare_Products(print).pdf,15,1,0,37,750,729,695,0.9534,21,0,0,698,695,695,677,695,695,695,677
original/print/text/PetPal_Smart_PetCare_Products(print).pdf,16,1,0,45,516,505,463,0.9168,11,0,0,476,469,459,458,461,460,459,458
original/print/text/PetPal_Smart_PetCare_Products(print).pdf,17,1,0,27,47,12,6,0.5,34,0,0,12,12,6,6,6,6,6,6
original/print/text/PetPal_Smart_PetCare_Products(print).pdf,18,1,0,95,563,115,97,0.8435,114,0,0,115,115,111,111,97,97,97,97
original/print/text/PetPal_Smart_PetCare_Products(print).pdf,19,1,0,101,436,128,80,0.625,308,0,0,122,103,96,91,80,80,80,80
original/print/text/Robots_Automation_Future_Work(print).pdf,0,1,0,30,101,101,14,0.1386,0,0,0,87,79,69,59,13,13,13,13
original/print/text/Robots_Automation_Future_Work(print).pdf,1,1,0,1,20,20,20,1.0,0,0,0,20,20,20,20,20,20,20,20
original/print/text/Robots_Automation_Future_Work(print).pdf,2,1,0,30,624,624,589,0.9439,0,0,0,597,583,583,575,589,583,583,575
original/print/text/Robots_Automation_Future_Work(print).pdf,3,1,0,166,290,11,0,0.0,279,0,0,10,10,3,0,0,0,0,0
original/print/text/Robots_Automation_Future_Work(print).pdf,4,1,0,114,175,5,0,0.0,170,0,0,5,5,5,0,0,0,0,0
original/print/text/Robots_Automation_Future_Work(print).pdf,6,1,0,32,70,15,13,0.8667,51,0,0,13,13,13,13,13,13,13,13
original/print/text/Robots_Automation_Future_Work(print).pdf,7,1,0,84,543,121,114,0.9421,356,0,0,121,114,114,114,114,114,114,114
original/print/text/Robots_Automation_Future_Work(print).pdf,8,1,0,82,698,146,140,0.9589,464,0,0,140,140,140,140,140,140,140,140
original/print/text/Robots_Automation_Future_Work(print).pdf,9,1,0,27,107,103,16,0.1553,4,0,0,84,84,79,66,16,16,16,11
original/print/text/Robots_Automation_Future_Work(print).pdf,10,1,0,34,734,718,687,0.9568,16,0,0,687,687,684,669,687,687,684,669
original/print/text/Robots_Automation_Future_Work(print).pdf,11,1,0,38,1003,981,893,0.9103,22,0,0,920,892,763,763,893,883,763,763
original/print/text/Robots_Automation_Future_Work(print).pdf,12,1,0,23,116,115,24,0.2087,1,0,0,95,91,85,74,24,24,24,24
original/print/text/Robots_Automation_Future_Work(print).pdf,13,1,0,35,749,726,600,0.8264,23,0,0,652,651,638,624,600,600,600,595
original/print/text/Robots_Automation_Future_Work(print).pdf,14,1,0,38,1098,1067,811,0.7601,31,0,0,829,829,829,804,810,810,810,804
original/print/text/Robots_Automation_Future_Work(print).pdf,15,1,0,44,96,17,16,0.9412,20,0,0,16,16,16,16,16,16,16,16
original/print/text/Robots_Automation_Future_Work(print).pdf,16,1,0,78,517,90,85,0.9444,99,0,0,90,90,90,85,85,85,85,85
original/print/text/Robots_Automation_Future_Work(print).pdf,17,1,0,93,764,137,128,0.9343,627,0,0,137,137,137,137,128,128,128,128
original/print/text/SkyGarden_Indoor_Vertical_Garden_Solutions(print).pdf,0,1,0,19,43,43,2,0.0465,0,0,0,41,36,23,15,2,2,2,2
original/print/text/SkyGarden_Indoor_Vertical_Garden_Solutions(print).pdf,1,1,0,2,10,9,9,1.0,1,0,0,9,9,9,9,9,9,9,9
original/print/text/SkyGarden_Indoor_Vertical_Garden_Solutions(print).pdf,3,1,0,1,30,0,0,,0,0,0,0,0,0,0,0,0,0,0
original/print/text/SkyGarden_Indoor_Vertical_Garden_Solutions(print).pdf,4,1,0,1,30,30,30,1.0,0,0,0,30,30,30,30,30,30,30,30
original/print/text/SkyGarden_Indoor_Vertical_Garden_Solutions(print).pdf,5,1,0,36,199,198,161,0.8131,1,0,0,185,176,165,154,161,159,157,154
original/print/text/SkyGarden_Indoor_Vertical_Garden_Solutions(print).pdf,6,1,0,20,21,11,2,0.1818,10,0,0,10,9,4,0,2,2,2,0
original/print/text/SkyGarden_Indoor_Vertical_Garden_Solutions(print).pdf,7,1,0,154,241,31,12,0.3871,210,0,0,31,31,29,21,12,12,12,10
original/print/text/SkyGarden_Indoor_Vertical_Garden_Solutions(print).pdf,8,1,0,59,101,34,4,0.1176,67,0,0,29,27,22,7,3,3,3,0
original/print/text/SkyGarden_Indoor_Vertical_Garden_Solutions(print).pdf,9,1,0,26,36,14,5,0.3571,20,0,0,11,10,5,5,5,5,5,5
original/print/text/SkyGarden_Indoor_Vertical_Garden_Solutions(print).pdf,10,1,0,101,674,151,130,0.8609,443,0,0,135,133,133,130,130,130,130,130
original/print/text/SkyGarden_Indoor_Vertical_Garden_Solutions(print).pdf,11,1,0,63,170,65,31,0.4769,90,0,0,60,55,45,34,31,31,31,31
original/print/text/SkyGarden_Indoor_Vertical_Garden_Solutions(print).pdf,12,1,0,20,56,56,22,0.3929,0,0,0,53,52,33,21,22,22,22,19
original/print/text/SkyGarden_Indoor_Vertical_Garden_Solutions(print).pdf,13,1,0,40,846,834,708,0.8489,12,0,0,712,712,705,690,695,695,695,690
original/print/text/SkyGarden_Indoor_Vertical_Garden_Solutions(print).pdf,14,1,0,38,226,221,83,0.3756,5,0,0,191,180,159,142,82,82,75,64
original/print/text/SkyGarden_Indoor_Vertical_Garden_Solutions(print).pdf,15,1,0,22,53,52,9,0.1731,1,0,0,49,43,37,30,9,9,9,9
original/print/text/SkyGarden_Indoor_Vertical_Garden_Solutions(print).pdf,16,1,0,44,853,823,178,0.2163,30,0,0,812,798,779,749,178,178,178,167
original/print/text/SkyGarden_Indoor_Vertical_Garden_Solutions(print).pdf,17,1,0,37,199,192,60,0.3125,7,0,0,182,180,164,121,60,60,60,59
original/print/text/SkyGarden_Indoor_Vertical_Garden_Solutions(print).pdf,18,1,0,27,41,14,5,0.3571,27,0,0,14,8,5,5,5,5,5,5
original/print/text/SkyGarden_Indoor_Vertical_Garden_Solutions(print).pdf,19,1,0,100,686,148,122,0.8243,123,0,0,145,136,134,131,122,122,122,122
original/print/text/SkyGarden_Indoor_Vertical_Garden_Solutions(print).pdf,20,1,0,68,189,70,43,0.6143,26,0,0,64,58,58,48,43,42,42,36
original/print/text/UrbanRide_Electric_Bike_Scooter_Series(print).pdf,0,1,0,20,41,41,0,0.0,0,0,0,37,31,23,20,0,0,0,0
original/print/text/UrbanRide_Electric_Bike_Scooter_Series(print).pdf,1,1,0,36,638,638,627,0.9828,0,0,0,631,630,623,623,627,627,623,623
original/print/text/UrbanRide_Electric_Bike_Scooter_Series(print).pdf,2,1,0,3,12,9,0,0.0,3,0,0,9,8,8,0,0,0,0,0
original/print/text/UrbanRide_Electric_Bike_Scooter_Series(print).pdf,3,1,0,1,30,0,0,,0,0,0,0,0,0,0,0,0,0,0
original/print/text/UrbanRide_Electric_Bike_Scooter_Series(print).pdf,4,1,0,1,30,30,30,1.0,0,0,0,30,30,30,30,30,30,30,30
original/print/text/UrbanRide_Electric_Bike_Scooter_Series(print).pdf,6,1,0,122,187,26,0,0.0,161,0,0,24,21,17,4,0,0,0,0
original/print/text/UrbanRide_Electric_Bike_Scooter_Series(print).pdf,7,1,0,108,224,99,42,0.4242,125,6,0,96,84,79,75,42,42,42,42
original/print/text/UrbanRide_Electric_Bike_Scooter_Series(print).pdf,8,1,0,28,38,15,6,0.4,19,0,0,10,7,6,6,6,6,6,6
original/print/text/UrbanRide_Electric_Bike_Scooter_Series(print).pdf,9,1,0,103,715,175,141,0.8057,458,2,0,163,158,146,144,141,141,140,140
original/print/text/UrbanRide_Electric_Bike_Scooter_Series(print).pdf,10,1,0,68,209,83,42,0.506,103,4,0,82,74,70,64,42,42,42,42
original/print/text/UrbanRide_Electric_Bike_Scooter_Series(print).pdf,12,1,0,21,53,52,21,0.4038,1,0,0,48,43,35,23,21,21,20,20
original/print/text/UrbanRide_Electric_Bike_Scooter_Series(print).pdf,13,1,0,37,721,708,451,0.637,13,0,0,668,603,567,538,451,451,420,391
original/print/text/UrbanRide_Electric_Bike_Scooter_Series(print).pdf,14,1,0,50,519,508,286,0.563,11,6,0,489,481,473,424,284,282,282,276
original/print/text/UrbanRide_Electric_Bike_Scooter_Series(print).pdf,15,1,0,49,1033,1000,961,0.961,33,2,1,968,953,950,943,957,951,950,943
original/print/text/UrbanRide_Electric_Bike_Scooter_Series(print).pdf,16,1,0,48,249,243,104,0.428,6,4,0,218,193,182,167,104,102,94,92
original/print/text/UrbanRide_Electric_Bike_Scooter_Series(print).pdf,17,1,0,30,44,15,7,0.4667,8,0,0,15,13,11,8,7,7,7,6
original/print/text/UrbanRide_Electric_Bike_Scooter_Series(print).pdf,18,1,0,90,574,131,105,0.8015,424,0,0,119,113,109,107,105,105,105,105
original/print/text/UrbanRide_Electric_Bike_Scooter_Series(print).pdf,19,1,0,104,477,162,100,0.6173,78,6,0,156,152,135,125,100,100,100,100
original/print/text/confidential_doc_leak_collusion_investigation(print).pdf,0,1,0,28,129,129,51,0.3953,0,0,0,101,91,77,57,51,51,51,39
original/print/text/confidential_doc_leak_collusion_investigation(print).pdf,1,1,0,46,578,575,494,0.8591,3,10,0,502,497,494,492,494,494,494,492
original/print/text/confidential_doc_leak_collusion_investigation(print).pdf,2,1,0,1,17,0,0,,17,0,0,0,0,0,0,0,0,0,0
original/print/text/confidential_doc_leak_collusion_investigation(print).pdf,3,1,0,30,158,158,145,0.9177,0,3,0,150,149,142,139,144,144,139,139
original/print/text/confidential_doc_leak_collusion_investigation(print).pdf,4,1,0,1,10,10,10,1.0,0,0,0,10,10,10,0,10,10,10,0
original/print/text/confidential_doc_leak_collusion_investigation(print).pdf,5,1,0,99,198,53,37,0.6981,145,12,0,48,43,40,40,37,37,37,37
original/print/text/confidential_doc_leak_collusion_investigation(print).pdf,6,1,0,35,49,14,8,0.5714,35,3,0,14,12,11,11,8,8,8,8
original/print/text/confidential_doc_leak_collusion_investigation(print).pdf,7,1,0,37,106,21,20,0.9524,74,0,0,20,20,20,20,20,20,20,20
original/print/text/confidential_doc_leak_collusion_investigation(print).pdf,8,1,0,76,457,102,93,0.9118,295,10,6,100,95,87,87,93,91,87,87
original/print/text/confidential_doc_leak_collusion_investigation(print).pdf,9,1,0,46,127,32,26,0.8125,81,3,1,28,28,25,25,25,25,25,25
original/print/text/confidential_doc_leak_collusion_investigation(print).pdf,10,1,0,26,151,148,68,0.4595,3,0,0,139,129,121,103,67,60,60,53
original/print/text/confidential_doc_leak_collusion_investigation(print).pdf,11,1,0,45,686,677,423,0.6248,9,10,2,629,622,617,613,420,420,415,411
original/print/text/confidential_doc_leak_collusion_investigation(print).pdf,12,1,0,28,173,173,78,0.4509,0,3,0,160,156,142,95,78,78,74,59
original/print/text/confidential_doc_leak_collusion_investigation(print).pdf,13,1,0,26,150,148,135,0.9122,2,0,0,127,127,127,109,127,127,127,109
original/print/text/confidential_doc_leak_collusion_investigation(print).pdf,14,1,0,49,689,660,602,0.9121,29,10,5,614,608,597,594,598,597,597,594
original/print/text/confidential_doc_leak_collusion_investigation(print).pdf,15,1,0,33,188,179,99,0.5531,9,3,0,168,168,162,131,99,99,99,96
original/print/text/confidential_doc_leak_collusion_investigation(print).pdf,16,1,0,43,95,22,21,0.9545,72,0,0,21,21,21,21,21,21,21,21
original/print/text/confidential_doc_leak_collusion_investigation(print).pdf,17,1,0,81,533,124,110,0.8871,77,10,0,121,121,118,110,110,110,110,110
original/print/text/confidential_doc_leak_collusion_investigation(print).pdf,18,1,0,52,128,34,28,0.8235,26,3,0,31,31,28,28,28,28,28,28
original/print/text/global_cloud_datacenter_cooling_failure_report(print).pdf,0,1,0,25,69,69,9,0.1304,0,0,0,62,50,43,35,9,9,9,9
original/print/text/global_cloud_datacenter_cooling_failure_report(print).pdf,1,1,0,40,423,423,356,0.8416,0,0,0,382,367,358,353,356,355,354,353
original/print/text/global_cloud_datacenter_cooling_failure_report(print).pdf,2,1,0,1,18,0,0,,0,0,0,0,0,0,0,0,0,0,0
original/print/text/global_cloud_datacenter_cooling_failure_report(print).pdf,3,1,0,1,18,18,18,1.0,0,0,0,18,18,18,18,18,18,18,18
original/print/text/global_cloud_datacenter_cooling_failure_report(print).pdf,4,1,0,37,110,109,31,0.2844,1,8,0,98,86,71,64,31,30,30,28
original/print/text/global_cloud_datacenter_cooling_failure_report(print).pdf,7,1,0,18,18,0,0,,18,0,0,0,0,0,0,0,0,0,0
original/print/text/global_cloud_datacenter_cooling_failure_report(print).pdf,8,1,0,38,61,29,15,0.5172,32,8,0,26,22,17,15,15,15,15,15
original/print/text/global_cloud_datacenter_cooling_failure_report(print).pdf,9,1,0,30,51,9,9,1.0,35,0,0,9,9,9,9,9,9,9,9
original/print/text/global_cloud_datacenter_cooling_failure_report(print).pdf,10,1,0,74,299,72,53,0.7361,189,0,0,71,64,63,51,53,53,53,51
original/print/text/global_cloud_datacenter_cooling_failure_report(print).pdf,11,1,0,49,102,36,22,0.6111,55,8,0,33,28,25,21,21,21,21,21
original/print/text/global_cloud_datacenter_cooling_failure_report(print).pdf,12,1,0,27,108,107,61,0.5701,1,0,0,99,99,89,77,61,61,57,52
original/print/text/global_cloud_datacenter_cooling_failure_report(print).pdf,13,1,0,40,439,428,107,0.25,11,0,0,410,393,375,348,107,107,107,90
original/print/text/global_cloud_datacenter_cooling_failure_report(print).pdf,14,1,0,42,129,124,23,0.1855,5,8,0,115,106,78,64,22,22,22,22
original/print/text/global_cloud_datacenter_cooling_failure_report(print).pdf,15,1,0,29,105,101,20,0.198,4,0,0,94,90,70,58,20,19,19,15
original/print/text/global_cloud_datacenter_cooling_failure_report(print).pdf,16,1,0,43,473,457,325,0.7112,16,0,0,433,418,414,362,325,323,323,304
original/print/text/global_cloud_datacenter_cooling_failure_report(print).pdf,17,1,0,39,122,116,34,0.2931,6,8,0,101,88,75,53,34,34,32,32
original/print/text/global_cloud_datacenter_cooling_failure_report(print).pdf,18,1,0,30,64,11,11,1.0,6,0,0,11,11,11,11,11,11,11,11
original/print/text/global_cloud_datacenter_cooling_failure_report(print).pdf,19,1,0,72,353,101,78,0.7723,251,0,0,100,100,94,80,78,78,78,78
original/print/text/global_cloud_datacenter_cooling_failure_report(print).pdf,20,1,0,56,139,42,29,0.6905,33,8,0,39,31,29,29,29,29,29,29
original/print/text/messenger_app_data_misuse_investigation(print).pdf,0,1,0,23,92,92,81,0.8804,0,0,0,82,78,73,70,80,78,73,70
original/print/text/messenger_app_data_misuse_investigation(print).pdf,1,1,0,1,12,0,0,,0,0,0,0,0,0,0,0,0,0,0
original/print/text/messenger_app_data_misuse_investigation(print).pdf,2,1,0,1,12,12,12,1.0,0,0,0,12,12,12,12,12,12,12,12
original/print/text/messenger_app_data_misuse_investigation(print).pdf,4,1,0,30,32,3,0,0.0,29,0,0,2,0,0,0,0,0,0,0
original/print/text/messenger_app_data_misuse_investigation(print).pdf,5,1,0,120,234,70,33,0.4714,164,14,0,64,57,55,52,33,33,33,33
original/print/text/messenger_app_data_misuse_investigation(print).pdf,8,1,0,37,87,19,18,0.9474,58,0,0,19,18,18,18,18,18,18,18
original/print/text/messenger_app_data_misuse_investigation(print).pdf,9,1,0,90,489,120,84,0.7,303,10,0,100,88,86,83,84,83,83,83
original/print/text/messenger_app_data_misuse_investigation(print).pdf,10,1,0,26,151,148,79,0.5338,3,0,0,132,125,121,105,79,76,76,69
original/print/text/messenger_app_data_misuse_investigation(print).pdf,11,1,0,59,1338,1301,1148,0.8824,37,20,0,1194,1173,1164,1139,1146,1146,1144,1139
original/print/text/messenger_app_data_misuse_investigation(print).pdf,12,1,0,24,154,148,127,0.8581,6,0,0,145,138,131,120,127,124,124,120
original/print/text/messenger_app_data_misuse_investigation(print).pdf,13,1,0,42,101,18,17,0.9444,83,0,0,17,17,17,17,17,17,17,17
original/print/text/messenger_app_data_misuse_investigation(print).pdf,14,1,0,98,564,143,107,0.7483,91,10,0,138,131,124,113,107,107,107,107
original/print/text/smart_factory_robot_malfunction_analysis(print).pdf,0,1,0,30,130,130,107,0.8231,0,0,0,114,110,104,97,107,107,104,97
original/print/text/smart_factory_robot_malfunction_analysis(print).pdf,1,1,0,1,12,0,0,,12,0,0,0,0,0,0,0,0,0,0
original/print/text/smart_factory_robot_malfunction_analysis(print).pdf,2,1,0,52,668,667,168,0.2519,1,14,4,626,598,567,516,168,168,164,146
original/print/text/smart_factory_robot_malfunction_analysis(print).pdf,4,1,0,32,36,3,0,0.0,33,0,0,3,0,0,0,0,0,0,0
original/print/text/smart_factory_robot_malfunction_analysis(print).pdf,5,1,0,43,93,20,18,0.9,60,0,0,18,18,18,18,18,18,18,18
original/print/text/smart_factory_robot_malfunction_analysis(print).pdf,6,1,0,90,547,137,110,0.8029,344,14,2,132,123,111,111,110,108,108,108
original/print/text/smart_factory_robot_malfunction_analysis(print).pdf,7,1,0,27,177,172,103,0.5988,5,0,0,157,152,141,136,100,96,96,96
original/print/text/smart_factory_robot_malfunction_analysis(print).pdf,8,1,0,54,804,781,731,0.936,23,14,10,731,720,707,704,722,715,707,704
original/print/text/smart_factory_robot_malfunction_analysis(print).pdf,9,1,0,28,158,155,130,0.8387,3,0,0,136,134,133,114,126,126,126,114
original/print/text/smart_factory_robot_malfunction_analysis(print).pdf,10,1,0,52,807,772,559,0.7241,35,14,5,711,705,695,585,557,554,551,517
original/print/text/smart_factory_robot_malfunction_analysis(print).pdf,12,1,0,48,99,20,19,0.95,12,0,0,20,19,19,19,19,19,19,19
original/print/text/smart_factory_robot_malfunction_analysis(print).pdf,13,1,0,94,628,151,127,0.8411,107,13,0,146,139,135,135,127,127,127,127
original/print/text+img/global_ai_technology_investment_and_industry_adoption(print).pdf,0,1,0,25,60,60,10,0.1667,0,0,0,56,48,37,27,10,10,9,7
original/print/text+img/global_ai_technology_investment_and_industry_adoption(print).pdf,2,1,0,57,1118,1118,1039,0.9293,0,7,0,1042,1039,1031,1015,1038,1036,1031,1015
original/print/text+img/global_ai_technology_investment_and_industry_adoption(print).pdf,3,1,0,37,424,424,287,0.6769,0,4,0,281,279,277,267,278,277,277,267
original/print/text+img/global_ai_technology_investment_and_industry_adoption(print).pdf,4,1,0,18,18,1,0,0.0,17,0,0,1,0,0,0,0,0,0,0
original/print/text+img/global_ai_technology_investment_and_industry_adoption(print).pdf,5,1,0,165,281,26,0,0.0,255,8,0,26,24,23,14,0,0,0,0
original/print/text+img/global_ai_technology_investment_and_industry_adoption(print).pdf,6,1,0,127,191,23,10,0.4348,168,4,1,23,22,21,19,10,10,9,9
original/print/text+img/global_ai_technology_investment_and_industry_adoption(print).pdf,8,1,0,39,64,14,10,0.7143,35,0,0,10,10,10,10,10,10,10,10
original/print/text+img/global_ai_technology_investment_and_industry_adoption(print).pdf,9,1,0,40,611,596,539,0.9044,15,4,0,551,543,533,529,538,538,533,529
original/print/text+img/global_ai_technology_investment_and_industry_adoption(print).pdf,10,1,0,85,461,115,94,0.8174,280,7,0,111,109,103,97,94,94,94,94
original/print/text+img/global_ai_technology_investment_and_industry_adoption(print).pdf,11,1,0,106,842,190,158,0.8316,549,4,0,179,172,164,164,158,158,158,158
original/print/text+img/global_ai_technology_investment_and_industry_adoption(print).pdf,12,1,0,27,104,101,31,0.3069,3,0,0,87,84,68,44,30,30,29,24
original/print/text+img/global_ai_technology_investment_and_industry_adoption(print).pdf,13,1,0,52,1071,1045,963,0.9215,26,7,0,989,988,970,957,963,963,947,938
original/print/text+img/global_ai_technology_investment_and_industry_adoption(print).pdf,14,1,0,49,795,779,728,0.9345,16,7,0,729,721,719,719,719,719,719,719
original/print/text+img/global_ai_technology_investment_and_industry_adoption(print).pdf,15,1,0,46,1050,1017,938,0.9223,33,4,0,957,952,952,947,937,937,937,937
original/print/text+img/global_ai_technology_investment_and_industry_adoption(print).pdf,16,1,0,34,67,14,10,0.7143,10,0,0,14,12,11,10,10,10,10,10
original/print/text+img/global_ai_technology_investment_and_industry_adoption(print).pdf,17,1,0,84,554,98,86,0.8776,456,7,0,96,91,88,86,86,86,86,86
original/print/text+img/global_ai_technology_investment_and_industry_adoption(print).pdf,18,1,0,91,870,163,141,0.865,178,4,0,159,155,141,141,141,141,141,141
original/print/text+img/global_esports_and_gaming_industry_growth(print).pdf,0,1,0,1,12,12,12,1.0,0,0,0,12,12,12,12,12,12,12,12
original/print/text+img/global_esports_and_gaming_industry_growth(print).pdf,1,1,0,50,995,995,937,0.9417,0,8,0,960,956,955,939,936,934,934,929
original/print/text+img/global_esports_and_gaming_industry_growth(print).pdf,3,1,0,39,710,710,148,0.2085,0,4,0,691,681,678,659,148,148,148,136
original/print/text+img/global_esports_and_gaming_industry_growth(print).pdf,4,1,0,166,297,34,17,0.5,263,10,0,34,29,28,25,17,17,17,17
original/print/text+img/global_esports_and_gaming_industry_growth(print).pdf,5,1,0,127,186,4,0,0.0,182,4,0,4,4,3,0,0,0,0,0
original/print/text+img/global_esports_and_gaming_industry_growth(print).pdf,6,1,0,29,46,9,8,0.8889,24,0,0,9,9,8,8,8,8,8,8
original/print/text+img/global_esports_and_gaming_industry_growth(print).pdf,7,1,0,81,569,128,113,0.8828,370,8,0,125,125,117,113,113,113,113,113
original/print/text+img/global_esports_and_gaming_industry_growth(print).pdf,8,1,0,99,772,170,146,0.8588,500,4,0,165,158,152,150,146,146,146,146
original/print/text+img/global_esports_and_gaming_industry_growth(print).pdf,10,1,0,27,77,77,18,0.2338,0,0,0,70,57,51,32,18,18,17,13
original/print/text+img/global_esports_and_gaming_industry_growth(print).pdf,11,1,0,43,826,809,245,0.3028,17,8,5,788,774,750,736,240,240,240,229
original/print/text+img/global_esports_and_gaming_industry_growth(print).pdf,12,1,0,52,1096,1078,525,0.487,18,4,0,1038,1030,1014,1008,520,518,508,508
original/print/text+img/global_esports_and_gaming_industry_growth(print).pdf,13,1,0,25,79,78,16,0.2051,1,0,0,75,66,64,48,16,16,16,13
original/print/text+img/global_esports_and_gaming_industry_growth(print).pdf,14,1,0,45,800,770,627,0.8143,30,8,0,696,690,673,664,624,624,624,615
original/print/text+img/global_esports_and_gaming_industry_growth(print).pdf,15,1,0,46,1068,1040,992,0.9538,28,4,0,1003,994,987,968,990,981,976,968
original/print/text+img/global_esports_and_gaming_industry_growth(print).pdf,16,1,0,29,60,9,9,1.0,9,0,0,9,9,9,9,9,9,9,9
original/print/text+img/global_esports_and_gaming_industry_growth(print).pdf,17,1,0,83,617,115,102,0.887,502,8,0,110,109,109,107,102,102,102,102
original/print/text+img/global_esports_and_gaming_industry_growth(print).pdf,18,1,0,104,851,170,148,0.8706,159,4,0,164,162,152,147,147,147,147,147
original/print/text+img/global_healthcare_digital_health_patient_data_trends(print).pdf,0,1,0,27,103,103,21,0.2039,0,0,0,101,95,82,67,21,21,21,19
original/print/text+img/global_healthcare_digital_health_patient_data_trends(print).pdf,1,1,0,1,10,10,10,1.0,0,0,0,10,10,10,10,10,10,10,10
original/print/text+img/global_healthcare_digital_health_patient_data_trends(print).pdf,5,1,0,20,21,0,0,,21,0,0,0,0,0,0,0,0,0,0
original/print/text+img/global_healthcare_digital_health_patient_data_trends(print).pdf,6,1,0,186,335,31,21,0.6774,304,8,4,29,24,21,21,21,21,21,21
original/print/text+img/global_healthcare_digital_health_patient_data_trends(print).pdf,7,1,0,34,73,14,14,1.0,47,0,0,14,14,14,14,14,14,14,14
original/print/text+img/global_healthcare_digital_health_patient_data_trends(print).pdf,8,1,0,100,928,204,184,0.902,612,7,0,193,189,188,185,184,184,184,184
original/print/text+img/global_healthcare_digital_health_patient_data_trends(print).pdf,9,1,0,93,586,126,116,0.9206,370,0,0,124,121,117,114,116,116,113,112
original/print/text+img/global_healthcare_digital_health_patient_data_trends(print).pdf,10,1,0,28,123,122,48,0.3934,1,0,0,114,110,98,70,48,48,48,48
original/print/text+img/global_healthcare_digital_health_patient_data_trends(print).pdf,11,1,0,55,2190,2140,1992,0.9308,50,7,0,2033,2019,2007,1995,1988,1988,1988,1983
original/print/text+img/global_healthcare_digital_health_patient_data_trends(print).pdf,12,1,0,31,128,122,109,0.8934,6,0,0,108,105,98,90,108,105,98,90
original/print/text+img/global_healthcare_digital_health_patient_data_trends(print).pdf,13,1,0,58,2186,2096,2001,0.9547,90,7,2,2014,1996,1992,1989,1992,1992,1992,1989
original/print/text+img/global_healthcare_digital_health_patient_data_trends(print).pdf,15,1,0,35,96,14,0,0.0,19,0,0,14,14,14,14,0,0,0,0
original/print/text+img/global_healthcare_digital_health_patient_data_trends(print).pdf,16,1,0,125,1736,376,335,0.891,1323,7,0,364,359,356,355,335,335,335,335
original/print/text+img/mobile_payment_and_fintech_service_expansion(print).pdf,0,1,0,25,51,51,25,0.4902,0,0,0,49,38,30,27,25,24,24,24
original/print/text+img/mobile_payment_and_fintech_service_expansion(print).pdf,1,1,0,1,10,10,10,1.0,0,0,0,10,10,10,10,10,10,10,10
original/print/text+img/mobile_payment_and_fintech_service_expansion(print).pdf,2,1,0,42,625,625,134,0.2144,0,1,0,582,546,537,524,134,128,128,121
original/print/text+img/mobile_payment_and_fintech_service_expansion(print).pdf,3,1,0,15,15,0,0,,15,0,0,0,0,0,0,0,0,0,0
original/print/text+img/mobile_payment_and_fintech_service_expansion(print).pdf,4,1,0,139,241,23,14,0.6087,218,6,0,23,21,21,20,14,14,14,14
original/print/text+img/mobile_payment_and_fintech_service_expansion(print).pdf,5,1,0,154,253,10,0,0.0,243,1,0,7,5,3,0,0,0,0,0
original/print/text+img/mobile_payment_and_fintech_service_expansion(print).pdf,7,1,0,25,43,7,7,1.0,33,0,0,7,7,7,7,7,7,7,7
original/print/text+img/mobile_payment_and_fintech_service_expansion(print).pdf,8,1,0,95,913,197,176,0.8934,603,6,0,196,196,191,191,176,176,176,176
original/print/text+img/mobile_payment_and_fintech_service_expansion(print).pdf,9,1,0,89,523,119,101,0.8487,334,1,0,111,105,103,101,101,101,101,101
original/print/text+img/mobile_payment_and_fintech_service_expansion(print).pdf,10,1,0,28,72,70,28,0.4,2,0,0,64,54,50,33,28,27,27,27
original/print/text+img/mobile_payment_and_fintech_service_expansion(print).pdf,11,1,0,48,1262,1237,1168,0.9442,25,6,0,1176,1175,1171,1148,1157,1157,1153,1148
original/print/text+img/mobile_payment_and_fintech_service_expansion(print).pdf,12,1,0,43,713,702,625,0.8903,11,1,0,652,642,622,622,625,625,622,622
original/print/text+img/mobile_payment_and_fintech_service_expansion(print).pdf,13,1,0,26,70,70,38,0.5429,0,0,0,56,56,44,35,38,38,38,35
original/print/text+img/mobile_payment_and_fintech_service_expansion(print).pdf,14,1,0,51,1500,1450,1356,0.9352,50,9,8,1372,1368,1360,1342,1353,1353,1350,1342
original/print/text+img/mobile_payment_and_fintech_service_expansion(print).pdf,15,1,0,39,554,537,501,0.933,17,1,0,508,500,496,496,501,498,496,496
original/print/text+img/mobile_payment_and_fintech_service_expansion(print).pdf,16,1,0,30,63,9,0,0.0,8,0,0,9,9,9,9,0,0,0,0
original/print/text+img/mobile_payment_and_fintech_service_expansion(print).pdf,17,1,0,95,801,155,138,0.8903,141,6,0,150,150,146,146,138,138,138,138
original/print/text+img/mobile_payment_and_fintech_service_expansion(print).pdf,18,1,0,96,831,149,130,0.8725,682,1,0,143,141,137,127,130,130,127,127
