producer,base,class,fonts,tounicode,programs,cmap_streams,program_streams
saveas,AI_Development_MultiLanguage(saveas),orig,47,14,33,14,20
saveas,AI_Development_MultiLanguage(saveas),C6,47,14,33,14,20
saveas,AI_Development_MultiLanguage(saveas),C7,47,14,0,18,0
saveas,AI_Development_MultiLanguage(saveas),C8,47,0,0,0,0
saveas,AeroChef_Drone_Delivery_Cooking_Service(saveas),orig,45,12,33,12,22
saveas,AeroChef_Drone_Delivery_Cooking_Service(saveas),C6,0,0,0,0,0
saveas,AeroChef_Drone_Delivery_Cooking_Service(saveas),C7,45,12,0,16,0
saveas,AeroChef_Drone_Delivery_Cooking_Service(saveas),C8,45,0,0,0,0
saveas,Aurora_VR_AR_Game_Lineup_Multilingual(saveas),orig,25,6,19,6,13
saveas,Aurora_VR_AR_Game_Lineup_Multilingual(saveas),C6,25,6,19,6,13
saveas,Aurora_VR_AR_Game_Lineup_Multilingual(saveas),C7,25,6,0,8,0
saveas,Aurora_VR_AR_Game_Lineup_Multilingual(saveas),C8,25,0,0,0,0
saveas,Autonomous_Vehicle_Accident_Report(saveas),orig,45,13,32,13,19
saveas,Autonomous_Vehicle_Accident_Report(saveas),C6,45,13,32,13,19
saveas,Autonomous_Vehicle_Accident_Report(saveas),C7,45,13,0,16,0
saveas,Autonomous_Vehicle_Accident_Report(saveas),C8,45,0,0,0,0
saveas,BioNext_Data_Leak_Report(saveas),orig,44,12,32,12,20
saveas,BioNext_Data_Leak_Report(saveas),C6,44,12,32,12,20
saveas,BioNext_Data_Leak_Report(saveas),C7,44,12,0,15,0
saveas,BioNext_Data_Leak_Report(saveas),C8,44,0,0,0,0
saveas,Digital_Minimalism(saveas),orig,43,12,31,12,20
saveas,Digital_Minimalism(saveas),C6,43,12,31,12,20
saveas,Digital_Minimalism(saveas),C7,43,12,0,16,0
saveas,Digital_Minimalism(saveas),C8,43,0,0,0,0
saveas,E-Payment_Service_Outage_Report(saveas),orig,44,12,32,12,20
saveas,E-Payment_Service_Outage_Report(saveas),C6,44,12,32,12,20
saveas,E-Payment_Service_Outage_Report(saveas),C7,44,12,0,14,0
saveas,E-Payment_Service_Outage_Report(saveas),C8,44,0,0,0,0
saveas,EcoWave_Sustainable_Fashion_Collection(saveas),orig,47,14,33,14,21
saveas,EcoWave_Sustainable_Fashion_Collection(saveas),C6,47,14,33,14,21
saveas,EcoWave_Sustainable_Fashion_Collection(saveas),C7,47,14,0,19,0
saveas,EcoWave_Sustainable_Fashion_Collection(saveas),C8,47,0,0,0,0
saveas,EduBot_AI_Learning_Robot_Series(saveas),orig,52,16,36,16,22
saveas,EduBot_AI_Learning_Robot_Series(saveas),C6,52,16,36,16,22
saveas,EduBot_AI_Learning_Robot_Series(saveas),C7,52,16,0,20,0
saveas,EduBot_AI_Learning_Robot_Series(saveas),C8,52,0,0,0,0
saveas,Evolution_Biodegradable_Plastics(saveas),orig,41,12,29,12,19
saveas,Evolution_Biodegradable_Plastics(saveas),C6,41,12,29,12,19
saveas,Evolution_Biodegradable_Plastics(saveas),C7,41,12,0,14,0
saveas,Evolution_Biodegradable_Plastics(saveas),C8,41,0,0,0,0
saveas,Evolution_Food_Culture_Alternative_Foods(saveas),orig,42,12,30,12,19
saveas,Evolution_Food_Culture_Alternative_Foods(saveas),C6,42,12,30,12,19
saveas,Evolution_Food_Culture_Alternative_Foods(saveas),C7,42,12,0,14,0
saveas,Evolution_Food_Culture_Alternative_Foods(saveas),C8,42,0,0,0,0
saveas,International_Logistics_Fire_Report(saveas),orig,42,12,30,12,19
saveas,International_Logistics_Fire_Report(saveas),C6,42,12,30,12,19
saveas,International_Logistics_Fire_Report(saveas),C7,42,12,0,14,0
saveas,International_Logistics_Fire_Report(saveas),C8,42,0,0,0,0
saveas,Lumina_Interior_Lighting_Designbook(saveas),orig,53,16,37,16,22
saveas,Lumina_Interior_Lighting_Designbook(saveas),C6,53,16,37,16,22
saveas,Lumina_Interior_Lighting_Designbook(saveas),C7,53,16,0,20,0
saveas,Lumina_Interior_Lighting_Designbook(saveas),C8,53,0,0,0,0
saveas,NeoHome_Smart_Appliances_Catalog_v5(saveas),orig,36,11,25,11,16
saveas,NeoHome_Smart_Appliances_Catalog_v5(saveas),C6,36,11,25,11,16
saveas,NeoHome_Smart_Appliances_Catalog_v5(saveas),C7,36,11,0,14,0
saveas,NeoHome_Smart_Appliances_Catalog_v5(saveas),C8,36,0,0,0,0
saveas,New_Care_Models_Aging_Society(saveas),orig,26,7,19,7,13
saveas,New_Care_Models_Aging_Society(saveas),C6,26,7,19,7,13
saveas,New_Care_Models_Aging_Society(saveas),C7,26,7,0,9,0
saveas,New_Care_Models_Aging_Society(saveas),C8,26,0,0,0,0
saveas,Next_Decade_Space_Exploration(saveas),orig,45,14,31,14,18
saveas,Next_Decade_Space_Exploration(saveas),C6,45,14,31,14,18
saveas,Next_Decade_Space_Exploration(saveas),C7,45,14,0,16,0
saveas,Next_Decade_Space_Exploration(saveas),C8,45,0,0,0,0
saveas,OceanQuest_Modular_Water_Leisure_Equipment_Guide(saveas),orig,25,6,19,6,13
saveas,OceanQuest_Modular_Water_Leisure_Equipment_Guide(saveas),C6,25,6,19,6,13
saveas,OceanQuest_Modular_Water_Leisure_Equipment_Guide(saveas),C7,25,6,0,8,0
saveas,OceanQuest_Modular_Water_Leisure_Equipment_Guide(saveas),C8,25,0,0,0,0
saveas,PetPal_Smart_PetCare_Products(saveas),orig,50,15,35,15,22
saveas,PetPal_Smart_PetCare_Products(saveas),C6,50,15,35,15,22
saveas,PetPal_Smart_PetCare_Products(saveas),C7,50,15,0,20,0
saveas,PetPal_Smart_PetCare_Products(saveas),C8,50,0,0,0,0
saveas,Quantum_Computing_Race(saveas),orig,45,13,32,13,20
saveas,Quantum_Computing_Race(saveas),C6,45,13,32,13,20
saveas,Quantum_Computing_Race(saveas),C7,45,13,0,17,0
saveas,Quantum_Computing_Race(saveas),C8,45,0,0,0,0
saveas,Robots_Automation_Future_Work(saveas),orig,43,12,31,12,20
saveas,Robots_Automation_Future_Work(saveas),C6,43,12,31,12,20
saveas,Robots_Automation_Future_Work(saveas),C7,43,12,0,16,0
saveas,Robots_Automation_Future_Work(saveas),C8,43,0,0,0,0
saveas,Security_Breach_Investigation_Report(saveas),orig,54,17,37,17,21
saveas,Security_Breach_Investigation_Report(saveas),C6,54,17,37,17,21
saveas,Security_Breach_Investigation_Report(saveas),C7,54,17,0,20,0
saveas,Security_Breach_Investigation_Report(saveas),C8,54,0,0,0,0
saveas,SkyGarden_Indoor_Vertical_Garden_Solutions(saveas),orig,47,13,34,13,22
saveas,SkyGarden_Indoor_Vertical_Garden_Solutions(saveas),C6,47,13,34,13,22
saveas,SkyGarden_Indoor_Vertical_Garden_Solutions(saveas),C7,47,13,0,17,0
saveas,SkyGarden_Indoor_Vertical_Garden_Solutions(saveas),C8,47,0,0,0,0
saveas,Sustainable_Fashion_Innovation(saveas),orig,42,12,30,12,18
saveas,Sustainable_Fashion_Innovation(saveas),C6,42,12,30,12,18
saveas,Sustainable_Fashion_Innovation(saveas),C7,42,12,0,16,0
saveas,Sustainable_Fashion_Innovation(saveas),C8,42,0,0,0,0
saveas,UrbanRide_Electric_Bike_Scooter_Series(saveas),orig,51,15,36,15,22
saveas,UrbanRide_Electric_Bike_Scooter_Series(saveas),C6,51,15,36,15,22
saveas,UrbanRide_Electric_Bike_Scooter_Series(saveas),C7,51,15,0,18,0
saveas,UrbanRide_Electric_Bike_Scooter_Series(saveas),C8,51,0,0,0,0
saveas,Urban_Fine_Particulate_Matter(saveas),orig,45,13,32,13,20
saveas,Urban_Fine_Particulate_Matter(saveas),C6,45,13,32,13,20
saveas,Urban_Fine_Particulate_Matter(saveas),C7,45,13,0,16,0
saveas,Urban_Fine_Particulate_Matter(saveas),C8,45,0,0,0,0
saveas,ai_ethics_responsible_use_guidelines_multilang(saveas),orig,44,12,32,12,20
saveas,ai_ethics_responsible_use_guidelines_multilang(saveas),C6,44,12,32,12,20
saveas,ai_ethics_responsible_use_guidelines_multilang(saveas),C7,44,12,0,15,0
saveas,ai_ethics_responsible_use_guidelines_multilang(saveas),C8,44,0,0,0,0
saveas,climate_crisis_preparedness_community_action_guidelines_multilang(saveas),orig,42,12,30,12,19
saveas,climate_crisis_preparedness_community_action_guidelines_multilang(saveas),C6,42,12,30,12,19
saveas,climate_crisis_preparedness_community_action_guidelines_multilang(saveas),C7,42,12,0,14,0
saveas,climate_crisis_preparedness_community_action_guidelines_multilang(saveas),C8,42,0,0,0,0
saveas,confidential_doc_leak_collusion_investigation(saveas),orig,53,17,36,17,20
saveas,confidential_doc_leak_collusion_investigation(saveas),C6,53,17,36,17,20
saveas,confidential_doc_leak_collusion_investigation(saveas),C7,53,17,0,19,0
saveas,confidential_doc_leak_collusion_investigation(saveas),C8,53,0,0,0,0
saveas,digital_data_security_guidelines(saveas),orig,41,12,29,12,20
saveas,digital_data_security_guidelines(saveas),C6,41,12,29,12,20
saveas,digital_data_security_guidelines(saveas),C7,41,12,0,14,0
saveas,digital_data_security_guidelines(saveas),C8,41,0,0,0,0
saveas,educational_technology_elearning_safety_guidelines_multilang(saveas),orig,43,12,31,12,19
saveas,educational_technology_elearning_safety_guidelines_multilang(saveas),C6,43,12,31,12,19
saveas,educational_technology_elearning_safety_guidelines_multilang(saveas),C7,43,12,0,15,0
saveas,educational_technology_elearning_safety_guidelines_multilang(saveas),C8,43,0,0,0,0
saveas,global_cloud_datacenter_cooling_failure_report(saveas),orig,51,15,36,15,22
saveas,global_cloud_datacenter_cooling_failure_report(saveas),C6,51,15,36,15,22
saveas,global_cloud_datacenter_cooling_failure_report(saveas),C7,51,15,0,19,0
saveas,global_cloud_datacenter_cooling_failure_report(saveas),C8,51,0,0,0,0
saveas,green_energy_sustainable_living_guidelines_multilang(saveas),orig,42,12,30,12,19
saveas,green_energy_sustainable_living_guidelines_multilang(saveas),C6,42,12,30,12,19
saveas,green_energy_sustainable_living_guidelines_multilang(saveas),C7,42,12,0,14,0
saveas,green_energy_sustainable_living_guidelines_multilang(saveas),C8,42,0,0,0,0
saveas,health_wellbeing_digital_age_guidelines_multilang(saveas),orig,29,8,21,8,14
saveas,health_wellbeing_digital_age_guidelines_multilang(saveas),C6,29,8,21,8,14
saveas,health_wellbeing_digital_age_guidelines_multilang(saveas),C7,29,8,0,11,0
saveas,health_wellbeing_digital_age_guidelines_multilang(saveas),C8,29,0,0,0,0
saveas,illegal_item_trading_money_laundering_in_games(saveas),orig,55,18,37,18,21
saveas,illegal_item_trading_money_laundering_in_games(saveas),C6,55,18,37,18,21
saveas,illegal_item_trading_money_laundering_in_games(saveas),C7,55,18,0,21,0
saveas,illegal_item_trading_money_laundering_in_games(saveas),C8,55,0,0,0,0
saveas,messenger_app_data_misuse_investigation(saveas),orig,39,12,27,12,16
saveas,messenger_app_data_misuse_investigation(saveas),C6,39,12,27,12,16
saveas,messenger_app_data_misuse_investigation(saveas),C7,39,12,0,15,0
saveas,messenger_app_data_misuse_investigation(saveas),C8,39,0,0,0,0
saveas,open_source_software_contribution_guidelines_multilang(saveas),orig,39,10,29,10,19
saveas,open_source_software_contribution_guidelines_multilang(saveas),C6,39,10,29,10,19
saveas,open_source_software_contribution_guidelines_multilang(saveas),C7,39,10,0,13,0
saveas,open_source_software_contribution_guidelines_multilang(saveas),C8,39,0,0,0,0
saveas,personal_finance_cyber_fraud_prevention_guidelines_multilang(saveas),orig,39,10,29,10,20
saveas,personal_finance_cyber_fraud_prevention_guidelines_multilang(saveas),C6,39,10,29,10,20
saveas,personal_finance_cyber_fraud_prevention_guidelines_multilang(saveas),C7,39,10,0,14,0
saveas,personal_finance_cyber_fraud_prevention_guidelines_multilang(saveas),C8,39,0,0,0,0
saveas,remote_work_home_office_guidelines(saveas),orig,38,10,28,10,19
saveas,remote_work_home_office_guidelines(saveas),C6,38,10,28,10,19
saveas,remote_work_home_office_guidelines(saveas),C7,38,10,0,12,0
saveas,remote_work_home_office_guidelines(saveas),C8,38,0,0,0,0
saveas,smart_city_data_privacy_guidelines_multilang(saveas),orig,33,9,24,9,16
saveas,smart_city_data_privacy_guidelines_multilang(saveas),C6,33,9,24,9,16
saveas,smart_city_data_privacy_guidelines_multilang(saveas),C7,33,9,0,12,0
saveas,smart_city_data_privacy_guidelines_multilang(saveas),C8,33,0,0,0,0
saveas,smart_factory_robot_malfunction_analysis(saveas),orig,40,13,27,13,15
saveas,smart_factory_robot_malfunction_analysis(saveas),C6,40,13,27,13,15
saveas,smart_factory_robot_malfunction_analysis(saveas),C7,40,13,0,15,0
saveas,smart_factory_robot_malfunction_analysis(saveas),C8,40,0,0,0,0
saveas,global_agriculture_food_security_climate_impact(saveas),orig,35,10,25,10,16
saveas,global_agriculture_food_security_climate_impact(saveas),C6,35,10,25,10,16
saveas,global_agriculture_food_security_climate_impact(saveas),C7,35,10,0,14,0
saveas,global_agriculture_food_security_climate_impact(saveas),C8,35,0,0,0,0
saveas,global_ai_technology_investment_and_industry_adoption(saveas),orig,45,13,32,13,19
saveas,global_ai_technology_investment_and_industry_adoption(saveas),C6,45,13,32,13,19
saveas,global_ai_technology_investment_and_industry_adoption(saveas),C7,45,13,0,18,0
saveas,global_ai_technology_investment_and_industry_adoption(saveas),C8,45,0,0,0,0
saveas,global_climate_change_indicators_and_ghg_emissions(saveas),orig,48,15,33,15,20
saveas,global_climate_change_indicators_and_ghg_emissions(saveas),C6,48,15,33,15,20
saveas,global_climate_change_indicators_and_ghg_emissions(saveas),C7,48,15,0,18,0
saveas,global_climate_change_indicators_and_ghg_emissions(saveas),C8,48,0,0,0,0
saveas,global_esports_and_gaming_industry_growth(saveas),orig,46,14,32,14,21
saveas,global_esports_and_gaming_industry_growth(saveas),C6,46,14,32,14,21
saveas,global_esports_and_gaming_industry_growth(saveas),C7,46,14,0,17,0
saveas,global_esports_and_gaming_industry_growth(saveas),C8,46,0,0,0,0
saveas,global_ev_market_growth_statistics(saveas),orig,41,11,30,11,20
saveas,global_ev_market_growth_statistics(saveas),C6,41,11,30,11,20
saveas,global_ev_market_growth_statistics(saveas),C7,41,11,0,13,0
saveas,global_ev_market_growth_statistics(saveas),C8,41,0,0,0,0
saveas,global_healthcare_digital_health_patient_data_trends(saveas),orig,45,15,30,15,19
saveas,global_healthcare_digital_health_patient_data_trends(saveas),C6,45,15,30,15,19
saveas,global_healthcare_digital_health_patient_data_trends(saveas),C7,45,15,0,17,0
saveas,global_healthcare_digital_health_patient_data_trends(saveas),C8,45,0,0,0,0
saveas,global_renewable_energy_generation_and_carbon_reduction_analysis(saveas),orig,47,14,33,14,20
saveas,global_renewable_energy_generation_and_carbon_reduction_analysis(saveas),C6,47,14,33,14,20
saveas,global_renewable_energy_generation_and_carbon_reduction_analysis(saveas),C7,47,14,0,17,0
saveas,global_renewable_energy_generation_and_carbon_reduction_analysis(saveas),C8,47,0,0,0,0
saveas,international_tourism_trends_country_spending_patterns_multilang(saveas),orig,40,11,29,11,19
saveas,international_tourism_trends_country_spending_patterns_multilang(saveas),C6,40,11,29,11,19
saveas,international_tourism_trends_country_spending_patterns_multilang(saveas),C7,40,11,0,13,0
saveas,international_tourism_trends_country_spending_patterns_multilang(saveas),C8,40,0,0,0,0
saveas,mobile_payment_and_fintech_service_expansion(saveas),orig,45,13,32,13,20
saveas,mobile_payment_and_fintech_service_expansion(saveas),C6,45,13,32,13,20
saveas,mobile_payment_and_fintech_service_expansion(saveas),C7,45,13,0,15,0
saveas,mobile_payment_and_fintech_service_expansion(saveas),C8,45,0,0,0,0
saveas,online_education_elearning_market_growth_analysis(saveas),orig,31,9,22,9,14
saveas,online_education_elearning_market_growth_analysis(saveas),C6,31,9,22,9,14
saveas,online_education_elearning_market_growth_analysis(saveas),C7,31,9,0,13,0
saveas,online_education_elearning_market_growth_analysis(saveas),C8,31,0,0,0,0
print,AI_Development_MultiLanguage(print),orig,18,18,18,18,18
print,AI_Development_MultiLanguage(print),C6,18,18,18,18,18
print,AI_Development_MultiLanguage(print),C7,36,36,0,18,0
print,AI_Development_MultiLanguage(print),C8,36,0,0,0,0
print,AeroChef_Drone_Delivery_Cooking_Service(print),orig,22,22,22,22,22
print,AeroChef_Drone_Delivery_Cooking_Service(print),C6,22,22,22,22,22
print,AeroChef_Drone_Delivery_Cooking_Service(print),C7,44,44,0,22,0
print,AeroChef_Drone_Delivery_Cooking_Service(print),C8,44,0,0,0,0
print,Aurora_VR_AR_Game_Lineup_Multilingual(print),orig,11,11,11,11,11
print,Aurora_VR_AR_Game_Lineup_Multilingual(print),C6,11,11,11,11,11
print,Aurora_VR_AR_Game_Lineup_Multilingual(print),C7,22,22,0,11,0
print,Aurora_VR_AR_Game_Lineup_Multilingual(print),C8,22,0,0,0,0
print,Autonomous_Vehicle_Accident_Report(print),orig,18,18,18,18,18
print,Autonomous_Vehicle_Accident_Report(print),C6,18,18,18,18,18
print,Autonomous_Vehicle_Accident_Report(print),C7,36,36,0,18,0
print,Autonomous_Vehicle_Accident_Report(print),C8,36,0,0,0,0
print,BioNext_Data_Leak_Report(print),orig,19,19,19,19,19
print,BioNext_Data_Leak_Report(print),C6,19,19,19,19,19
print,BioNext_Data_Leak_Report(print),C7,38,38,0,19,0
print,BioNext_Data_Leak_Report(print),C8,38,0,0,0,0
print,Digital_Minimalism(print),orig,19,19,19,19,19
print,Digital_Minimalism(print),C6,19,19,19,19,19
print,Digital_Minimalism(print),C7,38,38,0,19,0
print,Digital_Minimalism(print),C8,38,0,0,0,0
print,E-Payment_Service_Outage_Report(print),orig,19,19,19,19,19
print,E-Payment_Service_Outage_Report(print),C6,19,19,19,19,19
print,E-Payment_Service_Outage_Report(print),C7,38,38,0,19,0
print,E-Payment_Service_Outage_Report(print),C8,38,0,0,0,0
print,EcoWave_Sustainable_Fashion_Collection(print),orig,20,20,20,20,20
print,EcoWave_Sustainable_Fashion_Collection(print),C6,20,20,20,20,20
print,EcoWave_Sustainable_Fashion_Collection(print),C7,40,40,0,20,0
print,EcoWave_Sustainable_Fashion_Collection(print),C8,40,0,0,0,0
print,EduBot_AI_Learning_Robot_Series(print),orig,20,20,20,20,20
print,EduBot_AI_Learning_Robot_Series(print),C6,20,20,20,20,20
print,EduBot_AI_Learning_Robot_Series(print),C7,40,40,0,20,0
print,EduBot_AI_Learning_Robot_Series(print),C8,40,0,0,0,0
print,Evolution_Biodegradable_Plastics(print),orig,18,18,18,18,18
print,Evolution_Biodegradable_Plastics(print),C6,18,18,18,18,18
print,Evolution_Biodegradable_Plastics(print),C7,36,36,0,18,0
print,Evolution_Biodegradable_Plastics(print),C8,36,0,0,0,0
print,Evolution_Food_Culture_Alternative_Foods(print),orig,17,17,17,17,17
print,Evolution_Food_Culture_Alternative_Foods(print),C6,17,17,17,17,17
print,Evolution_Food_Culture_Alternative_Foods(print),C7,34,34,0,17,0
print,Evolution_Food_Culture_Alternative_Foods(print),C8,34,0,0,0,0
print,International_Logistics_Fire_Report(print),orig,17,17,17,17,17
print,International_Logistics_Fire_Report(print),C6,17,17,17,17,17
print,International_Logistics_Fire_Report(print),C7,34,34,0,17,0
print,International_Logistics_Fire_Report(print),C8,34,0,0,0,0
print,Lumina_Interior_Lighting_Designbook(print),orig,22,22,22,22,22
print,Lumina_Interior_Lighting_Designbook(print),C6,22,22,22,22,22
print,Lumina_Interior_Lighting_Designbook(print),C7,44,44,0,22,0
print,Lumina_Interior_Lighting_Designbook(print),C8,44,0,0,0,0
print,NeoHome_Smart_Appliances_Catalog_v5(print),orig,15,15,15,15,15
print,NeoHome_Smart_Appliances_Catalog_v5(print),C6,15,15,15,15,15
print,NeoHome_Smart_Appliances_Catalog_v5(print),C7,30,30,0,15,0
print,NeoHome_Smart_Appliances_Catalog_v5(print),C8,30,0,0,0,0
print,New_Care_Models_Aging_Society(print),orig,11,11,11,11,11
print,New_Care_Models_Aging_Society(print),C6,11,11,11,11,11
print,New_Care_Models_Aging_Society(print),C7,22,22,0,11,0
print,New_Care_Models_Aging_Society(print),C8,22,0,0,0,0
print,Next_Decade_Space_Exploration(print),orig,18,18,18,18,18
print,Next_Decade_Space_Exploration(print),C6,18,18,18,18,18
print,Next_Decade_Space_Exploration(print),C7,36,36,0,18,0
print,Next_Decade_Space_Exploration(print),C8,36,0,0,0,0
print,OceanQuest_Modular_Water_Leisure_Equipment_Guide(print),orig,12,12,12,12,12
print,OceanQuest_Modular_Water_Leisure_Equipment_Guide(print),C6,12,12,12,12,12
print,OceanQuest_Modular_Water_Leisure_Equipment_Guide(print),C7,24,24,0,12,0
print,OceanQuest_Modular_Water_Leisure_Equipment_Guide(print),C8,24,0,0,0,0
print,PetPal_Smart_PetCare_Products(print),orig,20,20,20,20,20
print,PetPal_Smart_PetCare_Products(print),C6,20,20,20,20,20
print,PetPal_Smart_PetCare_Products(print),C7,40,40,0,20,0
print,PetPal_Smart_PetCare_Products(print),C8,40,0,0,0,0
print,Quantum_Computing_Race(print),orig,20,20,20,20,20
print,Quantum_Computing_Race(print),C6,20,20,20,20,20
print,Quantum_Computing_Race(print),C7,40,40,0,20,0
print,Quantum_Computing_Race(print),C8,40,0,0,0,0
print,Robots_Automation_Future_Work(print),orig,18,18,18,18,18
print,Robots_Automation_Future_Work(print),C6,18,18,18,18,18
print,Robots_Automation_Future_Work(print),C7,36,36,0,18,0
print,Robots_Automation_Future_Work(print),C8,36,0,0,0,0
print,Security_Breach_Investigation_Report(print),orig,19,19,19,19,19
print,Security_Breach_Investigation_Report(print),C6,19,19,19,19,19
print,Security_Breach_Investigation_Report(print),C7,38,38,0,19,0
print,Security_Breach_Investigation_Report(print),C8,38,0,0,0,0
print,SkyGarden_Indoor_Vertical_Garden_Solutions(print),orig,21,21,21,21,21
print,SkyGarden_Indoor_Vertical_Garden_Solutions(print),C6,21,21,21,21,21
print,SkyGarden_Indoor_Vertical_Garden_Solutions(print),C7,42,42,0,21,0
print,SkyGarden_Indoor_Vertical_Garden_Solutions(print),C8,42,0,0,0,0
print,Sustainable_Fashion_Innovation(print),orig,17,17,17,17,17
print,Sustainable_Fashion_Innovation(print),C6,17,17,17,17,17
print,Sustainable_Fashion_Innovation(print),C7,34,34,0,17,0
print,Sustainable_Fashion_Innovation(print),C8,34,0,0,0,0
print,UrbanRide_Electric_Bike_Scooter_Series(print),orig,20,20,20,20,20
print,UrbanRide_Electric_Bike_Scooter_Series(print),C6,20,20,20,20,20
print,UrbanRide_Electric_Bike_Scooter_Series(print),C7,40,40,0,20,0
print,UrbanRide_Electric_Bike_Scooter_Series(print),C8,40,0,0,0,0
print,Urban_Fine_Particulate_Matter(print),orig,19,19,19,19,19
print,Urban_Fine_Particulate_Matter(print),C6,19,19,19,19,19
print,Urban_Fine_Particulate_Matter(print),C7,38,38,0,19,0
print,Urban_Fine_Particulate_Matter(print),C8,38,0,0,0,0
print,ai_ethics_responsible_use_guidelines_multilang(print),orig,20,20,20,20,20
print,ai_ethics_responsible_use_guidelines_multilang(print),C6,20,20,20,20,20
print,ai_ethics_responsible_use_guidelines_multilang(print),C7,40,40,0,20,0
print,ai_ethics_responsible_use_guidelines_multilang(print),C8,40,0,0,0,0
print,climate_crisis_preparedness_community_action_guidelines_multilang(print),orig,17,17,17,17,17
print,climate_crisis_preparedness_community_action_guidelines_multilang(print),C6,17,17,17,17,17
print,climate_crisis_preparedness_community_action_guidelines_multilang(print),C7,34,34,0,17,0
print,climate_crisis_preparedness_community_action_guidelines_multilang(print),C8,34,0,0,0,0
print,confidential_doc_leak_collusion_investigation(print),orig,19,19,19,19,19
print,confidential_doc_leak_collusion_investigation(print),C6,19,19,19,19,19
print,confidential_doc_leak_collusion_investigation(print),C7,38,38,0,19,0
print,confidential_doc_leak_collusion_investigation(print),C8,38,0,0,0,0
print,digital_data_security_guidelines(print),orig,19,19,19,19,19
print,digital_data_security_guidelines(print),C6,19,19,19,19,19
print,digital_data_security_guidelines(print),C7,38,38,0,19,0
print,digital_data_security_guidelines(print),C8,38,0,0,0,0
print,educational_technology_elearning_safety_guidelines_multilang(print),orig,17,17,17,17,17
print,educational_technology_elearning_safety_guidelines_multilang(print),C6,17,17,17,17,17
print,educational_technology_elearning_safety_guidelines_multilang(print),C7,34,34,0,17,0
print,educational_technology_elearning_safety_guidelines_multilang(print),C8,34,0,0,0,0
print,global_cloud_datacenter_cooling_failure_report(print),orig,21,21,21,21,21
print,global_cloud_datacenter_cooling_failure_report(print),C6,21,21,21,21,21
print,global_cloud_datacenter_cooling_failure_report(print),C7,42,42,0,21,0
print,global_cloud_datacenter_cooling_failure_report(print),C8,42,0,0,0,0
print,green_energy_sustainable_living_guidelines_multilang(print),orig,17,17,17,17,17
print,green_energy_sustainable_living_guidelines_multilang(print),C6,17,17,17,17,17
print,green_energy_sustainable_living_guidelines_multilang(print),C7,34,34,0,17,0
print,green_energy_sustainable_living_guidelines_multilang(print),C8,34,0,0,0,0
print,health_wellbeing_digital_age_guidelines_multilang(print),orig,13,13,13,13,13
print,health_wellbeing_digital_age_guidelines_multilang(print),C6,13,13,13,13,13
print,health_wellbeing_digital_age_guidelines_multilang(print),C7,26,26,0,13,0
print,health_wellbeing_digital_age_guidelines_multilang(print),C8,26,0,0,0,0
print,illegal_item_trading_money_laundering_in_games(print),orig,19,19,19,19,19
print,illegal_item_trading_money_laundering_in_games(print),C6,19,19,19,19,19
print,illegal_item_trading_money_laundering_in_games(print),C7,38,38,0,19,0
print,illegal_item_trading_money_laundering_in_games(print),C8,38,0,0,0,0
print,messenger_app_data_misuse_investigation(print),orig,15,15,15,15,15
print,messenger_app_data_misuse_investigation(print),C6,15,15,15,15,15
print,messenger_app_data_misuse_investigation(print),C7,30,30,0,15,0
print,messenger_app_data_misuse_investigation(print),C8,30,0,0,0,0
print,open_source_software_contribution_guidelines_multilang(print),orig,18,18,18,18,18
print,open_source_software_contribution_guidelines_multilang(print),C6,18,18,18,18,18
print,open_source_software_contribution_guidelines_multilang(print),C7,36,36,0,18,0
print,open_source_software_contribution_guidelines_multilang(print),C8,36,0,0,0,0
print,personal_finance_cyber_fraud_prevention_guidelines_multilang(print),orig,19,19,19,19,19
print,personal_finance_cyber_fraud_prevention_guidelines_multilang(print),C6,19,19,19,19,19
print,personal_finance_cyber_fraud_prevention_guidelines_multilang(print),C7,38,38,0,19,0
print,personal_finance_cyber_fraud_prevention_guidelines_multilang(print),C8,38,0,0,0,0
print,remote_work_home_office_guidelines(print),orig,18,18,18,18,18
print,remote_work_home_office_guidelines(print),C6,18,18,18,18,18
print,remote_work_home_office_guidelines(print),C7,36,36,0,18,0
print,remote_work_home_office_guidelines(print),C8,36,0,0,0,0
print,smart_city_data_privacy_guidelines_multilang(print),orig,15,15,15,15,15
print,smart_city_data_privacy_guidelines_multilang(print),C6,15,15,15,15,15
print,smart_city_data_privacy_guidelines_multilang(print),C7,30,30,0,15,0
print,smart_city_data_privacy_guidelines_multilang(print),C8,30,0,0,0,0
print,smart_factory_robot_malfunction_analysis(print),orig,14,14,14,14,14
print,smart_factory_robot_malfunction_analysis(print),C6,14,14,14,14,14
print,smart_factory_robot_malfunction_analysis(print),C7,28,28,0,14,0
print,smart_factory_robot_malfunction_analysis(print),C8,28,0,0,0,0
print,global_agriculture_food_security_climate_impact(print),orig,15,15,15,15,15
print,global_agriculture_food_security_climate_impact(print),C6,15,15,15,15,15
print,global_agriculture_food_security_climate_impact(print),C7,30,30,0,15,0
print,global_agriculture_food_security_climate_impact(print),C8,30,0,0,0,0
print,global_ai_technology_investment_and_industry_adoption(print),orig,19,19,19,19,19
print,global_ai_technology_investment_and_industry_adoption(print),C6,19,19,19,19,19
print,global_ai_technology_investment_and_industry_adoption(print),C7,38,38,0,19,0
print,global_ai_technology_investment_and_industry_adoption(print),C8,38,0,0,0,0
print,global_climate_change_indicators_and_ghg_emissions(print),orig,19,19,19,19,19
print,global_climate_change_indicators_and_ghg_emissions(print),C6,19,19,19,19,19
print,global_climate_change_indicators_and_ghg_emissions(print),C7,38,38,0,19,0
print,global_climate_change_indicators_and_ghg_emissions(print),C8,38,0,0,0,0
print,global_esports_and_gaming_industry_growth(print),orig,19,19,19,19,19
print,global_esports_and_gaming_industry_growth(print),C6,19,19,19,19,19
print,global_esports_and_gaming_industry_growth(print),C7,38,38,0,19,0
print,global_esports_and_gaming_industry_growth(print),C8,38,0,0,0,0
print,global_ev_market_growth_statistics(print),orig,19,19,19,19,19
print,global_ev_market_growth_statistics(print),C6,19,19,19,19,19
print,global_ev_market_growth_statistics(print),C7,38,38,0,19,0
print,global_ev_market_growth_statistics(print),C8,38,0,0,0,0
print,global_healthcare_digital_health_patient_data_trends(print),orig,17,17,17,17,17
print,global_healthcare_digital_health_patient_data_trends(print),C6,17,17,17,17,17
print,global_healthcare_digital_health_patient_data_trends(print),C7,34,34,0,17,0
print,global_healthcare_digital_health_patient_data_trends(print),C8,34,0,0,0,0
print,global_renewable_energy_generation_and_carbon_reduction_analysis(print),orig,19,19,19,19,19
print,global_renewable_energy_generation_and_carbon_reduction_analysis(print),C6,19,19,19,19,19
print,global_renewable_energy_generation_and_carbon_reduction_analysis(print),C7,38,38,0,19,0
print,global_renewable_energy_generation_and_carbon_reduction_analysis(print),C8,38,0,0,0,0
print,international_tourism_trends_country_spending_patterns_multilang(print),orig,19,19,19,19,19
print,international_tourism_trends_country_spending_patterns_multilang(print),C6,19,19,19,19,19
print,international_tourism_trends_country_spending_patterns_multilang(print),C7,38,38,0,19,0
print,international_tourism_trends_country_spending_patterns_multilang(print),C8,38,0,0,0,0
print,mobile_payment_and_fintech_service_expansion(print),orig,19,19,19,19,19
print,mobile_payment_and_fintech_service_expansion(print),C6,19,19,19,19,19
print,mobile_payment_and_fintech_service_expansion(print),C7,38,38,0,19,0
print,mobile_payment_and_fintech_service_expansion(print),C8,38,0,0,0,0
print,online_education_elearning_market_growth_analysis(print),orig,13,13,13,13,13
print,online_education_elearning_market_growth_analysis(print),C6,13,13,13,13,13
print,online_education_elearning_market_growth_analysis(print),C7,26,26,0,13,0
print,online_education_elearning_market_growth_analysis(print),C8,26,0,0,0,0
