doc,page,script,layer_chars,engine,char_recall,char_precision,seconds
AI_Development_MultiLanguage(saveas).pdf,1,LATIN,1557,tess_eng,0.9942,0.9942,2.12
AI_Development_MultiLanguage(saveas).pdf,1,LATIN,1557,tess_all,0.9955,0.9955,2.36
AI_Development_MultiLanguage(saveas).pdf,1,LATIN,1557,tess_script,0.9955,0.9955,2.31
AI_Development_MultiLanguage(saveas).pdf,1,LATIN,1557,rapidocr,0.9955,0.9955,9.51
AI_Development_MultiLanguage(saveas).pdf,1,LATIN,1557,rapid_script,0.9968,0.9968,9.39
AI_Development_MultiLanguage(saveas).pdf,2,HAN,460,tess_eng,0.0804,0.0777,2.31
AI_Development_MultiLanguage(saveas).pdf,2,HAN,460,tess_all,0.9652,0.9758,11.84
AI_Development_MultiLanguage(saveas).pdf,2,HAN,460,tess_script,0.9804,0.9783,1.83
AI_Development_MultiLanguage(saveas).pdf,2,HAN,460,rapidocr,1.0,1.0,7.38
AI_Development_MultiLanguage(saveas).pdf,2,HAN,460,rapid_script,1.0,1.0,8.07
AI_Development_MultiLanguage(saveas).pdf,3,DEVANAGARI,1203,tess_eng,0.0266,0.0409,2.83
AI_Development_MultiLanguage(saveas).pdf,3,DEVANAGARI,1203,tess_all,0.9277,0.9482,14.69
AI_Development_MultiLanguage(saveas).pdf,3,DEVANAGARI,1203,tess_script,0.951,0.9525,2.66
AI_Development_MultiLanguage(saveas).pdf,3,DEVANAGARI,1203,rapidocr,0.0191,0.2347,4.82
AI_Development_MultiLanguage(saveas).pdf,3,DEVANAGARI,1203,rapid_script,0.8329,0.9672,7.63
AI_Development_MultiLanguage(saveas).pdf,4,LATIN,1480,tess_eng,0.9777,0.9757,2.32
AI_Development_MultiLanguage(saveas).pdf,4,LATIN,1480,tess_all,0.9946,0.9953,3.53
AI_Development_MultiLanguage(saveas).pdf,4,LATIN,1480,tess_script,0.9959,0.9959,2.87
AI_Development_MultiLanguage(saveas).pdf,4,LATIN,1480,rapidocr,0.8973,0.9977,5.92
AI_Development_MultiLanguage(saveas).pdf,4,LATIN,1480,rapid_script,0.8588,1.0,7.58
AI_Development_MultiLanguage(saveas).pdf,5,LATIN,1455,tess_eng,0.978,0.9773,2.71
AI_Development_MultiLanguage(saveas).pdf,5,LATIN,1455,tess_all,0.9876,0.9883,6.02
AI_Development_MultiLanguage(saveas).pdf,5,LATIN,1455,tess_script,0.9897,0.9904,2.92
AI_Development_MultiLanguage(saveas).pdf,5,LATIN,1455,rapidocr,0.9622,0.9986,6.92
AI_Development_MultiLanguage(saveas).pdf,5,LATIN,1455,rapid_script,0.9505,0.9957,8.09
AI_Development_MultiLanguage(saveas).pdf,6,ARABIC,1095,tess_eng,0.0137,0.0188,2.45
AI_Development_MultiLanguage(saveas).pdf,6,ARABIC,1095,tess_all,0.9105,0.9587,11.23
AI_Development_MultiLanguage(saveas).pdf,6,ARABIC,1095,tess_script,0.9315,0.9893,2.23
AI_Development_MultiLanguage(saveas).pdf,6,ARABIC,1095,rapidocr,0.0064,0.1321,6.15
AI_Development_MultiLanguage(saveas).pdf,6,ARABIC,1095,rapid_script,0.7607,0.9952,8.81
NeoHome_Smart_Appliances_Catalog_v5(saveas).pdf,1,LATIN,1289,tess_eng,0.986,0.9876,2.13
NeoHome_Smart_Appliances_Catalog_v5(saveas).pdf,1,LATIN,1289,tess_all,0.986,0.9868,3.0
NeoHome_Smart_Appliances_Catalog_v5(saveas).pdf,1,LATIN,1289,tess_script,0.986,0.9876,2.04
NeoHome_Smart_Appliances_Catalog_v5(saveas).pdf,1,LATIN,1289,rapidocr,0.986,0.9899,6.92
NeoHome_Smart_Appliances_Catalog_v5(saveas).pdf,1,LATIN,1289,rapid_script,0.986,0.9899,6.6
NeoHome_Smart_Appliances_Catalog_v5(saveas).pdf,2,HAN,432,tess_eng,0.125,0.1192,2.44
NeoHome_Smart_Appliances_Catalog_v5(saveas).pdf,2,HAN,432,tess_all,0.8935,0.8998,11.91
NeoHome_Smart_Appliances_Catalog_v5(saveas).pdf,2,HAN,432,tess_script,0.9375,0.9552,2.01
NeoHome_Smart_Appliances_Catalog_v5(saveas).pdf,2,HAN,432,rapidocr,0.9907,0.9907,8.06
NeoHome_Smart_Appliances_Catalog_v5(saveas).pdf,2,HAN,432,rapid_script,0.9907,0.9907,7.31
NeoHome_Smart_Appliances_Catalog_v5(saveas).pdf,3,DEVANAGARI,1124,tess_eng,0.0507,0.0752,2.49
NeoHome_Smart_Appliances_Catalog_v5(saveas).pdf,3,DEVANAGARI,1124,tess_all,0.8888,0.9233,16.04
NeoHome_Smart_Appliances_Catalog_v5(saveas).pdf,3,DEVANAGARI,1124,tess_script,0.9119,0.8991,4.12
NeoHome_Smart_Appliances_Catalog_v5(saveas).pdf,3,DEVANAGARI,1124,rapidocr,0.0436,0.3451,9.81
NeoHome_Smart_Appliances_Catalog_v5(saveas).pdf,3,DEVANAGARI,1124,rapid_script,0.75,0.9006,15.79
NeoHome_Smart_Appliances_Catalog_v5(saveas).pdf,4,LATIN,1395,tess_eng,0.9799,0.9792,3.6
NeoHome_Smart_Appliances_Catalog_v5(saveas).pdf,4,LATIN,1395,tess_all,0.9914,0.9921,6.43
NeoHome_Smart_Appliances_Catalog_v5(saveas).pdf,4,LATIN,1395,tess_script,0.9921,0.9943,4.8
NeoHome_Smart_Appliances_Catalog_v5(saveas).pdf,4,LATIN,1395,rapidocr,0.9491,0.9985,14.97
NeoHome_Smart_Appliances_Catalog_v5(saveas).pdf,4,LATIN,1395,rapid_script,0.9434,0.9977,18.61
NeoHome_Smart_Appliances_Catalog_v5(saveas).pdf,5,LATIN,1330,tess_eng,0.9722,0.9758,3.99
NeoHome_Smart_Appliances_Catalog_v5(saveas).pdf,5,LATIN,1330,tess_all,0.9812,0.9827,8.74
NeoHome_Smart_Appliances_Catalog_v5(saveas).pdf,5,LATIN,1330,tess_script,0.985,0.9887,4.51
NeoHome_Smart_Appliances_Catalog_v5(saveas).pdf,5,LATIN,1330,rapidocr,0.994,0.9977,15.1
NeoHome_Smart_Appliances_Catalog_v5(saveas).pdf,5,LATIN,1330,rapid_script,0.9932,0.997,22.4
NeoHome_Smart_Appliances_Catalog_v5(saveas).pdf,6,ARABIC,1067,tess_eng,0.0131,0.0182,3.94
NeoHome_Smart_Appliances_Catalog_v5(saveas).pdf,6,ARABIC,1067,tess_all,0.8463,0.9348,15.88
NeoHome_Smart_Appliances_Catalog_v5(saveas).pdf,6,ARABIC,1067,tess_script,0.9157,0.9829,4.49
NeoHome_Smart_Appliances_Catalog_v5(saveas).pdf,6,ARABIC,1067,rapidocr,0.0037,0.16,13.24
NeoHome_Smart_Appliances_Catalog_v5(saveas).pdf,6,ARABIC,1067,rapid_script,0.9157,0.9959,20.87
climate_crisis_preparedness_community_action_guidelines_multilang(saveas).pdf,1,LATIN,1519,tess_eng,1.0,1.0,3.89
climate_crisis_preparedness_community_action_guidelines_multilang(saveas).pdf,1,LATIN,1519,tess_all,1.0,1.0,4.45
climate_crisis_preparedness_community_action_guidelines_multilang(saveas).pdf,1,LATIN,1519,tess_script,1.0,1.0,4.1
climate_crisis_preparedness_community_action_guidelines_multilang(saveas).pdf,1,LATIN,1519,rapidocr,0.9677,1.0,20.83
climate_crisis_preparedness_community_action_guidelines_multilang(saveas).pdf,1,LATIN,1519,rapid_script,0.9592,1.0,20.21
climate_crisis_preparedness_community_action_guidelines_multilang(saveas).pdf,2,HAN,461,tess_eng,0.0499,0.0473,3.56
climate_crisis_preparedness_community_action_guidelines_multilang(saveas).pdf,2,HAN,461,tess_all,0.9306,0.9346,16.56
climate_crisis_preparedness_community_action_guidelines_multilang(saveas).pdf,2,HAN,461,tess_script,0.9805,0.9805,2.52
climate_crisis_preparedness_community_action_guidelines_multilang(saveas).pdf,2,HAN,461,rapidocr,1.0,1.0,10.54
climate_crisis_preparedness_community_action_guidelines_multilang(saveas).pdf,2,HAN,461,rapid_script,1.0,1.0,11.34
climate_crisis_preparedness_community_action_guidelines_multilang(saveas).pdf,3,DEVANAGARI,1488,tess_eng,0.0249,0.0337,5.27
climate_crisis_preparedness_community_action_guidelines_multilang(saveas).pdf,3,DEVANAGARI,1488,tess_all,0.873,0.8825,20.44
climate_crisis_preparedness_community_action_guidelines_multilang(saveas).pdf,3,DEVANAGARI,1488,tess_script,0.8931,0.8902,4.02
climate_crisis_preparedness_community_action_guidelines_multilang(saveas).pdf,3,DEVANAGARI,1488,rapidocr,0.0235,0.5556,10.6
climate_crisis_preparedness_community_action_guidelines_multilang(saveas).pdf,3,DEVANAGARI,1488,rapid_script,0.828,0.8787,13.69
climate_crisis_preparedness_community_action_guidelines_multilang(saveas).pdf,4,LATIN,1623,tess_eng,0.9784,0.9772,3.32
climate_crisis_preparedness_community_action_guidelines_multilang(saveas).pdf,4,LATIN,1623,tess_all,0.9951,0.9951,8.03
climate_crisis_preparedness_community_action_guidelines_multilang(saveas).pdf,4,LATIN,1623,tess_script,0.9951,0.9951,6.44
climate_crisis_preparedness_community_action_guidelines_multilang(saveas).pdf,4,LATIN,1623,rapidocr,0.9433,0.9954,12.44
climate_crisis_preparedness_community_action_guidelines_multilang(saveas).pdf,4,LATIN,1623,rapid_script,0.9242,1.0,13.71
climate_crisis_preparedness_community_action_guidelines_multilang(saveas).pdf,5,LATIN,1698,tess_eng,0.9841,0.9841,4.43
climate_crisis_preparedness_community_action_guidelines_multilang(saveas).pdf,5,LATIN,1698,tess_all,0.9971,0.9971,3.71
climate_crisis_preparedness_community_action_guidelines_multilang(saveas).pdf,5,LATIN,1698,tess_script,0.9971,0.9971,3.06
climate_crisis_preparedness_community_action_guidelines_multilang(saveas).pdf,5,LATIN,1698,rapidocr,0.9635,0.9994,17.02
climate_crisis_preparedness_community_action_guidelines_multilang(saveas).pdf,5,LATIN,1698,rapid_script,0.9541,0.9994,18.38
climate_crisis_preparedness_community_action_guidelines_multilang(saveas).pdf,6,ARABIC,1254,tess_eng,0.0447,0.0561,3.1
climate_crisis_preparedness_community_action_guidelines_multilang(saveas).pdf,6,ARABIC,1254,tess_all,0.9402,0.9298,14.51
climate_crisis_preparedness_community_action_guidelines_multilang(saveas).pdf,6,ARABIC,1254,tess_script,0.9856,0.9833,1.99
climate_crisis_preparedness_community_action_guidelines_multilang(saveas).pdf,6,ARABIC,1254,rapidocr,0.0279,0.8333,6.93
climate_crisis_preparedness_community_action_guidelines_multilang(saveas).pdf,6,ARABIC,1254,rapid_script,0.6587,0.9928,8.87
smart_factory_robot_malfunction_analysis(saveas).pdf,1,LATIN,686,tess_eng,0.9913,0.9913,1.22
smart_factory_robot_malfunction_analysis(saveas).pdf,1,LATIN,686,tess_all,0.9927,0.9619,2.11
smart_factory_robot_malfunction_analysis(saveas).pdf,1,LATIN,686,tess_script,0.9927,0.9927,1.25
smart_factory_robot_malfunction_analysis(saveas).pdf,1,LATIN,686,rapidocr,0.9927,0.9985,5.63
smart_factory_robot_malfunction_analysis(saveas).pdf,1,LATIN,686,rapid_script,0.9927,0.9971,5.83
smart_factory_robot_malfunction_analysis(saveas).pdf,2,HAN,234,tess_eng,0.1111,0.0942,1.28
smart_factory_robot_malfunction_analysis(saveas).pdf,2,HAN,234,tess_all,0.8376,0.8448,5.42
smart_factory_robot_malfunction_analysis(saveas).pdf,2,HAN,234,tess_script,0.9444,0.9404,1.11
smart_factory_robot_malfunction_analysis(saveas).pdf,2,HAN,234,rapidocr,0.9829,1.0,4.95
smart_factory_robot_malfunction_analysis(saveas).pdf,2,HAN,234,rapid_script,0.9829,1.0,3.27
smart_factory_robot_malfunction_analysis(saveas).pdf,3,DEVANAGARI,640,tess_eng,0.0391,0.0681,1.14
smart_factory_robot_malfunction_analysis(saveas).pdf,3,DEVANAGARI,640,tess_all,0.5344,0.6539,7.63
smart_factory_robot_malfunction_analysis(saveas).pdf,3,DEVANAGARI,640,tess_script,0.8016,0.8396,1.24
smart_factory_robot_malfunction_analysis(saveas).pdf,3,DEVANAGARI,640,rapidocr,0.0391,0.2688,3.01
smart_factory_robot_malfunction_analysis(saveas).pdf,3,DEVANAGARI,640,rapid_script,0.4906,0.8135,3.35
smart_factory_robot_malfunction_analysis(saveas).pdf,4,LATIN,836,tess_eng,0.9665,0.9654,1.57
smart_factory_robot_malfunction_analysis(saveas).pdf,4,LATIN,836,tess_all,0.988,0.9892,3.53
smart_factory_robot_malfunction_analysis(saveas).pdf,4,LATIN,836,tess_script,0.988,0.9892,2.04
smart_factory_robot_malfunction_analysis(saveas).pdf,4,LATIN,836,rapidocr,0.9988,0.9988,4.05
smart_factory_robot_malfunction_analysis(saveas).pdf,4,LATIN,836,rapid_script,0.9988,0.9988,3.47
smart_factory_robot_malfunction_analysis(saveas).pdf,5,LATIN,822,tess_eng,0.9793,0.9734,1.38
smart_factory_robot_malfunction_analysis(saveas).pdf,5,LATIN,822,tess_all,0.9891,0.9867,3.15
smart_factory_robot_malfunction_analysis(saveas).pdf,5,LATIN,822,tess_script,0.9891,0.9878,1.63
smart_factory_robot_malfunction_analysis(saveas).pdf,5,LATIN,822,rapidocr,0.9976,0.9988,3.64
smart_factory_robot_malfunction_analysis(saveas).pdf,5,LATIN,822,rapid_script,0.9951,0.9976,3.73
smart_factory_robot_malfunction_analysis(saveas).pdf,6,ARABIC,591,tess_eng,0.0288,0.0616,0.92
smart_factory_robot_malfunction_analysis(saveas).pdf,6,ARABIC,591,tess_all,0.8037,0.8829,4.16
smart_factory_robot_malfunction_analysis(saveas).pdf,6,ARABIC,591,tess_script,0.9171,0.9819,1.17
smart_factory_robot_malfunction_analysis(saveas).pdf,6,ARABIC,591,rapidocr,0.0338,0.5,3.26
smart_factory_robot_malfunction_analysis(saveas).pdf,6,ARABIC,591,rapid_script,0.7868,0.9979,4.28
