name	rust_exact_mems	micros
0000	5,6,7,8,9	3949
0001	6,7,8,9	3457
0002	7,9	13036
0003	5,6,7,8,9	3620
0004	7,8,9	4781
0005	7,8,9	10875
0006	7,8,9	6769
0007	7,9	8461
0008	7,8,9	9462
0009	3,4,5,6,7,8,9	377
0010	7	11458
0011	7	43390
0012	3,4,5,6,7,8,9	371
0013	7	15551
0014	6,7,9	5361
0015	3,4,5,6,7,8,9	356
0016	7	15735
0017	4,5,6,7,8,9	1315
0018	7	75927
0019	5,6,7,8,9	1642
0020	7	75519
0021	5,6,7,9	4530
0022	3,4,5,6,7,8,9	370
0023	7	23882
0024	4,5,6,7,8,9	991
0025	7	29551
0026	4,5,6,7,8,9	986
0027	7	42433
0028	7,8,9	2859
0029	7,9	8894
0030	7	11883
0031	3,4,5,6,7,8,9	538
0032	6,7,8,9	6643
0033	3,4,5,6,7,8,9	780
0034	7,8,9	10466
0035	3,4,5,6,7,8,9	780
0036	6,7,8,9	4587
0037	3,4,5,6,7,8,9	487
0038	7	18707
0039	4,5,6,7,8,9	959
0040	7	29448
0041	4,5,6,7,8,9	1040
0042	7	21780
0043	7,9	11682
0044	5,6,7,8,9	4770
0045	5,6,7,9	3104
0046	6,7,8,9	10835
0047	5,6,7,8,9	5176
0048	6,7,8,9	6459
0049	7,8,9	10064
0050	7	9114
0051	7	9357
0052	7	12162
0053	7,9	4888
0054	7	12577
0055	2,3,4,5,6,7,8,9	364
0056	7,8	7515
0057	7	24340
0058	7,8,9	9843
0059	7	47357
0060	3,4,5,6,7,8,9	478
0061	6,7,8,9	8581
0062	4,5,6,7,8,9	1616
0063	7	158975
0064	3,4,5,6,7,8,9	641
0065	7	28477
0066	7	67371
0067	3,4,5,6,7,8,9	546
0068	7,8,9	8192
0069	4,5,6,7,8,9	1708
0070	7	28002
0071	3,4,5,6,7,8,9	1038
0072	7	81436
0073	7,8,9	15120
0074	7,9	18920
0075	7,8	5108
0076	6,7,9	5158
0077	3,4,5,6,7,8,9	773
0078	7	20616
0079	3,4,5,6,7,8,9	406
0080	7,8,9	5401
0081	3,4,5,6,7,8,9	636
0082	7	9042
0083	4,5,6,7,8,9	948
0084	7	39789
0085	3,4,5,6,7,8,9	691
0086	7	34750
0087	7,8	10214
0088	7,8	4869
0089	5,6,7,8,9	3516
0090	7,8,9	15131
0091	7,8,9	5677
0092	7	4985
0093	7,8	14818
0094	7,9	7228
0095	7,8,9	8444
0096	7,9	7783
0097	7	12117
0098	7	14688
0099	7	29888
0100	7	43908
0101	4,5,6,7,8,9	1025
0102	7	63402
0103	4,5,6,7,8,9	612
0104	7	13920
0105	3,4,5,6,7,8,9	704
0106	7	56922
0107	3,4,5,6,7,8,9	665
0108	7	43588
0109	7	11584
0110	6,7,8	3408
0111	6,7,8,9	4719
0112	7	12549
0113	3,4,5,6,7,8,9	797
0114	7	16351
0115	3,4,5,6,7,8,9	710
0116	7	33370
0117	7	14419
0118	6,7,8,9	4588
0119	6,7,8,9	4171
0120	7	9133
0121	6,7,8,9	4417
0122	6,7,8,9	4711
0123	7,8,9	14276
0124	7,9	11058
0125	7	15012
0126	7	10743
0127	2,3,4,5,6,7,8,9	432
0128	7,9	9392
0129	7	39243
0130	7,9	6512
0131	7	26161
0132	3,4,5,6,7,8,9	338
0133	7	37861
0134	4,5,6,7,8,9	1377
0135	7	37582
0136	4,5,6,7,8,9	700
0137	7	76780
0138	3,4,5,6,7,8,9	472
0139	7,8	10133
0140	3,4,5,6,7,8,9	707
0141	7	38419
0142	3,4,5,6,7,8,9	629
0143	7,8,9	7068
0144	7	50327
0145	2,3,4,5,6,7,8,9	409
0146	7,9	9106
0147	7	18428
0148	7,9	13472
0149	3,4,5,6,7,8,9	739
0150	7,8,9	12785
0151	3,4,5,6,7,8,9	763
0152	7	24726
0153	3,4,5,6,7,8,9	731
0154	7,9	12250
0155	4,5,6,7,8,9	1035
0156	7	25270
0157	3,4,5,6,7,8,9	802
0158	7,9	7996
0159	7,8	11372
0160	6,7,8,9	5450
0161	7,8,9	3683
0162	7,8,9	9793
0163	6,7,8	4851
0164	7,8,9	6120
0165	7,8,9	10379
0166	7,9	7848
0167	7,9	11697
0168	7	13162
0169	7,8,9	8079
0170	7	50039
0171	7,9	8866
0172	7	27245
0173	3,4,5,6,7,8,9	728
0174	7,8,9	14732
0175	4,5,6,7,8,9	1652
0176	7	102792
0177	4,5,6,7,8,9	991
0178	7	94184
0179	3,4,5,6,7,8,9	482
0180	7,8	13724
0181	4,5,6,7,8,9	903
0182	7	18999
0183	3,4,5,6,7,8,9	1054
0184	7	57984
0185	2,3,4,5,6,7,8,9	482
0186	6,7,8,9	3259
0187	7	23975
0188	7	18068
0189	3,4,5,6,7,8,9	645
0190	7,8,9	6245
0191	3,4,5,6,7,8,9	658
0192	7,9	14087
0193	5,6,7,8,9	4265
0194	7,8,9	8019
0195	3,4,5,6,7,8,9	451
0196	7,9	11923
0197	4,5,6,7,8,9	1202
0198	7	56180
0199	3,4,5,6,7,8,9	982
0200	7,9	10826
0201	7,8,9	14445
0202	7,8,9	6779
0203	5,6,7,8,9	5021
0204	7,9	23046
0205	5,6,7,8,9	6368
0206	7,8,9	5711
0207	7,8,9	13113
0208	6,7,8,9	5437
0209	7,9	9493
0210	7,8,9	9431
0211	7,8,9	8196
0212	7	41910
0213	2,3,4,5,6,7,8,9	404
0214	7	26717
0215	6,7,9	5470
0216	3,4,5,6,7,8,9	586
0217	7	39008
0218	7	10335
0219	5,6,7,8,9	2094
0220	7	85743
0221	4,5,6,7,8,9	1524
0222	7	45713
0223	3,4,5,6,7,8,9	826
0224	7,8,9	8234
0225	4,5,6,7,8,9	985
0226	7,9	13196
0227	4,5,6,7,8,9	825
0228	7	29162
0229	7	10173
0230	7	10537
0231	7,8,9	9920
0232	6,7,9	4988
0233	3,4,5,6,7,8,9	668
0234	7	11508
0235	3,4,5,6,7,8,9	587
0236	6,7,8	4796
0237	3,4,5,6,7,8,9	616
0238	7,9	4065
0239	4,5,6,7,8,9	1005
0240	7	19176
0241	4,5,6,7,8,9	1163
0242	7	19469
0243	7,8,9	9893
0244	6,7,8,9	4630
0245	6,7,8,9	3607
0246	7,8,9	9318
0247	6,7,8,9	4745
0248	6,7,8,9	4756
0249	7,8	9416
0250	7	7388
0251	7	10322
0252	7	10502
0253	7,8,9	6621
0254	7	40058
0255	7	27064
0256	7,9	7905
0257	7	51191
0258	3,4,5,6,7,8,9	439
0259	7,8,9	5965
0260	4,5,6,7,8,9	1269
0261	7	47273
0262	4,5,6,7,8,9	1674
0263	7	151110
0264	3,4,5,6,7,8,9	408
0265	7,8,9	4860
0266	3,4,5,6,7,8,9	728
0267	7	32494
0268	4,5,6,7,8,9	816
0269	7	18998
0270	7	10753
0271	7	14577
0272	7	17075
0273	3,4,5,6,7,8,9	479
0274	7,8,9	4526
0275	3,4,5,6,7,8,9	1049
0276	7,9	14893
0277	3,4,5,6,7,8,9	1228
0278	7	26789
0279	3,4,5,6,7,8,9	529
0280	7,9	3594
0281	3,4,5,6,7,8,9	766
0282	7	26841
0283	3,4,5,6,7,8,9	764
0284	7	22521
0285	7,9	12841
0286	5,6,7,8,9	4205
0287	5,6,7,8,9	3615
0288	7,8,9	12088
0289	5,6,7,8,9	3954
0290	7,8,9	4614
0291	7,8,9	10120
0292	7	11724
0293	7,9	10370
0294	7	10149
0295	7,8	9584
0296	7,8,9	9260
0297	2,3,4,5,6,7,8,9	522
0298	7	46999
0299	2,3,4,5,6,7,8,9	269
0300	7,8	6413
0301	7	24790
0302	3,4,5,6,7,8,9	460
0303	7	18987
0304	7	41100
0305	3,4,5,6,7,8,9	372
0306	7	14036
0307	4,5,6,7,8,9	1280
0308	7	33852
0309	4,5,6,7,8,9	1242
0310	7	130118
0311	3,4,5,6,7,8,9	617
0312	7,9	9876
0313	4,5,6,7,8,9	918
0314	7	35196
0315	7	10024
0316	7,8	3652
0317	3,4,5,6,7,8,9	510
0318	7	12687
0319	7,8,9	3140
0320	3,4,5,6,7,8,9	471
0321	7,8,9	4891
0322	3,4,5,6,7,8,9	496
0323	7,9	7547
0324	3,4,5,6,7,8,9	598
0325	7,8,9	5681
0326	3,4,5,6,7,8,9	905
0327	7,9	8339
0328	4,5,6,7,8,9	893
0329	7	38065
0330	7	10482
0331	5,6,7,8,9	4302
0332	5,6,7,8,9	3398
0333	7,8,9	9936
0334	5,6,7,8,9	4193
0335	6,7,8,9	3572
0336	7,8,9	9581
0337	7,9	9194
0338	7,9	17217
0339	7,9	10359
0340	7	30075
0341	7	16098
0342	2,3,4,5,6,7,8,9	453
0343	7,8	7219
0344	7	26116
0345	2,3,4,5,6,7,8,9	328
0346	7,9	5937
0347	7	40037
0348	3,4,5,6,7,8,9	423
0349	7	14357
0350	4,5,6,7,8,9	1100
0351	7	49475
0352	4,5,6,7,8,9	879
0353	7	20628
0354	3,4,5,6,7,8,9	433
0355	6,7,8,9	4627
0356	3,4,5,6,7,8,9	911
0357	7	25471
0358	2,3,4,5,6,7,8,9	513
0359	7	45881
0360	3,4,5,6,7,8,9	787
0361	7	58523
0362	7	6789
0363	7	12183
0364	2,3,4,5,6,7,8,9	565
0365	7	16881
0366	3,4,5,6,7,8,9	545
0367	7	8474
0368	3,4,5,6,7,8,9	683
0369	7	12698
0370	2,3,4,5,6,7,8,9	393
0371	7,8,9	7161
0372	3,4,5,6,7,8,9	684
0373	7	15943
0374	4,5,6,7,8,9	960
0375	7	18991
0376	4,5,6,7,8,9	1038
0377	7	49968
0378	7,9	9906
0379	5,6,7,8,9	4196
0380	5,6,7,8,9	1830
0381	7	16555
0382	6,7,9	5413
0383	6,7,8,9	4631
0384	7	18283
0385	6,7,8,9	5945
0386	7,9	10206
0387	7,8,9	13746
0388	7	25891
0389	7	43934
0390	7,8,9	9020
0391	7,9	5184
0392	3,4,5,6,7,8,9	577
0393	7	14431
0394	4,5,6,7,8,9	1275
0395	7	34063
0396	5,6,7,8,9	2028
0397	7	212442
0398	3,4,5,6,7,8,9	563
0399	7,8,9	5962
0400	-	13823
0401	-	205032
0402	-	58389
0403	-	29477
0404	-	6713
0405	-	14715
0406	-	264516
0407	-	239722
0408	-	239495
0409	-	234492
0410	-	100279
0411	-	140042
0412	-	67059
0413	-	49127
0414	-	120247
0415	-	10749
0416	-	7376
0417	-	43234
0418	-	110594
0419	-	6657
0420	-	14411
0421	-	11039
0422	-	65804
0423	-	6011
0424	-	49189
0425	-	58784
0426	-	84983
0427	-	10996
0428	-	27835
0429	-	12040
0430	-	13269
0431	-	139139
0432	-	13485
0433	-	261036
0434	-	7165
0435	-	6983
0436	-	182344
0437	-	45323
0438	-	205768
0439	-	2470
0440	-	18165
0441	-	40840
0442	-	89646
0443	-	10280
0444	-	81117
0445	-	95648
0446	-	7674
0447	-	4758
0448	-	17429
0449	-	1174244
0450	-	71291
0451	-	5571
0452	-	42107
0453	-	69512
0454	-	66513
0455	-	9860
0456	-	57584
0457	-	175482
0458	-	201742
0459	-	4987
0460	-	238117
0461	-	244333
0462	-	278524
0463	-	240363
0464	-	236619
0465	-	260790
0466	-	237807
0467	-	247477
0468	-	245120
0469	-	235366
0470	-	239002
0471	-	238627
0472	-	268004
0473	-	283063
0474	-	20557
0475	-	163250
0476	-	95285
0477	-	108231
0478	-	15815
0479	-	110102
0480	-	7490
0481	-	10895
0482	-	64195
0483	-	1226343
0484	-	11058
0485	-	48499
0486	-	61167
0487	-	15874
0488	-	51454
0489	-	188907
0490	-	30483
0491	-	171448
0492	-	3917
0493	-	56516
0494	-	39045
0495	-	76981
0496	-	2764
0497	-	27394
0498	-	112044
0499	-	28969
0500	-	245146
0501	-	7999
0502	-	96004
0503	-	118846
0504	-	32583
0505	-	12716
0506	-	6521
0507	-	1201818
0508	-	5817
0509	-	75618
0510	-	57735
0511	-	12725
0512	-	10578
0513	-	7313
0514	-	203137
0515	-	35593
0516	-	85432
0517	-	10837
0518	-	37777
0519	-	242097
0520	-	266796
0521	-	271363
0522	-	233183
0523	-	238436
0524	-	105604
0525	-	44984
0526	-	83274
0527	-	32606
0528	-	88594
0529	-	9458
0530	-	6667
0531	-	93877
0532	-	22883
0533	-	6762
0534	-	5916
0535	-	13825
0536	-	3832
0537	-	17619
0538	-	6909
0539	-	71724
0540	-	71888
0541	-	18178
0542	-	11128
0543	-	7906
0544	-	197640
0545	-	171746
0546	-	169053
0547	-	210510
0548	-	195633
0549	-	28691
0550	-	123559
0551	-	71640
0552	-	13483
0553	-	116287
0554	-	42450
0555	-	2787
0556	-	30362
0557	-	28968
0558	-	102711
0559	-	11808
0560	-	18676
0561	-	91502
0562	-	95518
0563	-	7340
0564	-	5558
0565	-	1207954
0566	-	67494
0567	-	7151
0568	-	10204
0569	-	54363
0570	-	84893
0571	-	10755
0572	-	6951
0573	-	209296
0574	-	174409
0575	-	30673
0576	-	182598
0577	-	276666
0578	-	364
0579	-	7055
0580	-	56226
0581	-	164942
0582	-	2962
0583	-	26256
0584	-	112104
0585	-	35761
0586	-	10144
0587	-	17944
0588	-	101028
0589	-	98188
0590	-	9950
0591	-	7116
0592	-	90020
0593	-	1278984
0594	-	12729
0595	-	13096
0596	-	97610
0597	-	55285
0598	-	11096
0599	-	8815
0600	-	8531
0601	-	245229
0602	-	14052
0603	-	155369
0604	-	63497
0605	-	193986
0606	-	6123
0607	-	35190
0608	-	168914
0609	-	56524
0610	-	38294
0611	-	113694
0612	-	10442
0613	-	27665
0614	-	9696
0615	-	112929
0616	-	5892
0617	-	14658
0618	-	79598
0619	-	9095
0620	-	7215
0621	-	66040
0622	-	14810
0623	-	86888
0624	-	14482
0625	-	92610
0626	-	16731
0627	-	203539
0628	-	38533
0629	-	256615
0630	-	37859
0631	-	96974
0632	-	25817
0633	-	67840
0634	-	18269
0635	-	46539
0636	-	263769
0637	-	92626
0638	-	9117
0639	-	27746
0640	-	86987
0641	-	99556
0642	-	5601
0643	-	11854
0644	-	1190148
0645	-	8577
0646	-	4606
0647	-	44031
0648	-	50512
0649	-	72665
0650	-	9492
0651	-	190155
0652	-	8768
0653	-	28289
0654	-	81861
0655	-	31412
0656	-	37930
0657	-	212907
0658	-	2429
0659	-	19201
0660	-	32105
0661	-	109009
0662	-	14030
0663	-	80971
0664	-	20029
0665	-	93266
0666	-	8711
0667	-	63309
0668	-	1142853
0669	-	7119
0670	-	9215
0671	-	9554
0672	-	52613
0673	-	117877
0674	-	14038
0675	-	60794
0676	-	229778
0677	-	29155
0678	-	166023
0679	-	208445
0680	-	113831
0681	-	176033
0682	-	104409
0683	-	148436
0684	-	34525
0685	-	110879
0686	-	28297
0687	-	12244
0688	-	29490
0689	-	104245
0690	-	100077
0691	-	8075
0692	-	9467
0693	-	71204
0694	-	1229839
0695	-	7227
0696	-	51717
0697	-	85849
0698	-	54955
0699	-	11941
0700	-	26852
0701	-	231461
0702	-	201741
0703	-	203816
0704	-	12788
0705	-	82694
0706	-	58586
0707	-	35987
0708	-	65511
0709	-	89848
0710	-	27649
0711	-	37157
0712	-	12541
0713	-	102300
0714	-	92425
0715	-	25418
0716	-	9045
0717	-	75096
0718	-	1235935
0719	-	14008
0720	-	6543
0721	-	88494
0722	-	55960
0723	-	14787
0724	-	11842
0725	-	9326
0726	-	28963
0727	-	240993
0728	-	15591
0729	-	183083
0730	-	15295
0731	-	5762
0732	-	9442
0733	-	150561
0734	-	31256
0735	-	199420
0736	-	2885
0737	-	26394
0738	-	143728
0739	-	95563
0740	-	11987
0741	-	7165
0742	-	21290
0743	-	100387
0744	-	7648
0745	-	76093
0746	-	19841
0747	-	14451
0748	-	5463
0749	-	50816
0750	-	87378
0751	-	16094
0752	-	11945
0753	-	50332
0754	-	31822
0755	-	277884
0756	-	17325
0757	-	166315
0758	-	201391
0759	-	7372
0760	-	51289
0761	-	268738
0762	-	247498
0763	-	252618
0764	-	251004
0765	-	254986
0766	-	259265
0767	-	240927
0768	-	248547
0769	-	242729
0770	-	167673
0771	-	81759
0772	-	54564
0773	-	12711
0774	-	27672
0775	-	99087
0776	-	7367
0777	-	9117
0778	-	70005
0779	-	7164
0780	-	42942
0781	-	92954
0782	-	12177
0783	-	221814
0784	-	15872
0785	-	74691
0786	-	22513
0787	-	263770
0788	-	264590
0789	-	225427
0790	-	248340
0791	-	260939
0792	-	235522
0793	-	256825
0794	-	233331
0795	-	234384
0796	-	239133
0797	-	258609
0798	-	259176
0799	-	94535
